Time (msec),A/F Correction #1 (%),A/F Learning #1 (%),A/F Sensor #1 (AFR),Battery Voltage (V),Coolant Temperature (F),Engine Load (Calculated) (g/rev),Engine Speed (rpm),Feedback Knock Correction* (degrees),Fine Learning Knock Correction* (degrees),Fuel Pump Duty (%),IAM* (raw ecu value),Ignition Total Timing (degrees),Injector Duty Cycle (%),Intake Air Temperature (F),Manifold Absolute Pressure (psi),Manifold Relative Pressure (psi),Mass Airflow Sensor Voltage (V),Primary Wastegate Duty Cycle (%),Throttle Opening Angle (%)
0,-7.03,-0.78,15.04,13.36,176,0.24,1222,0.00,0.00,33.33,16,12.00,1.30,109,4.35,-10.45,1.40,0.00,0.00
256,-6.25,-0.78,15.04,13.60,176,0.25,1208,0.00,0.00,33.33,16,14.50,1.29,108,4.50,-10.30,1.40,0.00,0.00
513,-4.69,-0.78,15.27,13.60,176,0.24,1209,0.00,0.00,33.33,16,14.00,1.29,108,4.50,-10.30,1.40,0.00,0.00
770,-3.91,-0.78,15.27,13.68,176,0.25,1196,0.00,0.00,33.33,16,14.00,1.28,108,4.64,-10.16,1.40,0.00,0.00
1028,-2.34,-0.78,15.39,13.60,176,0.24,1192,0.00,0.00,33.33,16,14.00,1.27,108,4.64,-10.16,1.40,0.00,0.00
1285,-0.78,-0.78,15.62,13.60,176,0.24,1183,0.00,0.00,33.33,16,14.00,1.26,108,4.64,-10.16,1.38,0.00,0.00
1543,0.00,-0.78,15.50,13.60,176,0.24,1175,0.00,0.00,33.33,16,15.50,1.24,108,4.64,-10.16,1.38,0.00,0.00
1800,1.56,-0.78,15.39,13.60,176,0.24,1184,0.00,0.00,33.33,16,13.00,1.26,108,4.50,-10.30,1.38,0.00,0.00
2056,1.56,-0.78,15.04,13.60,176,0.23,1168,0.00,0.00,33.33,16,13.50,1.25,108,4.35,-10.45,1.36,0.00,0.00
2313,0.78,-0.78,14.70,13.60,176,0.23,1171,0.00,0.00,33.33,16,13.00,1.25,108,4.35,-10.45,1.36,0.00,0.00
2570,0.78,-0.78,14.47,13.68,176,0.22,1186,0.00,0.00,33.33,16,11.50,1.27,108,4.35,-10.45,1.34,0.00,0.00
2827,-0.78,-0.78,14.24,13.68,176,0.22,1180,0.00,0.00,33.33,16,13.00,1.26,108,4.35,-10.45,1.36,0.00,0.00
3084,-2.34,-0.78,14.24,13.68,176,0.22,1186,0.00,0.00,33.33,16,13.00,1.26,108,4.35,-10.45,1.36,0.00,0.00
3340,-3.91,-0.78,14.13,13.60,176,0.23,1155,0.00,0.00,33.33,16,13.50,1.23,108,4.35,-10.45,1.34,0.00,0.00
3598,-5.47,-0.78,14.01,13.68,176,0.23,1154,0.00,0.00,33.33,16,14.50,1.23,108,4.35,-10.45,1.36,0.00,0.00
3855,-7.03,-0.78,14.13,13.68,176,0.23,1146,0.00,0.00,33.33,16,15.00,1.22,108,4.35,-10.45,1.36,0.00,0.00
4112,-7.81,-0.78,14.13,13.60,176,0.23,1132,0.00,0.00,33.33,16,16.00,1.21,108,4.35,-10.45,1.34,0.00,0.00
4369,-8.59,-0.78,14.24,13.60,176,0.23,1129,0.00,0.00,33.33,16,15.50,1.20,108,4.50,-10.30,1.36,0.00,0.00
4626,-9.38,-0.78,14.36,13.60,176,0.23,1134,0.00,0.00,33.33,16,15.00,1.20,108,4.50,-10.30,1.34,0.00,0.00
4883,-10.16,-0.78,14.47,13.60,176,0.21,1122,0.00,0.00,33.33,16,15.00,1.20,108,4.35,-10.59,1.30,0.00,0.00
5140,-10.94,-0.78,14.47,13.60,178,0.20,1123,0.00,0.00,33.33,16,14.00,1.20,108,4.21,-10.59,1.30,0.00,0.00
5397,-12.50,-1.56,14.01,13.60,178,0.21,1116,0.00,0.00,33.33,16,13.50,1.19,108,4.21,-10.59,1.30,0.00,0.00
5654,-15.62,-1.56,13.44,13.60,178,0.21,1099,0.00,0.00,33.33,16,14.00,1.17,108,4.21,-10.59,1.30,0.00,0.00
5911,-18.75,-1.56,13.32,13.68,178,0.21,1099,0.00,0.00,33.33,16,15.50,1.17,108,4.21,-10.59,1.30,0.00,0.00
6168,-21.09,-1.56,12.98,13.60,178,0.21,1100,0.00,0.00,33.33,16,14.50,1.17,108,4.21,-10.59,1.30,0.00,0.00
6424,-21.09,-1.56,13.09,13.68,178,0.21,1108,0.00,0.00,33.33,16,13.50,1.18,108,4.21,-10.59,1.30,0.00,0.00
6681,-21.09,-1.56,13.09,13.68,178,0.21,1099,0.00,0.00,33.33,16,13.00,1.17,108,4.21,-10.59,1.30,0.00,0.00
6939,-21.09,-1.56,12.98,13.68,178,0.21,1098,0.00,0.00,33.33,16,13.00,1.17,108,4.21,-10.59,1.30,0.00,0.00
7196,-21.09,-1.56,13.09,13.68,178,0.21,1093,0.00,0.00,33.33,16,13.50,1.17,108,4.21,-10.59,1.30,0.00,0.00
7453,-21.88,-1.56,13.09,13.60,178,0.21,1094,0.00,0.00,33.33,16,13.00,1.17,108,4.21,-10.59,1.30,0.00,0.00
7709,-21.88,-1.56,13.55,13.52,178,0.21,1094,0.00,0.00,33.33,16,13.00,1.17,108,4.21,-10.59,1.30,0.00,0.00
7966,-21.88,-1.56,13.67,13.52,178,0.22,1080,0.00,0.00,33.33,16,14.50,1.15,108,4.21,-10.59,1.30,0.00,0.00
8223,-21.09,-1.56,13.55,13.52,178,0.27,1084,0.00,0.00,33.33,16,26.00,1.14,108,4.35,-10.30,1.36,0.00,1.96
8480,-21.09,-0.78,13.78,13.60,178,0.35,1177,0.00,0.00,33.33,16,41.50,1.26,108,5.08,-9.72,1.52,0.00,3.53
8737,-20.31,-0.78,14.70,13.52,178,0.37,1201,0.00,0.00,33.33,16,26.00,1.54,108,5.95,-8.85,1.56,0.00,3.92
8994,-1.56,1.56,18.38,13.60,178,0.39,1177,0.00,0.00,33.33,16,26.00,1.76,108,6.53,-8.27,1.58,0.00,4.31
9251,13.28,1.56,18.03,13.60,178,0.37,1352,0.00,0.00,33.33,16,32.00,2.02,108,6.53,-8.27,1.62,0.00,4.71
9509,12.50,1.56,15.62,13.60,178,0.36,1478,0.00,0.00,33.33,16,41.00,2.21,108,6.24,-8.56,1.66,0.00,5.10
9766,15.62,1.56,14.59,13.52,178,0.38,1473,0.00,0.00,33.33,16,26.00,2.20,108,6.24,-8.56,1.66,0.00,5.10
10023,14.06,1.56,13.90,13.52,178,0.42,1352,0.00,0.00,33.33,16,26.00,2.31,109,6.67,-8.13,1.68,0.00,5.49
10280,11.72,1.56,13.32,13.52,178,0.44,1292,0.00,0.00,33.33,16,30.50,2.21,109,6.96,-7.84,1.70,0.00,5.49
10537,8.59,1.56,13.44,13.60,178,0.45,1312,0.00,0.00,33.33,16,29.50,2.24,109,7.40,-7.40,1.72,0.00,5.49
10794,3.12,2.34,13.44,13.52,178,0.45,1373,0.00,0.00,33.33,16,26.00,2.34,109,7.40,-7.40,1.72,0.00,5.49
11050,0.78,3.12,14.13,13.52,178,0.44,1404,0.00,0.00,33.33,16,31.00,2.40,109,7.40,-7.40,1.72,0.00,5.49
11308,-0.78,3.12,14.36,13.60,178,0.43,1443,0.00,0.00,33.33,16,26.00,2.13,109,7.40,-7.55,1.72,0.00,5.49
11564,-0.78,3.91,14.59,13.52,178,0.44,1410,0.00,0.00,33.33,16,26.00,2.49,109,7.25,-7.55,1.74,0.00,5.49
11822,-0.78,3.91,14.70,13.52,178,0.43,1375,0.00,0.00,33.33,16,26.00,2.05,109,7.25,-7.55,1.72,0.00,5.10
12077,-0.78,3.91,14.70,13.60,178,0.43,1346,0.00,0.00,33.33,16,26.00,2.01,109,7.25,-7.55,1.70,0.00,4.71
12336,-1.56,3.91,14.70,13.60,178,0.42,1326,0.00,0.00,33.33,16,31.50,1.98,109,7.11,-7.69,1.68,0.00,4.71
12593,-0.78,1.56,14.93,13.60,178,0.41,1307,0.00,0.00,33.33,16,26.00,1.95,109,6.96,-7.84,1.66,0.00,4.31
12849,0.78,1.56,15.04,13.60,178,0.44,1232,0.00,0.00,33.33,16,29.00,1.84,109,7.11,-7.69,1.66,0.00,4.31
13106,0.78,1.56,14.93,13.60,178,0.46,1166,0.00,0.00,33.33,16,32.00,1.74,109,7.40,-7.40,1.64,0.00,4.31
13364,-1.56,1.56,14.47,13.60,178,0.46,1164,0.00,0.00,33.33,16,41.00,1.74,109,7.84,-6.96,1.66,0.00,4.31
13620,-2.34,1.56,14.47,13.68,178,0.42,1258,0.00,0.00,33.33,16,41.00,1.88,109,7.55,-7.25,1.66,0.00,4.31
13877,-1.56,1.56,14.93,13.68,178,0.42,1313,0.00,0.00,33.33,16,41.00,1.96,109,7.11,-7.69,1.66,0.00,4.31
14134,2.34,1.56,15.50,13.60,178,0.40,1374,0.00,0.00,33.33,16,34.00,2.05,109,6.82,-7.98,1.66,0.00,4.31
14390,5.47,1.56,15.39,13.60,178,0.39,1355,0.00,0.00,33.33,16,29.50,2.12,109,6.82,-7.98,1.66,0.00,4.31
14647,3.91,1.56,14.70,13.52,178,0.38,1437,0.00,0.00,33.33,16,39.50,2.18,109,6.67,-8.13,1.68,0.00,4.71
14904,3.12,1.56,14.59,13.60,178,0.38,1504,0.00,0.00,33.33,16,33.00,2.25,109,6.53,-8.27,1.68,0.00,4.71
15160,3.12,1.56,14.70,13.68,178,0.37,1548,0.00,0.00,33.33,16,26.00,2.31,109,6.53,-8.27,1.70,0.00,4.71
15418,3.12,1.56,14.70,13.68,178,0.37,1616,0.00,0.00,33.33,16,31.50,2.41,109,6.24,-8.56,1.70,0.00,4.71
15675,2.34,2.34,14.59,13.68,178,0.38,1660,0.00,0.00,33.33,16,30.50,2.48,109,6.09,-8.71,1.72,0.00,5.49
15931,2.34,3.12,14.70,13.68,178,0.38,1723,0.00,0.00,33.33,16,41.00,2.57,109,5.95,-8.85,1.76,0.00,5.49
16188,1.56,3.12,14.70,13.68,178,0.38,1769,0.00,0.00,33.33,16,26.00,2.64,109,6.09,-8.71,1.78,0.00,6.27
16445,1.56,3.91,14.70,13.68,178,0.41,1833,0.00,0.00,33.33,16,26.00,2.74,108,6.38,-8.42,1.84,0.00,7.06
16703,1.56,3.91,14.59,13.68,178,0.42,1915,0.00,0.00,33.33,16,32.50,2.86,108,6.67,-8.13,1.88,0.00,7.45
16960,0.78,6.25,14.47,13.68,178,0.41,2002,0.00,0.00,33.33,16,29.50,2.99,108,6.82,-7.98,1.90,0.00,7.45
17216,-1.56,6.25,14.36,13.52,178,0.42,2074,0.00,0.00,33.33,16,26.00,3.10,108,6.82,-7.98,1.90,0.00,7.84
17472,-0.78,6.25,14.70,13.52,178,0.42,2143,0.00,0.00,33.33,16,26.00,3.20,108,6.82,-7.98,1.94,0.00,8.63
17730,0.00,6.25,14.81,13.60,178,0.45,2286,0.00,0.00,33.33,16,29.50,3.35,108,6.82,-7.84,1.98,0.00,9.80
17987,1.56,6.25,14.81,13.60,178,0.48,2363,0.00,0.00,33.33,16,41.50,3.96,108,7.40,-7.40,2.06,0.00,10.98
18245,2.34,6.25,14.81,13.60,178,0.49,2416,0.00,0.00,33.33,16,28.00,4.12,108,7.69,-7.11,2.10,0.00,11.76
18502,2.34,6.25,14.70,13.60,178,0.51,2534,0.00,0.00,33.33,16,32.00,4.32,108,7.55,-7.25,2.16,0.00,12.55
18759,3.12,6.25,14.70,13.60,178,0.52,2708,0.00,0.00,33.33,16,41.50,4.62,108,7.69,-7.11,2.20,0.39,12.94
19016,3.12,6.25,14.59,13.60,178,0.53,2772,0.00,0.00,33.33,16,31.00,4.73,108,7.84,-6.96,2.22,0.78,13.73
19272,2.34,6.25,14.59,13.52,178,0.52,2938,0.00,0.00,66.67,16,28.50,5.64,108,7.98,-6.82,2.24,1.18,13.73
19530,-0.78,6.25,14.36,13.52,178,0.51,3066,0.00,0.00,66.67,16,43.50,5.23,108,7.98,-6.82,2.26,1.18,14.12
19787,-0.78,6.25,14.70,13.52,178,0.51,3147,0.00,0.00,66.67,16,28.50,5.37,108,7.98,-6.82,2.28,1.57,14.12
20044,-0.78,6.25,14.59,13.52,178,0.51,3232,0.00,0.00,66.67,16,30.50,5.52,108,7.98,-6.82,2.30,1.57,14.12
20301,0.00,6.25,14.70,13.52,178,0.49,3354,0.00,0.00,66.67,16,28.00,5.72,109,7.98,-6.82,2.30,1.57,14.12
20558,0.00,6.25,14.70,13.28,178,0.44,3438,0.00,0.00,66.67,16,31.50,5.87,109,7.55,-7.25,2.30,0.00,0.00
20816,0.00,6.25,12.17,13.36,178,0.15,3313,0.00,0.00,66.67,16,21.50,0.00,109,2.90,-11.90,1.44,0.00,0.00
21073,0.00,5.47,12.86,13.36,178,0.14,2873,0.00,0.00,66.67,16,17.50,0.00,109,2.90,-11.90,1.54,0.00,0.00
21329,0.00,6.25,22.05,13.52,178,0.76,2427,0.00,0.00,33.33,16,20.00,5.08,109,5.37,-6.67,2.14,0.00,16.47
21586,0.00,6.25,16.19,13.44,178,0.75,2041,0.00,0.00,33.33,16,30.50,4.79,109,11.46,-3.34,2.28,3.53,16.47
21844,1.56,6.25,15.39,13.52,178,0.73,2099,0.00,0.00,33.33,16,37.00,4.93,109,11.90,-2.90,2.26,3.53,16.86
22101,11.72,6.25,14.81,13.52,178,0.76,2190,0.00,0.00,33.33,16,45.00,5.14,109,11.90,-2.90,2.28,3.92,17.25
22357,13.28,6.25,14.01,13.52,178,0.76,2303,0.00,0.00,33.33,16,37.50,5.90,109,11.90,-2.90,2.34,4.31,17.65
22622,13.28,6.25,13.78,13.52,178,0.76,2341,0.00,0.00,33.33,16,31.00,5.99,109,11.90,-2.90,2.36,4.71,18.43
22880,7.03,6.25,13.78,13.52,178,0.77,2418,0.00,0.00,33.33,16,31.00,5.67,109,12.04,-2.76,2.38,5.10,18.82
23136,5.47,6.25,14.36,13.52,178,0.77,2547,0.00,0.00,33.33,16,44.50,5.98,111,11.90,-2.90,2.42,5.10,18.82
23393,4.69,6.25,14.70,13.52,178,0.78,2569,0.00,0.00,33.33,16,36.00,6.03,111,11.90,-2.90,2.44,5.49,18.82
23651,4.69,6.25,14.59,13.60,178,0.77,2721,0.00,0.00,33.33,16,36.50,6.39,111,11.75,-3.05,2.46,5.49,19.22
23907,3.91,6.25,14.70,13.36,178,0.78,2757,0.00,0.00,66.67,16,35.00,6.47,111,11.75,-3.05,2.48,5.49,19.22
24164,2.34,6.25,14.36,13.36,178,0.77,2758,0.00,0.00,66.67,16,31.00,6.77,111,11.61,-3.19,2.50,5.49,19.22
24421,0.78,6.25,14.47,13.44,178,0.78,2916,0.00,0.00,66.67,16,36.50,6.84,111,11.61,-3.19,2.52,5.49,19.22
24677,-1.56,6.25,14.47,13.44,178,0.77,2977,0.00,0.00,66.67,16,46.00,7.02,111,11.61,-3.19,2.52,5.49,19.22
24935,-1.56,6.25,14.70,13.44,178,0.74,3066,0.00,0.00,66.67,16,45.00,7.19,111,11.61,-3.19,2.54,5.49,19.22
25191,-2.34,6.25,14.59,13.44,178,0.75,3151,0.00,0.00,66.67,16,31.00,6.72,111,11.61,-3.19,2.54,5.49,19.22
25448,-2.34,6.25,14.70,13.52,178,0.73,3213,0.00,0.00,66.67,16,31.00,6.85,109,11.46,-3.34,2.54,5.49,18.82
25704,-2.34,6.25,14.70,13.52,178,0.73,3274,0.00,0.00,66.67,16,31.00,6.98,109,11.46,-3.34,2.56,5.49,19.22
25961,-1.56,6.25,14.70,13.52,178,0.72,3333,0.00,0.00,66.67,16,45.50,7.11,109,11.32,-3.48,2.56,5.49,19.22
26218,-1.56,6.25,14.59,13.52,178,0.72,3395,0.00,0.00,66.67,16,31.00,7.24,109,11.32,-3.48,2.56,5.49,19.22
26474,-2.34,6.25,14.70,13.52,178,0.71,3432,0.00,0.00,66.67,16,34.00,7.32,109,11.17,-3.63,2.58,5.49,19.22
26730,-0.78,6.25,14.70,13.52,178,0.70,3510,0.00,0.00,66.67,16,45.00,7.49,109,11.17,-3.63,2.58,5.49,19.22
26988,-0.78,6.25,14.70,13.28,178,0.69,3538,0.00,0.00,66.67,16,31.00,7.68,109,11.03,-3.77,2.60,5.49,19.22
27244,0.00,6.25,14.81,13.36,178,0.69,3589,0.00,0.00,66.67,16,30.50,7.79,109,10.88,-3.92,2.60,5.49,19.22
27501,0.00,6.25,14.59,13.36,178,0.70,3687,0.00,0.00,66.67,16,30.50,7.92,109,10.88,-3.92,2.62,5.49,19.22
27785,0.00,6.25,14.59,13.44,178,0.74,3724,0.00,0.00,66.67,16,31.00,7.94,109,10.74,-4.06,2.62,5.49,19.22
28042,0.78,6.25,14.59,13.44,178,0.70,3782,0.00,0.00,66.67,16,31.00,8.17,109,10.74,-4.06,2.64,5.49,19.22
28299,-0.78,6.25,14.47,13.44,178,0.69,3850,0.00,0.00,66.67,16,34.00,8.21,109,10.59,-4.21,2.64,5.49,18.43
28556,-3.91,6.25,11.94,13.52,178,0.34,3822,0.00,0.00,66.67,16,30.00,4.89,109,4.79,-10.01,2.10,0.00,0.00
28813,0.00,6.25,11.83,13.52,178,0.24,3453,0.00,0.00,66.67,16,16.50,0.00,109,3.34,-11.46,1.96,0.00,0.00
29070,0.00,6.25,15.85,13.52,178,0.21,2947,0.00,0.00,66.67,16,15.50,0.00,109,3.77,-11.03,1.54,0.00,9.41
29326,0.00,6.25,22.05,13.68,178,0.81,2750,0.00,0.00,33.33,16,31.00,6.45,109,10.45,-4.35,2.50,5.88,19.61
29583,0.78,6.25,16.08,13.60,178,0.79,2716,0.00,0.00,33.33,16,38.00,6.37,108,11.61,-3.19,2.50,6.27,20.78
29840,14.84,6.25,14.81,13.44,178,0.82,2760,0.00,0.00,66.67,16,37.50,7.66,108,12.19,-2.61,2.52,7.06,21.18
30097,14.84,6.25,13.44,13.52,178,0.84,2845,0.00,0.00,66.67,16,37.00,7.89,108,12.33,-2.47,2.56,7.45,21.18
30354,10.94,6.25,13.44,13.36,178,0.85,2864,0.00,0.00,66.67,16,39.00,7.94,108,12.62,-2.18,2.58,7.45,21.57
30610,7.03,6.25,13.67,13.44,178,0.86,2915,0.00,0.00,66.67,16,45.50,7.46,108,12.77,-2.03,2.60,7.84,21.96
30867,-0.78,6.25,14.13,13.44,178,0.86,2948,0.00,0.00,66.67,16,45.00,7.59,108,12.77,-1.89,2.62,7.84,21.96
31124,-2.34,6.25,14.59,13.44,178,0.86,2966,0.00,0.00,66.67,16,31.00,7.59,108,12.91,-1.89,2.62,7.84,21.96
31381,-3.12,6.25,14.47,13.44,178,0.86,3064,0.00,0.00,66.67,16,31.00,7.84,108,12.91,-1.89,2.62,7.84,21.96
31638,-2.34,6.25,14.70,13.44,178,0.85,3058,0.00,0.00,66.67,16,34.00,7.83,108,12.91,-1.89,2.62,7.84,21.96
31895,-1.56,6.25,14.70,13.52,178,0.85,3096,0.00,0.00,66.67,16,31.00,7.93,108,12.91,-1.89,2.64,7.84,21.96
32151,-2.34,6.25,14.59,13.44,178,0.85,3133,0.00,0.00,66.67,16,33.50,7.35,108,13.06,-1.74,2.64,7.45,21.57
32409,-3.12,6.25,14.47,13.52,178,0.84,3200,0.00,0.00,66.67,16,45.00,7.51,108,13.06,-1.74,2.64,7.84,21.57
32666,-3.91,6.25,14.59,13.52,178,0.84,3228,0.00,0.00,66.67,16,46.00,7.58,108,12.91,-1.89,2.64,7.84,21.57
32923,-3.12,6.25,14.70,13.52,178,0.84,3241,0.00,0.00,66.67,16,46.00,7.61,106,12.91,-1.89,2.66,7.84,21.96
33179,-3.12,6.25,14.70,13.44,178,0.84,3291,0.00,0.00,66.67,16,31.00,7.72,106,12.91,-1.89,2.68,7.45,21.57
33436,-3.91,6.25,14.59,13.52,178,0.85,3296,0.00,0.00,66.67,16,31.00,7.74,106,12.91,-1.89,2.66,7.45,21.57
33693,-3.12,6.25,14.59,13.36,178,0.85,3381,0.00,0.00,66.67,16,33.50,7.78,106,12.91,-1.89,2.68,7.45,21.57
33951,-3.12,6.25,14.59,13.36,178,0.82,3337,0.00,0.00,66.67,16,31.00,7.98,106,12.77,-2.03,2.68,7.45,21.18
34207,-1.56,6.25,14.81,13.44,178,0.82,3431,0.00,0.00,66.67,16,31.00,8.07,106,12.77,-2.03,2.68,7.45,21.18
34464,-2.34,6.25,14.70,13.44,178,0.81,3431,0.00,0.00,66.67,16,36.00,8.05,106,12.62,-2.18,2.68,7.45,21.18
34721,-2.34,6.25,14.70,13.44,178,0.81,3453,0.00,0.00,66.67,16,38.50,8.10,106,12.62,-2.18,2.70,7.45,21.18
34979,-2.34,6.25,14.59,13.52,178,0.81,3510,0.00,0.00,66.67,16,46.00,8.24,106,12.62,-2.18,2.68,7.06,21.18
35236,-3.12,6.25,14.59,13.44,178,0.80,3539,0.00,0.00,66.67,16,37.50,8.31,106,12.33,-2.47,2.68,7.06,20.78
35494,0.00,6.25,14.36,13.52,178,0.78,3582,0.00,0.00,66.67,16,31.00,8.40,106,12.33,-2.47,2.68,7.06,20.78
35751,0.00,6.25,14.01,13.52,178,0.80,3573,0.00,0.00,66.67,16,31.00,8.38,106,12.33,-2.47,2.70,7.06,20.78
36007,0.00,6.25,14.01,13.52,178,0.80,3609,0.00,0.00,66.67,16,31.00,8.47,106,12.19,-2.61,2.70,6.67,20.78
36265,0.00,6.25,14.13,13.20,178,0.77,3689,0.00,0.00,66.67,16,34.00,8.51,106,11.90,-2.90,2.70,5.88,19.22
36522,-3.12,6.25,11.83,13.28,178,0.37,3612,0.00,0.00,66.67,16,24.50,4.54,106,4.21,-10.59,1.86,0.00,0.00
36779,0.00,6.25,11.71,13.28,178,0.28,3294,0.00,0.00,66.67,16,20.00,0.00,106,3.34,-11.46,1.78,0.00,0.00
37036,0.00,6.25,14.70,13.36,178,0.19,2862,0.00,0.00,66.67,16,4.50,0.00,106,3.48,-11.32,1.88,0.00,5.88
37293,0.00,6.25,21.36,13.44,178,0.92,2576,0.00,0.00,33.33,16,6.00,6.60,106,11.90,-2.90,2.60,4.31,23.92
37551,0.00,6.25,16.08,13.52,178,0.91,2576,0.00,0.00,33.33,16,21.50,6.60,106,13.35,-1.45,2.54,9.80,24.31
37808,13.28,6.25,15.16,13.52,178,0.93,2584,0.00,0.00,33.33,16,31.00,7.72,106,13.64,-1.16,2.56,10.20,24.71
38065,15.62,6.25,13.90,13.52,178,0.95,2579,0.00,0.00,33.33,16,36.50,7.70,106,14.07,-0.73,2.56,10.20,25.88
38322,13.28,6.25,13.44,13.52,178,0.95,2628,0.00,0.00,33.33,16,34.00,7.85,106,14.36,-0.44,2.58,10.20,26.27
38580,10.94,6.25,13.55,13.52,178,0.97,2631,0.00,0.00,33.33,16,38.00,7.86,106,14.51,-0.29,2.60,10.20,26.67
38836,3.12,6.25,14.01,13.52,178,0.97,2665,0.00,0.00,33.33,16,45.50,7.39,106,14.65,0.00,2.62,10.20,27.06
39095,1.56,6.25,14.47,13.60,178,0.98,2658,0.00,0.00,33.33,16,44.50,7.37,106,14.80,0.00,2.62,10.20,26.67
39352,0.78,6.25,14.47,13.60,178,0.99,2689,0.00,0.00,33.33,16,31.00,7.46,106,14.80,0.15,2.64,10.20,26.67
39609,1.56,6.25,14.70,13.60,178,1.00,2721,0.00,0.00,33.33,16,45.00,7.55,106,14.80,0.15,2.66,10.20,26.67
39867,-0.78,6.25,14.59,13.36,178,0.99,2693,0.00,0.00,33.33,16,44.50,7.65,106,14.80,0.15,2.66,10.20,26.67
40124,-0.78,6.25,14.70,13.44,178,0.98,2783,0.00,0.00,33.33,16,44.50,7.72,106,14.80,0.15,2.66,10.20,26.67
40381,0.78,6.25,14.81,13.44,178,1.00,2771,0.00,0.00,33.33,16,45.50,7.63,106,14.95,0.29,2.68,10.20,26.67
40638,0.00,6.25,14.59,13.44,178,1.01,2768,0.00,0.00,66.67,16,31.00,7.71,106,14.95,0.29,2.68,10.20,26.67
40895,-0.78,6.25,14.24,13.36,178,1.01,2795,0.00,0.00,66.67,16,45.00,7.75,106,14.95,0.29,2.70,10.20,26.27
41152,-3.12,6.25,14.70,13.36,178,1.01,2849,0.00,0.00,66.67,16,31.00,7.90,106,14.95,0.29,2.70,10.20,26.27
41410,-3.12,6.25,14.81,13.44,178,1.02,2858,0.00,0.00,66.67,16,45.00,7.93,106,14.95,0.29,2.70,10.20,26.27
41667,-2.34,6.25,14.81,13.44,178,0.98,2840,0.00,0.00,66.67,16,31.00,7.87,106,14.95,0.29,2.70,10.20,26.27
41925,-2.34,6.25,14.59,13.44,178,1.01,2873,0.00,0.00,66.67,16,31.00,7.97,106,14.95,0.29,2.70,10.20,25.49
42182,-3.12,6.25,14.70,13.44,178,0.99,2900,0.00,0.00,66.67,16,31.00,8.04,106,14.80,0.15,2.70,9.80,24.31
42440,-5.47,6.25,14.47,13.44,178,0.96,2879,0.00,0.00,66.67,16,33.50,7.37,106,14.36,-0.29,2.66,8.63,22.75
42698,-4.69,6.25,14.70,13.52,178,0.91,2924,0.00,0.00,66.67,16,46.00,7.48,106,13.93,-0.73,2.64,7.84,21.96
42955,-3.91,5.47,14.70,13.52,178,0.83,2935,0.00,0.00,66.67,16,38.00,6.89,106,13.06,-1.60,2.58,5.88,19.22
43212,-7.03,5.47,14.36,13.52,178,0.79,2890,0.00,0.00,66.67,16,35.00,6.78,106,12.19,-2.47,2.52,4.31,16.47
43470,-13.28,5.47,13.78,13.28,178,0.41,2902,0.00,0.00,66.67,16,34.50,4.95,106,8.71,-5.95,2.30,0.00,4.71
43727,-23.44,5.47,11.48,13.36,178,0.24,2835,0.00,0.00,66.67,16,28.50,3.09,106,3.48,-11.17,1.78,0.00,0.00
43984,0.00,5.47,12.06,13.44,178,0.18,2868,0.00,0.00,66.67,16,17.50,0.00,106,3.05,-11.61,1.66,0.00,0.00
44241,0.00,4.69,12.98,13.52,178,0.12,2838,0.00,0.00,66.67,16,15.50,0.00,106,2.76,-11.90,1.54,0.00,0.00
44498,0.00,4.69,14.47,13.52,178,0.12,2817,0.00,0.00,66.67,16,15.50,0.00,106,2.76,-11.90,1.50,0.00,0.00
44755,0.00,3.91,23.20,13.52,178,0.11,2794,0.00,0.00,66.67,16,15.50,0.00,106,2.61,-12.04,1.38,0.00,0.00
45013,0.00,3.12,22.97,13.44,178,0.10,2743,0.00,0.00,66.67,16,15.50,0.00,106,2.61,-12.04,1.36,0.00,0.00
45271,0.00,2.34,23.31,13.52,178,0.12,2721,0.00,0.00,66.67,16,15.50,0.00,106,2.61,-12.04,1.44,0.00,0.00
45528,0.00,1.56,23.20,13.52,178,0.10,2721,0.00,0.00,66.67,16,15.50,0.00,106,2.61,-12.04,1.40,0.00,0.00
45786,0.00,1.56,23.31,13.68,178,0.11,2695,0.00,0.00,33.33,16,15.50,0.00,106,2.61,-12.04,1.40,0.00,0.00
46044,0.00,0.78,22.97,13.68,178,0.12,2654,0.00,0.00,33.33,16,15.50,0.00,106,2.61,-12.04,1.44,0.00,0.00
46301,0.00,-1.56,23.31,13.68,178,0.12,2648,0.00,0.00,33.33,16,15.50,0.00,106,2.61,-12.04,1.44,0.00,0.00
46558,0.00,-1.56,23.31,13.68,178,0.12,2601,0.00,0.00,33.33,16,15.50,0.00,106,2.61,-12.04,1.42,0.00,0.00
46815,0.00,-1.56,23.20,13.68,178,0.11,2606,0.00,0.00,33.33,16,15.50,0.00,106,2.61,-12.04,1.38,0.00,0.00
47072,0.00,-1.56,23.31,13.44,178,0.12,2565,0.00,0.00,33.33,16,15.50,0.00,106,2.61,-12.04,1.42,0.00,0.00
47329,0.00,-1.56,23.08,13.44,178,0.11,2547,0.00,0.00,33.33,16,15.50,0.00,106,2.61,-12.04,1.40,0.00,0.00
47587,0.00,-1.56,23.20,13.52,178,0.11,2551,0.00,0.00,33.33,16,15.50,0.00,106,2.61,-12.04,1.32,0.00,0.00
47845,0.00,-1.56,23.43,13.52,178,0.09,2534,0.00,0.00,33.33,16,15.50,0.00,106,2.61,-12.04,1.32,0.00,0.00
48102,0.00,-1.56,23.20,13.60,178,0.09,2515,0.00,0.00,33.33,16,15.50,0.00,106,2.61,-12.04,1.32,0.00,0.00
48359,0.00,-1.56,22.97,13.60,178,0.08,2488,0.00,0.00,33.33,16,15.50,0.00,106,2.61,-12.04,1.30,0.00,0.00
48617,0.00,-1.56,23.08,13.60,178,0.07,2453,0.00,0.00,33.33,16,15.50,0.00,106,2.76,-11.90,1.18,0.00,0.00
48875,0.00,-1.56,23.20,13.60,178,0.11,2436,0.00,0.00,33.33,16,15.50,0.00,106,2.76,-11.90,1.34,0.00,0.00
49132,0.00,-1.56,23.43,13.60,178,0.10,2440,0.00,0.00,33.33,16,15.50,0.00,106,2.76,-11.90,1.34,0.00,0.00
49390,0.00,-1.56,23.20,13.60,178,0.14,2400,0.00,0.00,33.33,16,15.50,0.00,106,2.76,-11.90,1.44,0.00,0.00
49647,0.00,-1.56,23.43,13.60,178,0.14,2400,0.00,0.00,33.33,16,15.50,0.00,106,2.76,-11.90,1.44,0.00,0.00
49904,0.00,-1.56,23.31,13.60,178,0.13,2361,0.00,0.00,33.33,16,15.50,0.00,106,2.90,-11.75,1.42,0.00,0.00
50161,0.00,-1.56,23.54,13.60,178,0.14,2344,0.00,0.00,33.33,16,15.50,0.00,106,2.90,-11.75,1.44,0.00,0.00
50418,0.00,-1.56,23.08,13.60,178,0.12,2352,0.00,0.00,33.33,16,15.50,0.00,106,2.90,-11.75,1.38,0.00,0.00
50676,0.00,-1.56,23.20,13.28,178,0.13,2333,0.00,0.00,33.33,16,15.50,0.00,106,2.90,-11.75,1.30,0.00,0.00
50933,0.00,-1.56,23.31,13.36,178,0.11,2295,0.00,0.00,33.33,16,15.50,0.00,106,3.05,-11.61,1.32,0.00,0.00
51190,0.00,-1.56,23.20,13.44,178,0.11,2299,0.00,0.00,33.33,16,13.00,0.00,106,3.05,-11.61,1.34,0.00,0.00
51447,0.00,-1.56,23.31,13.44,178,0.13,2124,0.00,0.00,33.33,16,13.00,0.00,106,3.19,-11.46,1.38,0.00,0.00
51703,0.00,-1.56,23.20,13.44,178,0.19,1724,0.00,0.00,33.33,16,15.50,0.00,106,3.48,-11.17,1.42,0.00,0.00
51960,0.00,-1.56,23.31,13.36,178,0.22,1327,0.00,0.00,33.33,16,21.00,0.00,106,3.92,-10.74,1.34,0.00,0.00
52217,0.00,-1.56,23.20,13.68,178,0.32,1393,0.00,0.00,33.33,16,14.00,1.49,106,4.50,-10.16,1.42,0.00,0.00
52474,0.00,-1.56,13.55,13.60,178,0.16,1930,0.00,0.00,33.33,16,15.50,2.06,106,3.63,-11.03,1.42,0.00,0.00
52730,0.00,-1.56,13.32,13.60,178,0.13,2540,0.00,0.00,33.33,16,15.50,0.00,106,2.61,-12.04,1.42,0.00,0.00
52987,0.00,-1.56,13.67,13.36,178,0.11,3016,0.00,0.00,66.67,16,15.50,0.00,106,2.47,-12.19,1.44,0.00,0.00
53245,0.00,-1.56,21.59,13.44,178,0.10,2946,0.00,0.00,66.67,16,13.00,0.00,106,2.47,-12.19,1.38,0.00,0.00
53502,0.00,-1.56,23.08,13.52,178,0.11,2926,0.00,0.00,66.67,16,13.00,0.00,106,2.47,-12.19,1.44,0.00,0.00
53759,0.00,-1.56,23.43,13.44,178,0.11,2907,0.00,0.00,66.67,16,15.50,0.00,106,2.47,-12.19,1.42,0.00,0.00
54016,0.00,-1.56,23.31,13.28,178,0.11,2852,0.00,0.00,66.67,16,15.50,0.00,106,2.47,-12.19,1.42,0.00,0.00
54272,0.00,-1.56,23.31,13.36,178,0.12,2833,0.00,0.00,66.67,16,15.50,0.00,106,2.47,-12.19,1.44,0.00,0.00
54529,0.00,-1.56,23.08,13.44,178,0.11,2790,0.00,0.00,66.67,16,15.50,0.00,106,2.47,-12.19,1.42,0.00,0.00
54786,0.00,-1.56,23.31,13.44,178,0.12,2746,0.00,0.00,66.67,16,15.50,0.00,106,2.47,-12.19,1.38,0.00,0.00
55043,0.00,-1.56,23.43,13.44,178,0.12,2710,0.00,0.00,66.67,16,15.50,0.00,106,2.47,-12.19,1.44,0.00,0.00
55299,0.00,-1.56,23.08,13.60,178,0.12,2683,0.00,0.00,33.33,16,15.50,0.00,106,2.47,-12.19,1.42,0.00,0.00
55557,0.00,-1.56,23.31,13.60,178,0.12,2671,0.00,0.00,33.33,16,15.50,0.00,106,2.47,-12.19,1.42,0.00,0.00
55813,0.00,-1.56,23.31,13.60,178,0.13,2618,0.00,0.00,33.33,16,13.00,0.00,106,2.47,-12.19,1.44,0.00,0.78
56070,0.00,-0.78,23.31,13.60,178,0.33,2603,0.00,0.00,33.33,16,28.00,3.33,106,4.35,-10.30,1.94,0.00,10.20
56327,0.00,0.00,18.03,13.60,178,0.50,2546,0.00,0.00,33.33,16,34.00,4.34,106,6.82,-7.84,2.14,0.00,13.33
56584,14.06,0.78,16.42,13.60,178,0.70,2566,0.00,0.00,33.33,16,28.50,5.48,106,9.29,-5.37,2.36,3.92,17.25
56840,21.09,1.56,14.59,13.36,178,0.80,2594,0.00,0.00,33.33,16,31.00,6.64,106,11.32,-3.34,2.44,7.06,21.57
57098,23.44,2.34,13.90,13.36,178,0.90,2685,0.00,0.00,33.33,16,31.00,7.83,106,12.91,-1.74,2.54,10.20,26.27
57354,20.31,3.12,13.32,13.28,178,0.91,2656,0.00,0.00,33.33,16,35.50,7.88,106,13.35,-1.16,2.58,10.20,26.67
57612,16.41,3.12,13.21,13.36,176,0.93,2679,0.00,0.00,33.33,16,33.50,8.00,106,13.78,-0.87,2.60,10.20,26.27
57869,7.81,3.91,13.44,13.44,176,0.91,2735,0.00,0.00,33.33,16,39.00,7.59,106,13.78,-0.87,2.60,10.20,23.14
58126,0.00,5.47,13.78,13.44,176,0.82,2786,0.00,0.00,33.33,16,39.00,7.13,106,12.62,-2.03,2.50,5.49,18.04
58383,-2.34,5.47,14.24,13.36,176,0.70,2790,0.00,0.00,66.67,16,36.00,5.95,106,11.03,-3.63,2.40,3.14,15.69
58639,-8.59,5.47,13.32,13.44,176,0.49,2784,0.00,0.00,66.67,16,30.50,4.75,106,8.42,-6.24,2.04,0.00,7.45
58897,-25.00,5.47,11.94,13.52,176,0.20,2746,0.00,0.00,66.67,16,28.50,2.93,106,3.48,-11.17,1.80,0.00,0.00
59153,0.00,5.47,11.71,13.52,176,0.19,2749,0.00,0.00,66.67,16,22.00,2.93,106,2.61,-12.04,1.52,0.00,0.00
59410,0.00,4.69,12.86,13.52,176,0.13,2695,0.00,0.00,66.67,16,15.50,0.00,106,2.32,-12.33,1.54,0.00,0.00
59667,0.00,4.69,13.21,13.68,176,0.13,2704,0.00,0.00,33.33,16,15.50,0.00,106,2.32,-12.33,1.44,0.00,0.00
59924,0.00,3.91,17.57,13.52,176,0.12,2662,0.00,0.00,33.33,16,15.50,0.00,106,2.32,-12.33,1.42,0.00,0.00
60181,0.00,3.12,23.20,13.36,176,0.12,2620,0.00,0.00,33.33,16,15.50,0.00,106,2.47,-12.19,1.40,0.00,0.00
60438,0.00,2.34,23.31,13.36,176,0.11,2562,0.00,0.00,33.33,16,15.50,0.00,106,2.47,-12.19,1.38,0.00,0.00
60695,0.00,1.56,23.31,13.36,176,0.11,2529,0.00,0.00,33.33,16,15.50,0.00,106,2.47,-12.19,1.36,0.00,0.00
60952,0.00,1.56,23.54,13.44,176,0.13,2470,0.00,0.00,33.33,16,15.50,0.00,106,2.47,-12.19,1.40,0.00,0.00
61209,0.00,0.78,23.20,13.44,176,0.13,2379,0.00,0.00,33.33,16,13.00,0.00,106,2.61,-12.04,1.40,0.00,0.00
61466,0.00,-1.56,23.31,13.44,176,0.15,1988,0.00,0.00,33.33,16,13.00,0.00,106,3.05,-11.61,1.40,0.00,0.00
61721,0.00,-1.56,23.43,13.44,176,0.19,1581,0.00,0.00,33.33,16,13.00,0.00,106,3.34,-11.32,1.40,0.00,0.00
61978,0.00,-1.56,23.20,13.44,176,0.25,1199,0.00,0.00,33.33,16,21.00,1.28,106,3.92,-10.74,1.40,0.00,0.00
62236,0.00,-1.56,23.08,13.60,176,0.23,1264,0.00,0.00,33.33,16,15.50,1.35,106,4.35,-10.30,1.40,0.00,0.00
62491,0.00,-1.56,12.75,13.68,176,0.20,1481,0.00,0.00,33.33,16,5.00,1.58,106,3.92,-10.74,1.40,0.00,0.00
62749,0.00,-1.56,13.55,13.68,176,0.15,2024,0.00,0.00,33.33,16,15.50,2.16,106,3.19,-11.46,1.40,0.00,0.00
63006,0.00,-1.56,13.21,13.68,176,0.11,2509,0.00,0.00,33.33,16,15.50,2.68,106,2.61,-12.04,1.36,0.00,0.00
63263,0.00,-1.56,12.98,13.20,176,0.09,2833,0.00,0.00,66.67,16,13.00,0.00,106,2.32,-12.33,1.38,0.00,0.00
63520,0.00,-1.56,15.85,13.20,176,0.10,2994,0.00,0.00,66.67,16,15.50,0.00,106,2.32,-12.33,1.38,0.00,0.00
63777,0.00,-1.56,23.08,13.20,176,0.10,3016,0.00,0.00,66.67,16,15.50,0.00,106,2.32,-12.33,1.40,0.00,0.00
64034,0.00,-1.56,23.20,13.20,176,0.10,2983,0.00,0.00,66.67,16,15.50,0.00,106,2.47,-12.19,1.40,0.00,0.78
64291,0.00,-0.78,23.20,13.20,176,0.15,2938,0.00,0.00,66.67,16,22.00,3.76,106,2.76,-11.90,1.54,0.00,3.53
64548,0.00,-0.78,14.47,13.28,176,0.23,2955,0.00,0.00,66.67,16,6.00,3.78,106,3.48,-11.17,1.76,0.00,5.88
64805,0.00,0.00,14.01,13.36,176,0.25,2928,0.00,0.00,66.67,16,26.00,3.75,106,3.92,-10.74,1.82,0.00,6.27
65063,10.94,0.78,14.93,13.28,174,0.25,2962,0.00,0.00,66.67,16,33.00,3.79,106,4.06,-10.59,1.84,0.00,6.67
65319,14.06,1.56,13.90,13.36,174,0.25,2975,0.00,0.00,66.67,16,30.50,3.81,106,4.21,-10.45,1.84,0.00,6.67
65576,9.38,2.34,13.21,13.20,174,0.26,2969,0.00,0.00,66.67,16,26.00,3.80,106,4.21,-10.45,1.84,0.00,6.67
65833,-2.34,3.12,13.32,13.44,174,0.26,2982,0.00,0.00,66.67,16,26.00,3.82,106,4.06,-10.59,1.86,0.00,6.67
66090,-6.25,3.12,14.24,13.44,174,0.25,3006,0.00,0.00,66.67,16,32.00,3.21,106,4.06,-10.59,1.84,0.00,6.67
66346,-4.69,3.91,14.70,13.36,174,0.21,3004,0.00,0.00,66.67,16,41.50,3.84,106,3.77,-10.88,1.70,0.00,3.53
66603,0.00,1.56,13.44,13.36,174,0.11,2911,0.00,0.00,66.67,16,40.00,3.17,106,2.61,-12.04,1.46,0.00,0.78
66860,0.00,1.56,12.98,13.36,174,0.10,2954,0.00,0.00,66.67,16,29.50,3.19,106,2.76,-11.90,1.42,0.00,0.78
67118,0.00,1.56,14.13,13.28,174,0.11,2949,0.00,0.00,66.67,16,17.00,0.00,106,2.47,-12.19,1.44,0.00,0.78
67375,0.00,1.56,16.08,13.44,174,0.10,2922,0.00,0.00,66.67,16,15.50,0.00,106,2.61,-12.04,1.42,0.00,0.78
67632,0.00,1.56,24.23,13.28,174,0.10,2949,0.00,0.00,66.67,16,15.50,0.00,106,2.47,-12.19,1.40,0.00,0.39
67888,0.00,0.78,23.08,13.36,174,0.08,2942,0.00,0.00,66.67,16,15.50,0.00,106,2.32,-12.33,1.32,0.00,0.00
68147,0.00,-1.56,23.08,13.44,174,0.09,2942,0.00,0.00,66.67,16,15.50,0.00,106,2.32,-12.33,1.36,0.00,0.00
68404,0.00,-1.56,23.43,13.28,174,0.09,2958,0.00,0.00,66.67,16,15.50,0.00,106,2.32,-12.33,1.34,0.00,0.00
68661,0.00,-1.56,23.31,13.44,174,0.09,2957,0.00,0.00,66.67,16,15.50,0.00,106,2.32,-12.33,1.36,0.00,0.00
68919,0.00,-1.56,23.54,13.52,174,0.10,2908,0.00,0.00,66.67,16,15.50,0.00,106,2.32,-12.33,1.40,0.00,0.00
69175,0.00,-1.56,23.20,13.36,174,0.10,2910,0.00,0.00,66.67,16,15.50,0.00,106,2.32,-12.33,1.40,0.00,0.00
69432,0.00,-1.56,23.20,13.60,174,0.10,2939,0.00,0.00,66.67,16,15.50,0.00,106,2.32,-12.33,1.40,0.00,0.00
69689,0.00,-1.56,23.54,13.52,174,0.10,2914,0.00,0.00,66.67,16,15.50,0.00,106,2.32,-12.33,1.40,0.00,0.00
69947,0.00,-1.56,23.31,13.52,174,0.10,2890,0.00,0.00,66.67,16,15.50,0.00,106,2.32,-12.33,1.38,0.00,0.00
70204,0.00,-1.56,23.31,13.52,174,0.09,2934,0.00,0.00,66.67,16,15.50,0.00,106,2.32,-12.48,1.38,0.00,0.00
70462,0.00,-1.56,23.31,13.36,174,0.09,2843,0.00,0.00,66.67,16,15.50,0.00,106,2.32,-12.48,1.34,0.00,0.00
70720,0.00,-1.56,23.31,13.28,174,0.10,2810,0.00,0.00,66.67,16,13.00,0.00,106,2.32,-12.48,1.38,0.00,0.00
70977,0.00,-1.56,23.08,13.36,174,0.10,2751,0.00,0.00,66.67,16,15.50,0.00,106,2.32,-12.48,1.36,0.00,0.00
71234,0.00,-1.56,23.08,13.36,174,0.10,2695,0.00,0.00,33.33,16,15.50,0.00,106,2.32,-12.48,1.36,0.00,0.00
71491,0.00,-1.56,23.31,13.52,174,0.12,2580,0.00,0.00,33.33,16,15.50,0.00,106,2.32,-12.48,1.38,0.00,0.00
71748,0.00,-1.56,23.43,13.52,174,0.11,2520,0.00,0.00,33.33,16,15.50,0.00,106,2.32,-12.48,1.36,0.00,0.00
72006,0.00,-1.56,22.97,13.44,174,0.12,2407,0.00,0.00,33.33,16,15.50,0.00,106,2.47,-12.33,1.38,0.00,0.00
72263,0.00,-1.56,23.20,13.60,174,0.13,2308,0.00,0.00,33.33,16,15.50,0.00,106,2.61,-12.19,1.40,0.00,0.00
72521,0.00,-1.56,23.43,13.60,174,0.10,2216,0.00,0.00,33.33,16,15.50,0.00,106,2.90,-11.90,1.32,0.00,0.00
72778,0.00,-1.56,22.97,13.52,174,0.14,2103,0.00,0.00,33.33,16,15.50,0.00,106,3.05,-11.75,1.38,0.00,0.00
73035,0.00,-1.56,22.97,13.68,174,0.15,1962,0.00,0.00,33.33,16,15.50,0.00,106,3.19,-11.61,1.40,0.00,0.00
73292,0.00,-1.56,23.08,13.60,174,0.14,1851,0.00,0.00,33.33,16,15.50,0.00,106,3.34,-11.46,1.38,0.00,0.00
73549,0.00,-1.56,23.08,13.36,174,0.16,1734,0.00,0.00,33.33,16,15.50,0.00,106,3.19,-11.61,1.38,0.00,0.00
73807,0.00,-1.56,23.31,13.52,174,0.18,1610,0.00,0.00,33.33,16,15.50,0.00,106,3.34,-11.46,1.40,0.00,0.00
74064,0.00,-1.56,23.43,13.36,174,0.20,1519,0.00,0.00,33.33,16,13.50,0.00,106,3.63,-11.17,1.40,0.00,0.00
74321,0.00,-1.56,23.31,13.36,174,0.22,1390,0.00,0.00,33.33,16,21.00,0.00,106,3.92,-10.88,1.40,0.00,0.00
74579,0.00,-1.56,23.43,13.36,174,0.22,1324,0.00,0.00,33.33,16,21.00,0.00,106,4.06,-10.74,1.38,0.00,0.00
74836,0.00,-1.56,23.31,13.28,174,0.23,1298,0.00,0.00,33.33,16,1.50,1.66,106,4.06,-10.74,1.40,0.00,0.00
75093,0.00,-1.56,23.43,13.36,174,0.23,1264,0.00,0.00,33.33,16,15.50,1.35,106,3.92,-10.88,1.40,0.00,0.00
75350,0.00,-1.56,23.08,13.52,174,0.23,1257,0.00,0.00,33.33,16,20.50,1.34,106,3.92,-10.88,1.40,0.00,0.00
75607,0.00,-1.56,17.11,13.52,174,0.23,1294,0.00,0.00,33.33,16,18.50,1.38,106,3.92,-10.88,1.40,0.00,0.00
75864,0.00,-1.56,15.27,13.68,174,0.23,1293,0.00,0.00,33.33,16,15.50,1.38,106,3.92,-10.88,1.40,0.00,0.00
76122,0.00,-1.56,14.81,13.60,174,0.23,1295,0.00,0.00,33.33,16,14.00,1.38,106,3.92,-10.88,1.40,0.00,0.00
76379,0.78,-1.56,14.81,13.60,174,0.25,1288,0.00,0.00,33.33,16,13.50,1.37,106,4.06,-10.74,1.44,0.00,0.39
76636,2.34,-0.78,14.93,13.68,174,0.28,1271,0.00,0.00,33.33,16,15.00,1.63,106,4.35,-10.45,1.48,0.00,0.78
76894,2.34,-0.78,14.93,13.44,174,0.27,1276,0.00,0.00,33.33,16,13.50,1.63,106,4.50,-10.30,1.46,0.00,0.78
77151,2.34,0.00,15.16,13.36,174,0.27,1264,0.00,0.00,33.33,16,14.00,1.62,106,4.64,-10.16,1.46,0.00,0.78
77408,2.34,1.56,14.93,13.36,174,0.28,1340,0.00,0.00,33.33,16,13.00,1.63,106,4.64,-10.16,1.46,0.00,0.78
77665,2.34,1.56,14.70,13.20,174,0.29,1267,0.00,0.00,33.33,16,26.00,1.63,104,4.79,-10.01,1.48,0.00,1.57
77922,2.34,1.56,14.70,13.28,174,0.33,1276,0.00,0.00,33.33,16,26.00,1.63,104,5.08,-9.72,1.54,0.00,2.75
78179,2.34,1.56,14.70,13.44,174,0.38,1285,0.00,0.00,33.33,16,26.00,1.92,104,5.66,-9.14,1.62,0.00,3.53
78436,4.69,1.56,15.04,13.44,174,0.39,1305,0.00,0.00,33.33,16,40.00,1.95,104,5.95,-8.85,1.64,0.00,3.92
78693,6.25,1.56,15.16,13.52,174,0.39,1355,0.00,0.00,33.33,16,40.50,2.02,104,6.24,-8.56,1.64,0.00,3.92
78951,5.47,1.56,14.93,13.44,174,0.38,1342,0.00,0.00,33.33,16,26.00,2.00,104,6.24,-8.56,1.64,0.00,3.92
79208,3.91,1.56,14.59,13.52,174,0.37,1390,0.00,0.00,33.33,16,34.00,2.08,104,6.09,-8.71,1.64,0.00,4.31
79465,2.34,1.56,14.36,13.52,174,0.38,1406,0.00,0.00,33.33,16,32.00,2.10,104,6.09,-8.71,1.64,0.00,4.31
79723,0.78,1.56,14.47,13.52,174,0.38,1421,0.00,0.00,33.33,16,32.00,2.12,104,6.24,-8.56,1.66,0.00,4.31
79979,0.00,1.56,14.59,13.52,174,0.39,1449,0.00,0.00,33.33,16,26.00,2.16,104,6.24,-8.56,1.66,0.00,4.71
80237,0.00,1.56,14.59,13.52,174,0.39,1454,0.00,0.00,33.33,16,26.00,2.17,104,6.24,-8.56,1.68,0.00,4.71
80495,-0.78,1.56,14.70,13.44,174,0.39,1418,0.00,0.00,33.33,16,26.00,2.21,104,6.24,-8.56,1.66,0.00,4.71
80752,-1.56,1.56,14.70,13.36,174,0.38,1501,0.00,0.00,33.33,16,29.00,2.24,104,6.09,-8.71,1.66,0.00,4.71
81009,-1.56,1.56,14.59,13.36,174,0.37,1512,0.00,0.00,33.33,16,41.50,2.28,104,6.09,-8.71,1.66,0.00,4.71
81265,-3.12,1.56,14.47,13.44,174,0.35,1540,0.00,0.00,33.33,16,40.50,2.05,104,5.80,-9.00,1.64,0.00,3.92
81522,-5.47,1.56,14.36,13.44,174,0.20,1552,0.00,0.00,33.33,16,25.00,1.99,104,5.37,-9.43,1.46,0.00,0.00
81778,-6.25,1.56,13.90,13.52,174,0.17,1532,0.00,0.00,33.33,16,19.00,1.63,104,3.77,-11.03,1.34,0.00,0.00
82035,0.00,0.78,12.52,13.60,174,0.18,1518,0.00,0.00,33.33,16,14.00,1.62,102,3.34,-11.46,1.34,0.00,0.00
82292,0.00,0.78,11.83,13.52,174,0.18,1506,0.00,0.00,33.33,16,14.00,1.61,102,3.34,-11.46,1.36,0.00,0.00
82548,0.00,-1.56,11.60,13.60,174,0.18,1472,0.00,0.00,33.33,16,13.50,1.57,102,3.34,-11.46,1.36,0.00,0.00
82805,0.00,-1.56,11.48,13.60,174,0.19,1445,0.00,0.00,33.33,16,17.00,1.54,102,3.34,-11.46,1.36,0.00,0.00
83062,0.00,-1.56,11.48,13.60,174,0.19,1410,0.00,0.00,33.33,16,18.50,1.50,102,3.34,-11.46,1.36,0.00,0.00
83319,0.00,-1.56,11.60,13.60,174,0.19,1386,0.00,0.00,33.33,16,18.50,1.48,102,3.48,-11.32,1.36,0.00,0.00
83577,0.00,-1.56,11.60,13.60,174,0.20,1356,0.00,0.00,33.33,16,19.00,1.45,102,3.48,-11.32,1.36,0.00,0.00
83833,0.00,-1.56,11.71,13.36,174,0.21,1333,0.00,0.00,33.33,16,19.00,1.42,102,3.63,-11.17,1.36,0.00,0.00
84090,0.00,-1.56,11.94,13.36,174,0.24,1296,0.00,0.00,33.33,16,20.50,1.38,102,3.77,-11.03,1.40,0.00,0.78
84347,-0.78,-1.56,12.17,13.36,174,0.25,1291,0.00,0.00,33.33,16,19.00,1.38,102,3.92,-10.74,1.42,0.00,0.78
84604,-2.34,-1.56,13.32,13.36,174,0.27,1250,0.00,0.00,33.33,16,14.00,1.60,102,4.21,-10.59,1.44,0.00,1.57
84860,-2.34,-0.78,14.47,13.52,174,0.30,1262,0.00,0.00,33.33,16,26.00,1.62,102,4.50,-10.30,1.48,0.00,1.96
85118,-2.34,-0.78,14.81,13.44,174,0.41,1215,0.00,0.00,33.33,16,29.00,1.81,102,5.37,-9.43,1.60,0.00,3.92
85374,1.56,0.00,15.27,13.52,174,0.43,1210,0.00,0.00,33.33,16,34.00,1.81,102,6.53,-8.27,1.64,0.00,4.31
85630,2.34,1.56,15.16,13.52,174,0.47,1216,0.00,0.00,33.33,16,26.00,2.08,102,7.25,-7.55,1.68,0.00,5.10
85888,2.34,1.56,14.93,13.52,174,0.46,1214,0.00,0.00,33.33,16,30.50,2.07,102,7.55,-7.25,1.68,0.00,5.49
86145,0.78,2.34,14.59,13.60,174,0.50,1218,0.00,0.00,33.33,16,26.00,2.08,102,7.84,-6.96,1.70,0.00,5.49
86402,1.56,2.34,14.70,13.52,174,0.50,1212,0.00,0.00,33.33,16,29.50,2.07,100,8.13,-6.67,1.72,0.00,5.88
86659,0.78,3.12,14.70,13.60,174,0.50,1230,0.00,0.00,33.33,16,41.00,2.10,100,8.13,-6.67,1.72,0.00,5.88
86915,0.00,3.12,14.59,13.44,174,0.51,1247,0.00,0.00,33.33,16,32.00,2.13,100,8.27,-6.53,1.72,0.00,5.88
87172,-0.78,3.91,14.59,13.44,174,0.52,1247,0.00,0.00,33.33,16,30.50,2.13,100,8.13,-6.67,1.72,0.00,5.88
87429,-0.78,5.47,14.70,13.36,174,0.51,1252,0.00,0.00,33.33,16,30.50,2.14,100,8.13,-6.67,1.74,0.00,5.88
87686,-2.34,5.47,14.47,13.44,174,0.50,1269,0.00,0.00,33.33,16,32.00,2.09,100,8.13,-6.82,1.74,0.00,5.88
87942,-3.91,5.47,14.47,13.36,174,0.51,1283,0.00,0.00,33.33,16,29.50,2.19,100,7.98,-6.82,1.74,0.00,5.88
88199,-4.69,5.47,14.47,13.36,174,0.52,1263,0.00,0.00,33.33,16,26.50,2.16,100,7.84,-6.96,1.74,0.00,5.88
88455,-6.25,5.47,14.59,13.44,174,0.51,1286,0.00,0.00,33.33,16,40.50,2.20,100,7.84,-6.96,1.72,0.00,5.88
88713,-6.25,5.47,14.59,13.52,174,0.49,1317,0.00,0.00,33.33,16,26.50,2.25,100,7.69,-7.11,1.72,0.00,5.88
88969,-6.25,5.47,14.70,13.52,174,0.50,1297,0.00,0.00,33.33,16,26.50,2.21,100,7.69,-7.11,1.74,0.00,5.88
89226,-5.47,5.47,14.81,13.52,174,0.48,1310,0.00,0.00,33.33,16,34.00,2.23,100,7.55,-7.25,1.72,0.00,5.88
89483,-4.69,5.47,14.93,13.52,174,0.47,1335,0.00,0.00,33.33,16,29.50,2.28,100,7.40,-7.40,1.72,0.00,5.88
89739,-3.91,5.47,14.93,13.60,174,0.47,1332,0.00,0.00,33.33,16,34.50,2.27,100,7.25,-7.55,1.70,0.00,5.88
89997,-3.91,5.47,14.81,13.36,174,0.46,1343,0.00,0.00,33.33,16,26.00,2.29,100,7.25,-7.55,1.70,0.00,5.88
90254,-4.69,5.47,14.70,13.36,174,0.46,1337,0.00,0.00,33.33,16,26.00,2.28,100,7.11,-7.69,1.70,0.00,5.88
90511,-4.69,5.47,14.70,13.36,174,0.46,1355,0.00,0.00,33.33,16,30.50,2.08,100,7.11,-7.69,1.70,0.00,5.49
90768,-5.47,5.47,14.59,13.28,174,0.44,1344,0.00,0.00,33.33,16,26.00,1.93,100,6.96,-7.84,1.68,0.00,5.49
91025,-7.03,4.69,14.59,13.28,174,0.43,1355,0.00,0.00,33.33,16,40.00,2.02,99,6.82,-7.98,1.68,0.00,4.71
91282,-7.03,4.69,14.70,13.28,174,0.39,1338,0.00,0.00,33.33,16,26.00,2.00,99,6.38,-8.42,1.62,0.00,4.71
91538,-7.81,3.91,14.59,13.28,174,0.37,1339,0.00,0.00,33.33,16,31.50,2.00,99,6.09,-8.71,1.58,0.00,4.31
91794,-8.59,1.56,14.59,13.36,174,0.36,1349,0.00,0.00,33.33,16,39.50,1.73,99,5.80,-9.00,1.58,0.00,3.92
92051,-9.38,1.56,14.59,13.36,174,0.36,1330,0.00,0.00,33.33,16,26.00,1.70,99,5.66,-9.14,1.58,0.00,3.92
92308,-9.38,1.56,14.81,13.44,174,0.36,1331,0.00,0.00,33.33,16,41.00,1.70,99,5.51,-9.29,1.58,0.00,3.92
92564,-3.91,1.56,15.62,13.44,174,0.35,1320,0.00,0.00,33.33,16,26.00,1.69,99,5.51,-9.29,1.56,0.00,3.92
92821,0.00,1.56,15.73,13.52,174,0.35,1306,0.00,0.00,33.33,16,26.00,1.67,99,5.51,-9.29,1.56,0.00,3.53
93077,3.12,1.56,15.50,13.52,174,0.34,1286,0.00,0.00,33.33,16,34.00,1.65,99,5.51,-9.29,1.56,0.00,3.14
93334,4.69,1.56,15.16,13.44,174,0.31,1291,0.00,0.00,33.33,16,26.00,1.65,100,5.22,-9.58,1.52,0.00,2.75
93591,4.69,1.56,14.81,13.44,174,0.30,1335,0.00,0.00,33.33,16,26.00,1.63,100,5.08,-9.72,1.48,0.00,2.35
93848,2.34,1.56,14.47,13.36,176,0.27,1258,0.00,0.00,33.33,16,26.00,1.63,100,4.93,-10.01,1.46,0.00,1.96
94105,0.78,1.56,14.24,13.36,176,0.27,1258,0.00,0.00,33.33,16,32.50,1.61,100,4.64,-10.16,1.42,0.00,1.57
94362,-0.78,1.56,14.24,13.36,176,0.20,1228,0.00,0.00,33.33,16,28.50,1.57,100,4.35,-10.45,1.36,0.00,0.39
94618,-1.56,0.78,14.13,13.36,176,0.20,1216,0.00,0.00,33.33,16,22.00,1.56,100,3.92,-10.88,1.32,0.00,0.39
94875,-2.34,-1.56,13.78,13.36,176,0.20,1189,0.00,0.00,33.33,16,19.00,1.52,100,3.77,-11.03,1.32,0.00,0.00
95131,-4.69,-1.56,12.86,13.44,176,0.20,1156,0.00,0.00,33.33,16,20.00,1.23,100,3.77,-11.03,1.30,0.00,0.00
95388,-6.25,-1.56,12.29,13.52,176,0.20,1132,0.00,0.00,33.33,16,19.00,1.21,100,3.92,-10.88,1.30,0.00,0.00
95645,-8.59,-1.56,11.94,13.52,176,0.20,1108,0.00,0.00,33.33,16,20.00,1.18,100,3.92,-10.88,1.30,0.00,0.00
95902,-10.94,-1.56,11.94,13.52,176,0.21,1081,0.00,0.00,33.33,16,20.00,1.15,100,3.92,-10.88,1.30,0.00,0.00
96158,-12.50,-1.56,12.06,13.52,176,0.22,1032,0.00,0.00,33.33,16,21.00,1.10,100,4.06,-10.74,1.28,0.00,0.00
96416,-14.84,-1.56,12.40,13.52,176,0.22,1081,0.00,0.00,33.33,16,21.00,1.08,100,4.06,-10.74,1.28,0.00,0.00
96673,-15.62,-1.56,12.63,13.44,176,0.23,997,0.00,0.00,33.33,16,21.00,1.06,100,4.06,-10.59,1.30,0.00,0.00
96930,-17.19,-1.56,12.86,13.52,176,0.23,977,0.00,0.00,33.33,16,21.00,1.04,100,4.21,-10.59,1.28,0.00,0.00
97187,-18.75,-1.56,12.98,13.44,176,0.24,974,0.00,0.00,33.33,16,18.00,1.05,100,4.35,-10.45,1.28,0.00,0.78
97444,-19.53,-1.56,13.32,13.44,176,0.30,963,0.00,0.00,33.33,16,17.50,1.03,100,4.79,-10.01,1.38,0.00,1.18
97702,-20.31,-1.56,13.78,13.36,176,0.34,937,0.00,0.00,33.33,16,23.00,1.20,100,5.37,-9.43,1.42,0.00,1.57
97959,-18.75,-0.78,14.81,13.28,176,0.43,910,0.00,0.00,33.33,16,29.50,1.16,100,6.09,-8.71,1.50,0.00,2.75
98216,-10.16,-0.78,16.19,13.36,176,0.44,933,0.00,0.00,33.33,16,28.50,1.39,100,6.82,-7.98,1.54,0.00,4.71
98473,3.12,0.00,17.80,13.60,176,0.61,978,0.00,0.00,33.33,16,29.50,1.88,100,8.56,-6.24,1.74,0.00,6.67
98731,1.56,0.78,16.08,13.52,176,0.66,966,0.00,0.00,33.33,16,32.50,1.85,100,10.16,-4.64,1.74,0.00,6.67
98988,4.69,1.56,15.04,13.60,176,0.64,1010,0.00,0.00,33.33,16,33.00,1.94,100,10.59,-4.21,1.74,0.00,7.06
99244,13.28,1.56,15.85,13.60,176,0.63,1055,0.00,0.00,33.33,16,31.50,2.25,100,10.59,-4.21,1.76,0.00,7.45
99501,14.06,2.34,15.04,13.60,176,0.65,1077,0.00,0.00,33.33,16,29.50,2.30,100,10.59,-4.21,1.78,0.00,7.45
99759,15.62,3.12,14.59,13.44,176,0.62,1146,0.00,0.00,33.33,16,41.00,2.45,100,10.45,-4.35,1.78,0.00,7.45
100016,11.72,3.12,14.13,13.44,176,0.61,1166,0.00,0.00,33.33,16,30.50,2.24,100,10.30,-4.50,1.80,0.00,7.45
100273,9.38,5.47,14.24,13.36,176,0.60,1196,-2.11,0.00,33.33,16,24.00,2.33,100,10.16,-4.64,1.80,0.00,7.45
100530,7.81,5.47,14.24,13.44,176,0.59,1241,-2.11,0.00,33.33,16,39.50,2.35,100,9.87,-5.08,1.82,0.00,7.45
100787,7.81,5.47,14.47,13.36,176,0.59,1321,-2.11,0.00,33.33,16,24.50,2.54,100,9.58,-5.22,1.82,0.00,7.84
101045,7.03,5.47,14.59,13.36,176,0.58,1352,0.00,0.00,33.33,16,30.50,2.60,100,9.29,-5.51,1.84,0.00,7.84
101302,6.25,5.47,14.47,13.36,176,0.58,1397,0.00,0.00,33.33,16,27.00,2.68,100,9.14,-5.66,1.86,0.00,7.84
101559,4.69,5.47,14.36,13.44,176,0.58,1428,0.00,0.00,33.33,16,42.50,2.74,99,9.14,-5.66,1.86,0.00,8.24
101816,3.91,5.47,14.47,13.44,176,0.58,1412,0.00,0.00,33.33,16,42.00,2.71,99,9.14,-5.66,1.86,0.00,8.24
102074,2.34,5.47,14.47,13.52,176,0.59,1421,0.00,0.00,33.33,16,33.50,2.73,99,9.14,-5.66,1.86,0.00,8.24
102331,2.34,5.47,14.70,13.52,176,0.58,1425,0.00,0.00,33.33,16,32.00,2.74,100,9.14,-5.66,1.86,0.00,8.24
102588,3.12,5.47,14.70,13.52,176,0.58,1434,0.00,0.00,33.33,16,30.50,2.75,100,9.29,-5.51,1.88,0.00,8.24
102846,3.91,5.47,14.93,13.52,176,0.60,1426,0.00,0.00,33.33,16,27.00,2.74,100,9.29,-5.51,1.88,0.00,8.63
103103,3.91,5.47,14.70,13.60,176,0.60,1420,0.00,0.00,33.33,16,41.50,2.73,100,9.29,-5.51,1.88,0.00,8.63
103361,3.12,5.47,14.59,13.36,178,0.59,1420,0.00,0.00,33.33,16,41.00,2.73,100,9.43,-5.37,1.88,0.00,8.63
103618,3.12,5.47,14.70,13.28,178,0.60,1367,0.00,0.00,33.33,16,27.00,2.75,100,9.43,-5.37,1.88,0.00,8.63
103875,2.34,5.47,14.70,13.28,178,0.62,1427,0.00,0.00,33.33,16,27.00,2.76,100,9.43,-5.37,1.88,0.00,8.63
104132,2.34,5.47,14.70,13.28,178,0.60,1427,0.00,0.00,33.33,16,30.50,2.74,100,9.43,-5.37,1.88,0.00,8.63
104390,2.34,5.47,14.70,13.28,178,0.60,1432,0.00,0.00,33.33,16,33.00,2.75,100,9.43,-5.37,1.88,0.00,8.63
104647,2.34,5.47,14.70,13.28,178,0.58,1442,0.00,0.00,33.33,16,27.00,2.77,100,9.43,-5.37,1.88,0.00,8.63
104904,2.34,5.47,14.70,13.28,178,0.59,1436,0.00,0.00,33.33,16,27.00,2.76,100,9.29,-5.51,1.90,0.00,8.63
105161,2.34,5.47,14.81,13.36,178,0.58,1451,0.00,0.00,33.33,16,41.00,2.79,100,9.14,-5.66,1.88,0.00,8.24
105419,1.56,5.47,14.59,13.44,178,0.53,1456,0.00,0.00,33.33,16,27.00,2.49,100,8.71,-6.09,1.82,0.00,7.45
105676,0.00,5.47,14.47,13.44,178,0.49,1466,0.00,0.00,33.33,16,27.00,2.50,100,8.27,-6.53,1.78,0.00,7.06
105933,-0.78,5.47,14.59,13.52,178,0.34,1466,0.00,0.00,33.33,16,40.00,2.19,100,6.67,-8.13,1.60,0.00,4.31
106191,-3.12,4.69,14.36,13.44,178,0.33,1428,0.00,0.00,33.33,16,26.00,1.83,100,5.80,-9.00,1.58,0.00,3.92
106448,-3.12,4.69,14.59,13.44,178,0.33,1424,0.00,0.00,33.33,16,30.50,1.82,100,5.51,-9.29,1.58,0.00,3.92
106709,-3.91,3.91,14.59,13.52,178,0.34,1410,0.00,0.00,33.33,16,26.00,1.80,100,5.51,-9.29,1.58,0.00,3.92
106966,-3.12,1.56,14.81,13.36,178,0.35,1398,0.00,0.00,33.33,16,34.00,1.79,100,5.51,-9.29,1.58,0.00,3.92
107223,-1.56,1.56,15.04,13.36,178,0.34,1394,0.00,0.00,33.33,16,26.00,1.78,100,5.51,-9.29,1.56,0.00,3.14
107480,0.00,1.56,15.27,13.36,178,0.18,1385,0.00,0.00,33.33,16,27.50,1.46,100,5.22,-10.16,1.42,0.00,0.00
107737,0.00,1.56,14.93,13.36,178,0.16,1371,0.00,0.00,33.33,16,20.00,1.46,100,3.77,-11.17,1.28,0.00,0.00
107993,0.00,0.78,13.55,13.36,178,0.17,1331,0.00,0.00,33.33,16,16.00,1.70,100,3.34,-11.46,1.30,0.00,0.00
108252,0.00,0.78,11.94,13.44,178,0.17,1318,0.00,0.00,33.33,16,18.00,1.69,100,3.48,-11.32,1.30,0.00,0.00
108509,0.00,-1.56,11.48,13.44,178,0.18,1297,0.00,0.00,33.33,16,19.00,1.38,100,3.48,-11.32,1.30,0.00,0.00
108766,0.00,-1.56,11.48,13.52,178,0.18,1254,0.00,0.00,33.33,16,20.00,1.34,100,3.34,-11.46,1.30,0.00,0.00
109023,0.00,-1.56,11.60,13.52,178,0.19,1211,0.00,0.00,33.33,16,21.00,1.29,100,3.48,-11.32,1.28,0.00,0.00
109280,0.00,-1.56,11.60,13.52,178,0.19,1163,0.00,0.00,33.33,16,21.00,1.24,100,3.63,-11.17,1.30,0.00,0.00
109538,0.00,-1.56,11.60,13.52,178,0.20,1134,0.00,0.00,33.33,16,21.00,1.21,100,3.77,-11.03,1.30,0.00,0.00
109795,0.00,-1.56,11.60,13.60,178,0.20,1140,0.00,0.00,33.33,16,19.00,1.22,100,3.92,-10.88,1.30,0.00,0.00
110052,0.00,-1.56,11.71,13.60,178,0.20,1139,0.00,0.00,33.33,16,17.50,1.22,100,3.92,-10.88,1.30,0.00,0.00
110309,-1.56,-1.56,11.94,13.44,178,0.20,1128,0.00,0.00,33.33,16,16.50,1.20,100,3.92,-10.88,1.30,0.00,0.00
110567,-3.91,-1.56,12.06,13.36,178,0.20,1104,0.00,0.00,33.33,16,17.50,1.18,100,3.92,-10.88,1.28,0.00,0.00
110824,-6.25,-1.56,12.06,13.36,178,0.20,1088,0.00,0.00,33.33,16,18.00,1.09,100,3.92,-10.88,1.28,0.00,0.00
111081,-7.81,-1.56,12.29,13.36,178,0.20,1108,0.00,0.00,33.33,16,14.50,1.17,100,4.06,-10.74,1.28,0.00,0.00
111337,-10.16,-1.56,12.29,13.36,178,0.21,1102,0.00,0.00,33.33,16,15.50,1.41,100,4.06,-10.74,1.30,0.00,0.00
111595,-11.72,-1.56,12.63,13.52,178,0.20,1103,0.00,0.00,33.33,16,13.00,1.18,100,4.06,-10.74,1.30,0.00,0.00
111851,-13.28,-1.56,12.75,13.52,178,0.22,1092,0.00,0.00,33.33,16,15.50,1.16,100,4.06,-10.74,1.32,0.00,0.39
112108,-14.84,-1.56,12.63,13.52,178,0.16,1085,0.00,0.00,33.33,16,4.50,1.16,100,4.35,-10.45,1.40,0.00,2.35
112364,-19.53,-0.78,12.98,12.96,178,1.11,744,0.00,0.00,33.33,16,6.00,1.43,100,8.85,-5.95,1.90,0.00,9.02
112622,-16.41,0.00,14.24,14.00,178,0.84,797,0.00,0.00,33.33,16,7.50,1.70,100,12.48,-2.32,1.78,0.00,9.02
112878,6.25,0.78,18.15,13.84,178,0.57,1284,0.00,0.00,33.33,16,10.50,2.74,100,11.17,-3.63,1.84,0.00,9.41
113135,4.69,1.56,15.73,13.60,178,0.59,1426,-2.11,0.00,33.33,16,15.50,2.74,100,9.87,-4.93,1.90,0.00,9.41
113392,13.28,2.34,15.39,13.52,178,0.66,1288,0.00,0.00,33.33,16,19.50,2.75,102,10.01,-4.79,1.88,0.00,9.41
113649,14.84,2.34,14.70,13.28,178,0.71,1191,0.00,0.00,33.33,16,23.00,2.64,102,10.88,-3.92,1.86,0.00,9.41
113906,10.94,3.12,13.44,13.52,178,0.62,1272,0.00,0.00,33.33,16,26.50,2.71,102,10.88,-3.92,1.86,0.00,9.41
114164,13.28,3.12,14.24,13.44,178,0.61,1372,0.00,0.00,33.33,16,27.00,3.00,102,10.45,-4.50,1.88,0.00,9.41
114421,8.59,5.47,14.01,13.36,178,0.58,1469,0.00,0.00,33.33,16,35.50,2.81,102,9.87,-4.93,1.90,0.00,9.41
114677,6.25,5.47,14.13,13.36,178,0.55,1598,0.00,0.00,33.33,16,40.00,3.07,102,9.43,-5.37,1.92,0.00,9.41
114935,4.69,5.47,14.47,13.44,178,0.53,1672,0.00,0.00,33.33,16,42.50,3.21,102,8.85,-5.95,1.92,0.00,9.41
115192,4.69,5.47,14.59,13.52,178,0.44,1763,0.00,0.00,33.33,16,28.50,3.01,102,8.27,-6.53,1.92,0.00,9.41
115449,5.47,5.47,14.70,13.52,178,0.51,1848,0.00,0.00,33.33,16,28.50,3.15,102,8.13,-6.67,1.94,0.00,9.41
115706,4.69,5.47,14.59,13.52,178,0.49,1918,0.00,0.00,33.33,16,28.00,3.27,102,7.98,-6.82,1.94,0.00,9.41
115962,4.69,5.47,14.59,13.52,178,0.47,2046,0.00,0.00,33.33,16,27.50,3.49,102,7.84,-6.96,1.96,0.00,9.41
116220,6.25,5.47,14.70,13.60,178,0.46,2104,0.00,0.00,33.33,16,42.50,3.59,102,7.69,-7.11,1.96,0.00,9.41
116477,6.25,5.47,14.59,13.60,178,0.47,2140,0.00,0.00,33.33,16,30.50,3.65,102,7.40,-7.40,1.98,0.00,9.41
116734,4.69,5.47,14.47,13.36,178,0.45,2223,0.00,0.00,33.33,16,26.50,3.79,102,7.11,-7.69,1.98,0.00,9.41
116990,3.12,5.47,14.36,13.36,178,0.44,2268,0.00,0.00,33.33,16,31.00,3.39,102,6.96,-7.84,1.98,0.00,9.41
117247,2.34,5.47,14.47,13.28,178,0.44,2307,0.00,0.00,33.33,16,26.00,3.44,104,6.82,-7.98,1.98,0.00,9.41
117504,2.34,5.47,14.70,13.28,178,0.43,2372,0.00,0.00,33.33,16,26.00,3.56,104,6.67,-8.13,2.00,0.00,9.41
117760,3.12,5.47,14.59,13.28,178,0.46,2426,0.00,0.00,33.33,16,13.00,3.62,104,6.53,-8.27,2.02,0.00,10.98
118017,3.12,5.47,14.47,13.28,178,0.60,2470,0.00,0.00,33.33,16,28.50,4.22,104,7.40,-7.40,2.16,0.39,14.12
118274,3.91,5.47,14.81,13.28,178,0.63,2560,0.00,0.00,33.33,16,41.50,4.91,104,9.00,-5.80,2.28,1.96,14.90
118531,7.81,5.47,15.16,13.36,178,0.59,2686,0.00,0.00,33.33,16,42.00,5.73,104,9.29,-5.51,2.30,2.35,15.69
118788,8.59,5.47,14.70,13.28,178,0.66,2813,0.00,0.00,66.67,16,44.00,6.00,104,9.58,-5.22,2.38,3.53,16.86
119045,7.03,5.47,14.47,13.28,178,0.68,2986,0.00,0.00,66.67,16,35.50,6.37,104,10.16,-4.64,2.44,4.31,18.04
119301,4.69,5.47,14.24,13.44,178,0.75,3129,0.00,0.00,66.67,16,45.50,7.34,104,10.88,-3.92,2.54,6.27,20.78
119558,4.69,5.47,14.59,13.44,178,0.75,3358,0.00,0.00,66.67,16,31.00,7.88,104,11.46,-3.34,2.60,7.06,21.18
119816,2.34,5.47,14.47,13.44,178,0.75,3561,0.00,0.00,66.67,16,31.00,8.36,104,11.75,-3.05,2.64,7.45,21.57
120073,-2.34,5.47,14.24,13.28,178,0.78,3740,0.00,0.00,66.67,16,45.00,8.78,106,11.75,-3.05,2.68,7.45,21.57
120330,0.00,5.47,14.59,13.20,178,0.74,3894,0.00,0.00,66.67,16,31.00,9.14,106,11.61,-3.19,2.72,7.06,20.00
120587,-22.66,5.47,11.37,13.28,178,0.19,3840,0.00,0.00,66.67,16,13.00,4.92,106,4.50,-10.30,2.06,0.00,0.00
120843,0.00,5.47,11.71,13.28,178,0.19,3384,0.00,0.00,66.67,16,15.50,0.00,106,3.77,-10.88,1.90,0.00,0.00
121100,0.00,5.47,22.97,13.28,178,0.86,2829,0.00,0.00,66.67,16,20.00,6.04,106,9.58,-5.08,2.58,3.53,21.18
121357,0.00,5.47,16.54,13.52,178,0.85,2410,0.00,0.00,33.33,16,38.50,6.17,106,13.06,-1.60,2.46,7.45,21.57
121615,11.72,5.47,16.08,13.44,178,0.90,2430,0.00,0.00,33.33,16,44.50,6.74,106,13.20,-1.45,2.50,9.02,23.53
121871,17.19,5.47,14.59,13.44,178,0.94,2559,0.00,0.00,33.33,16,37.50,7.64,106,14.07,-0.58,2.56,10.20,28.24
122129,17.97,5.47,13.90,13.52,178,1.00,2698,0.00,0.00,33.33,16,36.50,8.63,106,14.65,0.00,2.64,10.20,32.16
122385,14.84,5.47,13.78,13.36,178,1.01,2800,0.00,0.00,33.33,16,37.00,8.96,106,15.24,0.58,2.70,10.20,33.73
122643,4.69,5.47,13.55,13.20,178,1.09,2909,0.00,0.00,66.67,16,45.00,8.69,106,15.67,1.02,2.76,10.20,34.51
122899,-1.56,4.69,14.13,13.20,178,1.10,3012,0.00,0.00,66.67,16,46.00,9.15,108,16.11,1.60,2.82,10.20,34.51
123155,-2.34,3.91,14.70,13.20,178,1.12,3148,0.00,0.00,66.67,16,36.50,9.40,108,16.54,1.89,2.88,10.20,35.29
123412,-0.78,3.12,14.47,13.20,178,1.16,3310,0.00,0.00,66.67,16,31.00,9.89,108,17.12,2.47,2.94,10.20,36.08
123669,-1.56,2.34,14.47,13.20,178,1.17,3446,0.00,0.00,66.67,16,31.00,11.03,108,17.85,3.19,3.00,10.20,36.86
123927,-1.56,2.34,14.70,13.20,178,1.24,3571,0.00,0.00,66.67,16,36.50,11.43,108,18.43,3.77,3.08,10.20,38.04
124183,-0.78,1.56,14.70,13.20,178,1.35,3748,0.00,0.00,66.67,16,31.00,12.79,106,19.44,4.79,3.20,10.98,39.61
124441,-1.56,0.00,14.70,13.28,178,1.46,3918,0.00,0.00,66.67,16,46.00,14.21,106,20.75,6.09,3.32,10.98,40.78
124698,-3.91,0.00,14.59,13.28,178,1.54,4074,0.00,-3.16,66.67,16,28.00,15.64,106,22.05,7.40,3.42,2.75,41.57
124955,-3.12,0.00,15.16,13.28,178,1.64,4247,0.00,-3.16,66.67,16,34.50,17.21,106,22.93,8.27,3.56,0.00,43.92
125212,0.00,0.00,11.71,13.28,178,1.68,4396,0.00,-5.27,66.67,16,26.00,22.60,106,23.36,8.71,3.64,0.00,45.10
125470,0.00,0.00,11.48,13.20,178,1.68,4670,0.00,-5.27,66.67,16,30.50,23.91,106,23.07,8.42,3.68,0.00,44.71
125727,0.00,0.00,11.25,13.12,178,1.69,4902,0.00,-5.27,66.67,16,32.50,25.10,104,22.78,8.13,3.74,0.00,44.71
125983,0.00,0.00,11.37,13.36,178,1.68,5094,0.00,0.00,66.67,16,35.50,26.41,104,22.49,7.84,3.78,0.00,44.71
126241,0.00,0.00,11.37,13.28,178,1.71,5342,0.00,0.00,66.67,16,35.00,27.35,104,22.20,7.55,3.84,0.00,43.92
126498,0.00,0.00,11.37,13.36,178,1.70,5458,0.00,0.00,66.67,16,31.00,28.28,104,21.76,7.11,3.88,0.00,42.75
126757,0.00,0.00,11.37,13.36,178,1.67,5660,0.00,0.00,66.67,16,31.00,28.98,104,21.47,6.82,3.92,0.00,40.78
127014,0.00,0.00,11.25,13.20,178,1.63,5859,-2.11,0.00,66.67,16,34.00,30.00,102,20.60,5.95,3.90,0.00,38.82
127271,0.00,0.00,11.37,13.36,178,1.53,6058,-2.11,0.00,66.67,16,29.00,29.75,102,20.02,4.93,3.90,0.00,36.47
127528,0.00,0.00,11.37,13.12,178,0.67,6112,0.00,0.00,66.67,16,29.00,29.99,102,11.03,-3.63,2.80,0.00,0.00
127786,0.00,0.00,11.83,13.52,178,0.61,5395,0.00,0.00,66.67,16,15.50,0.00,102,4.50,-10.16,2.88,0.00,0.00
128043,0.00,0.00,18.26,13.12,178,1.38,4759,0.00,0.00,66.67,16,25.00,18.27,102,16.25,1.60,3.48,10.59,61.96
128300,0.00,0.00,12.40,13.20,178,1.65,4496,0.00,-5.27,66.67,16,26.00,22.06,102,21.62,6.96,3.64,19.22,62.75
128556,0.00,0.00,11.25,13.36,178,1.97,4498,0.00,-5.27,66.67,16,26.00,27.25,102,25.97,11.32,3.80,23.53,62.75
128813,0.00,0.00,11.48,13.28,178,1.96,4632,0.00,-5.27,66.67,16,29.50,28.66,102,27.42,12.77,3.86,18.04,62.35
129071,0.00,0.00,11.60,13.20,178,1.85,4756,0.00,-6.33,66.67,16,25.00,27.39,102,25.97,11.32,3.82,13.73,60.78
129328,0.00,0.00,11.37,13.12,178,1.89,4918,0.00,-8.09,66.67,16,28.50,28.33,102,25.39,10.74,3.88,14.90,59.22
129585,0.00,0.00,11.48,13.36,178,1.83,5006,0.00,-4.22,66.67,16,42.00,29.09,102,25.68,10.88,3.88,12.55,55.29
129842,0.00,0.00,11.48,13.20,178,1.78,5119,0.00,-4.22,66.67,16,34.50,28.39,102,24.23,9.58,3.84,5.10,52.16
130099,0.00,0.00,11.60,13.44,178,1.74,5208,0.00,-5.27,66.67,16,34.00,27.78,102,23.51,8.85,3.84,4.71,50.98
130356,0.00,0.00,11.60,13.12,178,1.77,5274,0.00,-5.27,66.67,16,33.00,28.13,102,23.36,8.71,3.88,4.71,50.98
130614,0.00,0.00,11.60,13.12,178,1.78,5361,0.00,-5.27,66.67,16,26.00,28.59,102,23.51,8.85,3.90,3.53,50.20
130871,0.00,0.00,11.60,13.12,178,1.77,5478,0.00,-6.33,66.67,16,33.00,30.39,102,23.36,8.71,3.92,1.57,49.41
131128,0.00,0.00,11.60,13.36,178,1.75,5460,0.00,-6.33,66.67,16,29.50,29.81,102,23.07,8.42,3.92,0.00,46.67
131386,0.00,0.00,11.60,13.36,178,1.78,5593,0.00,-6.33,66.67,16,25.00,29.83,100,22.78,8.13,3.94,0.00,46.27
131643,0.00,0.00,11.48,13.44,178,1.76,5660,0.00,-6.33,66.67,16,27.50,30.19,100,22.49,7.84,3.96,0.00,43.92
131900,0.00,0.00,11.48,13.12,178,1.72,5751,0.00,-6.33,66.67,16,39.00,30.67,100,21.91,7.25,3.94,0.00,42.35
132157,0.00,0.00,11.60,13.36,178,1.66,5827,0.00,-6.33,66.67,16,39.00,29.84,100,21.47,6.82,3.94,0.00,40.78
132414,0.00,0.00,11.48,13.20,178,1.59,5938,0.00,-6.33,66.67,16,30.50,30.40,100,20.46,5.80,3.90,0.00,37.25
132672,0.00,0.00,11.94,13.36,178,0.45,5928,0.00,0.00,66.67,16,13.00,29.09,100,9.58,-5.08,2.40,0.00,0.00
132929,0.00,0.00,12.06,13.44,178,0.57,5023,0.00,0.00,66.67,16,13.00,9.64,100,5.08,-9.58,2.68,0.00,0.00
133185,0.00,0.00,13.67,13.20,178,1.05,4650,0.00,0.00,66.67,16,25.00,12.89,100,12.48,-2.18,3.20,2.35,41.96
133442,0.00,0.00,12.98,13.36,178,1.33,4233,0.00,0.00,66.67,16,46.00,16.01,100,18.28,3.63,3.26,10.98,44.71
133700,0.00,0.00,11.83,13.44,178,1.54,4287,0.00,-8.09,66.67,16,26.00,19.82,100,21.33,6.67,3.46,12.55,44.71
133956,0.00,0.00,11.48,13.44,178,1.69,4273,0.00,-8.09,66.67,16,27.50,21.88,100,23.36,8.71,3.58,6.67,44.71
134214,0.00,0.00,11.60,13.44,178,1.63,4310,0.00,0.00,66.67,16,31.00,21.15,100,23.36,8.71,3.54,0.00,43.92
134469,0.00,0.00,11.60,13.44,178,1.63,4350,0.00,0.00,66.67,0,31.00,21.34,100,23.36,8.71,3.58,0.00,43.92
134727,0.00,0.00,11.37,13.28,178,1.62,4401,0.00,0.00,66.67,0,26.00,26.29,100,23.36,8.71,3.58,0.00,43.14
134985,0.00,0.00,11.37,13.20,178,1.64,4396,-2.11,0.00,66.67,0,39.00,26.26,100,23.07,8.42,3.58,0.00,42.35
135241,0.00,0.00,11.48,13.20,178,1.62,4470,-2.11,0.00,66.67,0,31.50,26.70,100,22.93,8.27,3.58,0.00,41.18
135498,0.00,0.00,11.48,13.36,178,1.60,4467,-2.11,0.00,66.67,0,27.00,26.68,100,22.49,7.84,3.58,0.00,38.43
135755,0.00,0.00,11.48,13.44,178,1.56,4542,-2.11,0.00,66.67,0,28.50,26.16,100,22.20,7.55,3.60,0.00,35.69
136012,0.00,0.00,11.60,13.36,178,0.82,4486,0.00,0.00,66.67,0,15.50,16.27,100,8.13,-6.53,2.90,0.00,0.00
136268,0.00,0.00,12.06,13.20,178,0.60,4302,0.00,0.00,66.67,0,13.00,0.00,100,5.08,-9.58,2.58,0.00,0.00
136524,0.00,0.78,23.89,13.44,178,0.27,3826,0.00,0.00,66.67,0,15.50,0.00,100,5.51,-9.14,2.04,0.00,0.00
136782,0.00,1.56,24.12,13.52,178,0.29,3334,0.00,0.00,66.67,0,13.00,0.00,100,5.80,-8.85,1.92,0.00,0.00
137039,0.00,2.34,24.00,13.52,178,0.27,2868,0.00,0.00,66.67,0,13.00,0.00,100,5.66,-9.14,1.86,0.00,0.00
137295,0.00,2.34,24.12,13.68,178,0.23,2515,0.00,0.00,33.33,0,13.00,0.00,100,5.37,-9.29,1.82,0.00,0.00
137553,0.00,1.56,24.23,13.68,178,0.27,2191,0.00,0.00,33.33,0,13.00,0.00,100,5.37,-9.29,1.70,0.00,0.00
137810,0.00,1.56,24.46,13.60,178,0.23,1873,0.00,0.00,33.33,0,13.00,0.00,100,5.80,-8.85,1.62,0.00,0.00
138066,0.00,1.56,24.35,13.60,178,0.33,1520,0.00,0.00,33.33,0,13.00,0.00,100,6.24,-8.42,1.58,0.00,0.00
138324,0.00,1.56,24.35,13.60,178,0.29,1266,0.00,0.00,33.33,0,11.00,2.43,100,7.11,-7.55,1.48,0.00,0.00
138581,0.00,1.56,12.86,13.68,178,0.17,1450,0.00,0.00,33.33,0,13.00,2.16,100,5.80,-8.85,1.32,0.00,0.00
138837,0.00,0.78,11.25,13.60,178,0.17,1608,0.00,0.00,33.33,0,13.00,2.06,100,4.93,-9.72,1.40,0.00,0.00
139093,0.00,0.78,11.71,13.52,180,0.17,1692,0.00,0.00,33.33,0,13.00,1.81,100,4.35,-10.30,1.40,0.00,0.00
139351,-3.12,-1.56,11.94,13.44,180,0.18,1679,0.00,0.00,33.33,0,13.00,1.79,100,4.06,-10.59,1.42,0.00,0.00
139608,-3.12,-1.56,13.78,13.44,180,0.18,1615,0.00,0.00,33.33,0,13.00,1.72,100,4.06,-10.59,1.42,0.00,0.00
139864,-3.12,-1.56,13.90,13.60,180,0.19,1556,0.00,0.00,33.33,0,13.00,1.66,100,4.35,-10.30,1.36,0.00,0.00
140121,-3.12,-1.56,14.01,13.60,180,0.18,1514,0.00,0.00,33.33,0,13.00,1.62,100,4.50,-10.16,1.40,0.00,0.00
140378,-2.34,-1.56,14.13,13.60,180,0.17,1496,0.00,0.00,33.33,0,13.00,1.91,100,4.50,-10.16,1.36,0.00,0.00
140635,-2.34,-1.56,14.47,13.60,180,0.16,1462,0.00,0.00,33.33,0,13.00,1.55,100,4.64,-10.01,1.26,0.00,0.00
140892,-1.56,-1.56,14.70,13.60,180,0.14,1457,0.00,0.00,33.33,0,13.00,1.55,102,4.50,-10.16,1.24,0.00,0.00
141149,-0.78,-1.56,14.81,13.60,180,0.14,1440,0.00,0.00,33.33,0,16.50,1.54,102,4.06,-10.59,1.22,0.00,0.00
141406,0.00,-1.56,13.90,13.60,180,0.11,1426,0.00,0.00,33.33,0,19.00,1.52,102,3.77,-10.88,1.16,0.00,0.00
141662,-2.34,-1.56,12.63,13.68,180,0.13,1397,0.00,0.00,33.33,0,19.50,1.49,102,3.77,-10.88,1.22,0.00,0.00
141919,-3.91,-1.56,11.94,13.68,180,0.13,1372,0.00,0.00,33.33,0,19.00,1.46,102,3.77,-10.88,1.20,0.00,0.00
142175,-6.25,-1.56,11.83,13.60,180,0.16,1370,0.00,0.00,33.33,0,16.50,1.46,102,3.77,-10.88,1.24,0.00,0.00
142432,-7.81,-1.56,11.83,13.52,180,0.13,1360,0.00,0.00,33.33,0,16.00,1.45,102,3.77,-10.88,1.22,0.00,0.00
142689,-10.16,-1.56,11.83,13.44,180,0.14,1340,0.00,0.00,33.33,0,16.50,1.43,102,3.77,-10.88,1.26,0.00,0.00
142945,-11.72,-1.56,11.83,13.44,180,0.12,1320,0.00,0.00,33.33,0,17.00,1.41,102,3.77,-10.88,1.18,0.00,0.00
143202,-14.06,-1.56,11.83,13.52,180,0.12,1312,0.00,0.00,33.33,0,16.50,1.40,102,3.77,-10.88,1.18,0.00,0.00
143458,-15.62,-1.56,11.83,13.52,180,0.12,1321,0.00,0.00,33.33,0,15.00,1.41,102,3.77,-10.88,1.18,0.00,0.00
143716,-17.97,-1.56,11.94,13.52,180,0.14,1299,0.00,0.00,33.33,0,14.00,1.68,102,3.77,-10.88,1.28,0.00,0.00
143973,-19.53,-1.56,11.94,13.60,180,0.14,1295,0.00,0.00,33.33,0,16.50,1.38,102,3.77,-10.88,1.28,0.00,0.00
144229,-21.09,-1.56,12.06,13.52,180,0.11,1289,0.00,0.00,33.33,0,14.00,1.37,102,3.77,-10.88,1.14,0.00,0.00
144485,-22.66,-1.56,11.94,13.60,180,0.01,1271,0.00,0.00,33.33,0,16.00,1.36,102,3.77,-10.88,1.16,0.00,0.00
144742,-24.22,-1.56,12.06,13.60,180,0.15,1279,0.00,0.00,33.33,0,14.00,1.36,102,3.77,-10.88,1.24,0.00,0.00
145000,-25.00,-1.56,12.29,13.68,180,0.15,1433,0.00,0.00,33.33,0,13.00,1.53,102,3.77,-10.88,1.28,0.00,0.00
145258,0.00,-1.56,12.29,13.60,180,0.14,1812,0.00,0.00,33.33,0,13.00,1.93,102,3.19,-11.46,1.34,0.00,0.00
145515,0.00,-1.56,12.06,13.44,180,0.10,2294,0.00,0.00,33.33,0,13.00,0.00,102,2.90,-11.75,1.30,0.00,0.00
145773,0.00,-1.56,13.90,13.28,180,0.06,3280,0.00,0.00,66.67,0,15.50,0.00,102,2.47,-12.19,1.26,0.00,0.00
146030,0.00,-1.56,23.66,13.28,180,0.05,3116,0.00,0.00,66.67,0,13.00,0.00,102,2.32,-12.33,1.18,0.00,0.00
146287,0.00,-1.56,25.27,13.52,181,0.07,3057,0.00,0.00,66.67,0,13.00,0.00,102,2.32,-12.33,1.26,0.00,0.00
146546,0.00,-0.78,24.23,13.52,181,0.15,3061,0.00,0.00,66.67,0,15.50,0.00,102,3.19,-11.46,1.66,0.00,0.00
146802,0.00,-0.78,24.46,13.52,181,0.16,2982,0.00,0.00,66.67,0,15.50,0.00,102,3.19,-11.46,1.56,0.00,0.00
147060,0.00,-1.56,24.12,13.52,181,0.11,2920,0.00,0.00,66.67,0,13.00,0.00,102,2.76,-11.90,1.44,0.00,0.00
147317,0.00,-1.56,24.46,13.52,181,0.10,2850,0.00,0.00,66.67,0,15.50,0.00,102,2.61,-12.04,1.42,0.00,0.00
147574,0.00,-1.56,24.23,13.52,181,0.10,2798,0.00,0.00,66.67,0,13.00,0.00,102,2.47,-12.19,1.40,0.00,0.00
147832,0.00,-1.56,24.58,13.52,181,0.08,2720,0.00,0.00,66.67,0,13.00,0.00,102,2.18,-12.48,1.28,0.00,0.00
148089,0.00,-1.56,24.58,13.60,181,0.09,2494,0.00,0.00,33.33,0,13.00,0.00,102,2.18,-12.48,1.32,0.00,0.00
148346,0.00,-1.56,24.58,13.60,181,0.14,2072,0.00,0.00,33.33,0,13.00,0.00,102,2.90,-11.75,1.38,0.00,0.00
148603,0.00,-1.56,24.81,13.60,181,0.17,1679,0.00,0.00,33.33,0,15.50,0.00,102,3.19,-11.46,1.40,0.00,0.00
148861,0.00,-1.56,24.12,13.44,181,0.20,1308,0.00,0.00,33.33,0,21.00,0.00,102,3.63,-11.17,1.34,0.00,0.00
149118,0.00,-1.56,24.69,13.60,181,0.22,1186,0.00,0.00,33.33,0,19.00,1.27,102,4.21,-10.59,1.36,0.00,0.00
149375,0.00,-1.56,21.36,13.52,181,0.15,1652,0.00,0.00,33.33,0,15.50,1.76,102,3.48,-11.32,1.34,0.00,0.00
149632,0.00,-1.56,11.94,13.52,181,0.13,2015,0.00,0.00,33.33,0,15.50,2.15,102,2.90,-11.90,1.34,0.00,0.00
149889,0.00,-1.56,12.63,13.68,180,0.12,2283,0.00,0.00,33.33,0,15.50,0.00,102,3.05,-11.75,1.40,0.00,0.00
150147,0.00,-1.56,12.75,13.68,180,0.11,2642,0.00,0.00,33.33,0,15.50,0.00,102,2.47,-12.33,1.42,0.00,0.00
150403,0.00,-1.56,17.80,13.52,180,0.12,2746,0.00,0.00,66.67,0,15.50,0.00,102,2.47,-12.33,1.46,0.00,0.00
150660,0.00,-0.78,25.27,13.68,180,0.13,2633,0.00,0.00,33.33,0,15.50,0.00,102,2.47,-12.19,1.44,0.00,0.00
150918,0.00,-1.56,24.35,13.60,180,0.13,2560,0.00,0.00,33.33,0,15.50,0.00,102,2.61,-12.19,1.44,0.00,0.00
151175,0.00,-1.56,24.58,13.60,180,0.13,2393,0.00,0.00,33.33,0,15.50,0.00,102,2.76,-12.04,1.44,0.00,0.00
151433,0.00,-1.56,24.81,13.60,180,0.14,2314,0.00,0.00,33.33,0,15.50,0.00,102,2.90,-11.90,1.42,0.00,0.00
151691,0.00,-1.56,24.23,13.60,180,0.14,2184,0.00,0.00,33.33,0,15.50,0.00,102,3.05,-11.75,1.42,0.00,0.00
151948,0.00,-1.56,24.12,13.60,180,0.15,2047,0.00,0.00,33.33,0,13.00,0.00,102,3.34,-11.46,1.42,0.00,0.00
152206,0.00,-1.56,24.46,13.60,180,0.16,1891,0.00,0.00,33.33,0,15.50,0.00,102,3.34,-11.46,1.40,0.00,0.00
152463,0.00,-1.56,23.77,13.44,180,0.16,1754,0.00,0.00,33.33,0,15.50,0.00,102,3.19,-11.61,1.38,0.00,0.00
152720,0.00,-1.56,24.69,13.44,180,0.16,1640,0.00,0.00,33.33,0,15.50,0.00,102,3.19,-11.61,1.36,0.00,0.00
152977,0.00,-1.56,24.23,13.36,180,0.17,1528,0.00,0.00,33.33,0,14.50,0.00,102,3.34,-11.46,1.34,0.00,0.00
153235,0.00,-1.56,23.89,13.44,180,0.18,1436,0.00,0.00,33.33,0,21.00,0.00,102,3.63,-11.17,1.34,0.00,0.00
153492,0.00,-1.56,24.00,13.60,180,0.19,1359,0.00,0.00,33.33,0,21.00,0.00,102,3.77,-11.03,1.32,0.00,0.00
153750,0.00,-1.56,24.46,13.68,180,0.19,1397,0.00,0.00,33.33,0,21.00,0.00,102,3.77,-11.03,1.34,0.00,0.00
154007,0.00,-1.56,23.77,13.60,180,0.20,1279,0.00,0.00,33.33,0,-0.50,1.34,102,3.77,-10.88,1.34,0.00,0.00
154264,0.00,-1.56,23.77,13.52,180,0.28,1294,0.00,0.00,33.33,0,4.50,1.72,102,4.21,-10.59,1.46,0.00,1.57
154521,0.00,-0.78,23.43,13.68,180,0.27,1324,0.00,0.00,33.33,0,26.00,1.70,102,4.50,-10.30,1.46,0.00,1.96
154778,0.00,-0.78,16.88,13.68,180,0.30,1266,0.00,0.00,33.33,0,26.00,1.62,102,4.93,-9.87,1.50,0.00,2.75
155036,0.00,0.00,15.96,13.60,178,0.35,1284,0.00,0.00,33.33,0,40.50,1.64,102,5.37,-9.43,1.58,0.00,3.92
155293,0.00,1.56,16.08,13.60,178,0.36,1290,0.00,0.00,33.33,0,26.00,1.65,104,5.80,-9.00,1.58,0.00,3.92
155551,0.00,1.56,15.73,13.60,178,0.37,1299,0.00,0.00,33.33,0,26.00,1.94,104,6.09,-8.71,1.62,0.00,4.31
155808,0.00,1.56,15.62,13.44,178,0.39,1313,0.00,0.00,33.33,0,40.50,1.96,104,6.24,-8.56,1.64,0.00,4.71
156064,0.00,1.56,15.50,13.44,178,0.41,1334,0.00,0.00,33.33,0,34.00,1.99,104,6.53,-8.27,1.68,0.00,5.49
156321,0.00,1.56,15.62,13.44,178,0.44,1344,0.00,0.00,33.33,0,26.00,2.01,104,6.82,-7.98,1.70,0.00,5.88
156579,4.69,2.34,15.50,13.44,178,0.44,1404,0.00,0.00,33.33,0,26.00,2.40,104,7.25,-7.55,1.74,0.00,6.27
156836,10.94,2.34,15.16,13.52,178,0.45,1444,0.00,0.00,33.33,0,33.00,2.46,104,7.40,-7.40,1.76,0.00,6.27
157093,11.72,3.12,14.13,13.52,178,0.96,1531,0.00,0.00,33.33,0,31.00,3.92,104,11.61,-3.19,2.24,3.92,15.29
157351,-1.56,3.12,12.29,13.60,178,0.60,1584,0.00,0.00,33.33,0,26.00,3.05,104,10.74,-4.35,1.96,0.00,11.37
157608,7.03,5.47,14.81,13.60,178,0.64,1654,0.00,0.00,33.33,0,30.50,3.45,104,10.30,-4.50,2.00,0.00,11.37
157865,8.59,5.47,14.13,13.52,178,0.63,1664,0.00,0.00,33.33,0,26.00,3.55,104,10.16,-4.64,2.04,0.00,11.76
158123,10.16,5.47,13.90,13.52,178,0.63,1766,0.00,0.00,33.33,0,26.00,3.77,104,10.01,-4.79,2.06,0.00,11.76
158380,10.94,5.47,14.01,13.52,178,0.65,1810,0.00,0.00,33.33,0,26.00,3.86,104,10.01,-4.79,2.08,0.00,12.16
158638,11.72,5.47,14.01,13.52,178,0.64,1889,0.00,0.00,33.33,0,26.00,4.03,104,10.01,-4.79,2.10,0.00,12.16
158895,10.16,5.47,13.55,13.44,178,0.62,1958,0.00,0.00,33.33,0,26.00,4.18,104,10.01,-4.79,2.10,0.00,12.55
159152,10.16,5.47,13.67,13.36,178,0.65,2021,0.00,0.00,33.33,0,26.00,4.31,104,10.16,-4.64,2.16,0.78,14.90
159409,12.50,5.47,13.90,13.36,178,0.70,2123,0.00,0.00,33.33,0,23.50,4.98,104,11.17,-3.63,2.22,2.35,15.29
159667,11.72,5.47,13.67,13.28,178,0.73,2140,0.00,0.00,33.33,0,26.00,5.02,104,11.46,-3.34,2.26,3.14,16.47
159924,12.50,5.47,13.78,13.28,178,0.84,2222,0.00,0.00,33.33,0,26.00,5.69,104,12.62,-2.18,2.38,7.06,21.57
160182,14.06,5.47,13.78,13.28,178,0.89,2340,0.00,0.00,33.33,0,26.00,6.49,104,13.64,-1.16,2.48,10.20,26.27
160439,16.41,5.47,13.90,13.60,178,0.92,2372,0.00,0.00,33.33,0,33.00,7.28,104,14.07,-0.73,2.50,10.20,28.24
160696,17.19,5.47,14.01,13.60,178,0.94,2514,0.00,0.00,33.33,0,40.00,7.57,104,14.36,-0.44,2.54,10.20,28.63
160953,16.41,5.47,13.55,13.60,178,0.96,2623,0.00,0.00,33.33,0,26.00,7.72,106,14.65,-0.29,2.60,10.20,29.41
161210,14.84,5.47,13.55,13.60,178,1.00,2764,0.00,0.00,33.33,0,34.00,8.37,106,14.80,0.15,2.66,10.20,29.41
161467,13.28,5.47,13.09,13.44,178,1.02,2838,0.00,0.00,66.67,0,29.50,9.08,106,15.09,0.29,2.70,10.20,29.41
161725,5.47,5.47,13.44,13.52,178,0.98,3010,0.00,0.00,66.67,0,40.50,8.99,106,15.24,0.44,2.76,10.20,25.49
161982,3.91,5.47,13.67,13.44,178,0.98,3071,0.00,0.00,66.67,0,30.50,8.52,106,14.51,-0.29,2.72,10.20,21.18
162240,-3.12,5.47,12.86,13.44,178,0.75,3208,0.00,0.00,66.67,0,40.00,6.84,106,12.33,-2.47,2.56,4.71,18.04
162496,0.78,5.47,14.01,13.44,178,0.67,3272,0.00,0.00,66.67,0,41.00,6.98,106,11.32,-3.48,2.48,2.75,14.90
162754,-3.91,5.47,13.32,13.36,178,0.29,3248,0.00,0.00,66.67,0,29.00,4.85,106,7.40,-7.40,2.00,0.00,1.57
163010,0.00,5.47,11.48,13.36,178,0.23,3164,0.00,0.00,66.67,0,31.00,0.00,106,3.05,-11.75,1.94,0.00,0.00
163269,0.00,5.47,11.94,13.28,178,0.19,2797,0.00,0.00,66.67,0,17.00,0.00,106,2.61,-12.19,1.54,0.00,0.00
163526,0.00,5.47,13.90,13.68,178,0.20,2485,0.00,0.00,33.33,0,15.50,0.00,106,2.61,-12.19,1.56,0.00,0.00
163783,0.00,4.69,21.48,13.60,178,0.19,2086,0.00,0.00,33.33,0,15.50,0.00,106,3.19,-11.61,1.54,0.00,0.00
164041,0.00,3.91,23.77,13.60,178,0.20,1618,0.00,0.00,33.33,0,15.00,0.00,106,3.34,-11.46,1.40,0.00,0.00
164298,0.00,3.12,23.43,13.52,178,0.22,1286,0.00,0.00,33.33,0,21.00,1.71,106,3.77,-10.88,1.36,0.00,0.00
164555,0.00,2.34,23.43,13.76,178,0.19,1215,0.00,0.00,33.33,0,14.50,1.25,106,4.35,-10.45,1.28,0.00,0.00
164813,0.00,1.56,13.21,13.60,178,0.17,1311,0.00,0.00,33.33,0,11.50,1.40,106,4.06,-10.74,1.32,0.00,0.00
165070,-2.34,1.56,12.17,13.60,178,0.22,1270,0.00,0.00,33.33,0,12.50,1.35,106,3.92,-10.88,1.36,0.00,0.00
165327,-3.12,0.78,13.32,13.68,178,0.21,1270,0.00,0.00,33.33,0,13.50,1.35,106,3.92,-10.88,1.38,0.00,0.00
165584,-3.12,-1.56,13.32,13.60,178,0.22,1258,0.00,0.00,33.33,0,13.00,1.34,106,3.92,-10.88,1.36,0.00,0.00
165841,-3.91,-1.56,13.21,13.52,178,0.22,1252,0.00,0.00,33.33,0,14.50,1.34,106,3.92,-10.88,1.36,0.00,0.00
166098,-3.91,-1.56,13.32,13.44,178,0.22,1252,0.00,0.00,33.33,0,14.00,1.33,106,3.92,-10.88,1.36,0.00,0.00
166356,-4.69,-1.56,13.21,13.44,178,0.22,1252,0.00,0.00,33.33,0,13.50,1.34,106,3.92,-10.88,1.36,0.00,0.00
166613,-5.47,-1.56,13.21,13.36,178,0.22,1236,0.00,0.00,33.33,0,15.00,1.32,106,3.92,-10.88,1.38,0.00,0.00
166871,-5.47,-1.56,13.32,13.36,178,0.22,1238,0.00,0.00,33.33,0,14.00,1.32,106,4.06,-10.74,1.38,0.00,0.00
167129,-6.25,-1.56,13.21,13.36,178,0.22,1220,0.00,0.00,33.33,0,15.50,1.56,106,4.06,-10.74,1.36,0.00,0.00
167386,-7.03,-1.56,13.21,13.60,178,0.22,1240,0.00,0.00,33.33,0,12.50,1.32,106,4.06,-10.74,1.36,0.00,0.00
167643,-7.03,-1.56,13.44,13.60,178,0.22,1232,0.00,0.00,33.33,0,13.00,1.31,106,4.06,-10.74,1.36,0.00,0.00
167901,-7.81,-1.56,13.44,13.60,178,0.22,1212,0.00,0.00,33.33,0,15.50,1.29,106,4.06,-10.59,1.36,0.00,0.00
168158,-7.81,-1.56,13.44,13.60,178,0.22,1209,0.00,0.00,33.33,0,14.00,1.29,106,4.21,-10.59,1.36,0.00,0.00
168415,-7.81,-1.56,13.67,13.60,178,0.22,1199,0.00,0.00,33.33,0,13.00,1.28,106,4.21,-10.59,1.36,0.00,0.00
168674,-7.81,-1.56,13.78,13.60,178,0.23,1201,0.00,0.00,33.33,0,14.50,1.28,106,4.21,-10.59,1.36,0.00,0.00
168931,-7.81,-1.56,13.90,13.60,178,0.23,1184,0.00,0.00,33.33,0,15.50,1.26,106,4.35,-10.45,1.36,0.00,0.00
169189,-7.81,-1.56,14.01,13.60,178,0.23,1171,0.00,0.00,33.33,0,16.00,1.25,106,4.35,-10.45,1.36,0.00,0.00
169446,-7.81,-1.56,14.01,13.52,178,0.23,1162,0.00,0.00,33.33,0,14.50,1.24,106,4.50,-10.30,1.36,0.00,0.00
169703,-7.81,-1.56,14.13,13.44,178,0.24,1139,0.00,0.00,33.33,0,17.50,1.21,106,4.50,-10.30,1.36,0.00,0.00
169961,-7.81,-1.56,14.36,13.44,178,0.23,1151,0.00,0.00,33.33,0,15.50,1.23,106,4.50,-10.30,1.36,0.00,0.00
170218,-7.03,-1.56,14.24,13.36,178,0.23,1142,0.00,0.00,33.33,0,15.50,1.46,106,4.50,-10.30,1.36,0.00,0.00
170476,-7.03,-1.56,14.36,13.36,178,0.23,1147,0.00,0.00,33.33,0,14.50,1.47,106,4.50,-10.30,1.36,0.00,0.00
170733,-7.03,-1.56,14.24,13.36,178,0.23,1138,0.00,0.00,33.33,0,15.00,1.46,106,4.50,-10.30,1.36,0.00,0.00
170990,-6.25,-1.56,14.24,13.52,178,0.23,1124,0.00,0.00,33.33,0,15.50,1.20,106,4.50,-10.30,1.34,0.00,0.00
171247,-6.25,-1.56,14.01,13.60,178,0.23,1126,0.00,0.00,33.33,0,15.00,1.20,106,4.50,-10.30,1.34,0.00,0.00
171504,-6.25,-1.56,14.36,13.52,178,0.23,1120,0.00,0.00,33.33,0,14.00,1.20,106,4.50,-10.30,1.34,0.00,0.00
171761,-5.47,-1.56,14.36,13.52,178,0.25,1128,0.00,0.00,33.33,0,15.00,1.20,106,4.50,-10.30,1.36,0.00,0.00
172018,-5.47,-1.56,14.47,13.52,178,0.27,1132,0.00,0.00,33.33,0,15.50,1.21,106,4.79,-10.01,1.40,0.00,0.39
172275,-4.69,-1.56,14.70,13.52,178,0.27,1117,0.00,0.00,33.33,0,15.50,1.19,106,4.93,-9.87,1.40,0.00,0.78
172533,-3.91,-1.56,15.27,13.44,178,0.29,1073,0.00,0.00,33.33,0,17.50,1.37,106,5.22,-9.58,1.42,0.00,0.78
172789,-2.34,-1.56,16.08,13.36,178,0.30,1041,0.00,0.00,33.33,0,18.00,1.33,106,5.37,-9.43,1.42,0.00,0.78
173047,-0.78,-1.56,15.96,13.36,178,0.30,1052,0.00,0.00,33.33,0,16.50,1.35,106,5.51,-9.29,1.42,0.00,1.18
173304,0.78,-1.56,15.96,13.28,178,0.32,1020,0.00,0.00,33.33,0,19.00,1.31,106,5.66,-9.14,1.44,0.00,1.18
173562,2.34,-1.56,15.96,13.28,180,0.33,982,0.00,0.00,33.33,0,20.00,1.26,106,5.95,-8.85,1.42,0.00,1.18
173819,3.12,-1.56,15.62,13.28,180,0.34,977,0.00,0.00,33.33,0,19.00,1.25,106,6.09,-8.71,1.44,0.00,1.18
174076,3.91,-1.56,15.04,13.36,180,0.33,974,0.00,0.00,33.33,0,17.50,1.45,108,6.24,-8.56,1.40,0.00,0.78
174333,3.91,-1.56,14.70,13.52,180,0.32,947,0.00,0.00,33.33,0,19.00,1.21,108,6.09,-8.71,1.40,0.00,0.39
174590,4.69,-1.56,14.36,13.52,180,0.30,922,0.00,0.00,33.33,0,20.00,1.18,108,5.95,-8.85,1.40,0.00,0.39
174848,4.69,-1.56,14.13,13.60,180,0.28,997,0.00,0.00,33.33,0,13.00,1.26,108,5.66,-9.14,1.38,0.00,0.39
175105,4.69,-1.56,14.24,13.68,180,0.26,1054,0.00,0.00,33.33,0,6.00,1.36,108,5.37,-9.43,1.36,0.00,0.39
175362,5.47,-1.56,14.47,13.60,180,0.28,1038,0.00,0.00,33.33,0,9.00,1.33,108,5.22,-9.58,1.38,0.00,0.39
175619,5.47,-1.56,14.59,13.52,180,0.29,974,0.00,0.00,33.33,0,18.50,1.25,108,5.22,-9.58,1.38,0.00,0.39
175877,6.25,-1.56,14.59,13.60,180,0.29,1008,0.00,0.00,33.33,0,17.50,1.29,108,5.37,-9.43,1.40,0.00,0.39
176134,6.25,-1.56,14.59,13.60,180,0.31,960,0.00,0.00,33.33,0,17.00,1.23,108,5.66,-9.14,1.40,0.00,0.78
176391,7.03,-1.56,14.36,13.36,180,0.35,876,0.00,0.00,33.33,0,21.00,1.31,109,5.95,-8.85,1.42,0.00,0.78
176649,7.03,-1.56,14.24,13.28,180,0.36,844,0.00,0.00,33.33,0,21.00,1.26,109,6.38,-8.42,1.42,0.00,0.78
176905,7.03,-1.56,14.13,13.36,180,0.30,867,0.00,0.00,33.33,0,19.50,1.30,109,6.53,-8.27,1.34,0.00,0.00
177163,7.03,-1.56,14.24,13.44,180,0.25,1022,0.00,0.00,33.33,0,4.50,1.31,109,5.80,-9.00,1.34,0.00,0.00
177420,7.03,-1.56,14.13,13.28,180,0.25,1065,0.00,0.00,33.33,0,4.50,1.36,109,5.08,-9.72,1.34,0.00,0.00
177677,7.03,-1.56,14.24,13.60,180,0.24,1057,0.00,0.00,33.33,0,5.50,1.35,109,4.79,-10.01,1.34,0.00,0.00
177934,7.03,-1.56,14.13,13.60,180,0.24,1058,0.00,0.00,33.33,0,7.00,1.35,111,4.93,-9.87,1.34,0.00,0.00
178191,7.03,-1.56,14.13,13.60,180,0.24,1050,0.00,0.00,33.33,0,8.00,1.36,111,4.79,-10.01,1.34,0.00,0.00
178449,7.81,-1.56,14.36,13.60,180,0.24,1066,0.00,0.00,33.33,0,9.50,1.36,111,4.79,-10.01,1.34,0.00,0.00
178706,7.81,-1.56,14.36,13.60,180,0.24,1072,0.00,0.00,33.33,0,9.00,1.37,111,4.79,-10.01,1.34,0.00,0.00
178963,7.81,-0.78,14.13,13.60,180,0.24,1071,0.00,0.00,33.33,0,8.50,1.37,111,4.79,-10.01,1.34,0.00,0.00
179221,8.59,-0.78,14.24,13.60,180,0.24,1084,0.00,0.00,33.33,0,9.50,1.16,113,4.79,-10.01,1.34,0.00,0.00
179478,8.59,-0.78,14.47,13.52,180,0.23,1093,0.00,0.00,33.33,0,10.50,1.17,113,4.64,-10.16,1.34,0.00,0.00
179735,9.38,-0.78,14.47,13.44,180,0.22,1094,0.00,0.00,33.33,0,11.00,1.17,113,4.64,-10.16,1.32,0.00,0.00
179991,10.16,-0.78,14.47,13.36,180,0.22,1102,0.00,0.00,33.33,0,10.50,1.18,113,4.50,-10.30,1.32,0.00,0.00
180249,10.94,-0.78,14.36,13.44,180,0.22,1102,0.00,0.00,33.33,0,11.00,1.18,113,4.35,-10.45,1.30,0.00,0.00
180506,10.94,-0.78,14.13,13.36,180,0.22,1104,0.00,0.00,33.33,0,11.50,1.41,113,4.35,-10.45,1.30,0.00,0.00
180763,10.16,-0.78,13.55,13.28,180,0.22,1095,0.00,0.00,33.33,0,11.50,1.40,113,4.35,-10.45,1.30,0.00,0.00
181021,9.38,-0.78,13.55,13.28,181,0.21,1100,0.00,0.00,33.33,0,12.50,1.41,115,4.35,-10.45,1.30,0.00,0.00
181278,8.59,-0.78,13.32,13.52,181,0.22,1026,0.00,0.00,33.33,0,13.00,1.40,115,4.35,-10.45,1.32,0.00,0.00
181536,7.03,-0.78,13.32,13.60,181,0.22,1080,0.00,0.00,33.33,0,14.00,1.15,115,4.35,-10.45,1.32,0.00,0.00
181793,7.03,-0.78,13.67,13.52,181,0.22,1084,0.00,0.00,33.33,0,14.50,1.14,115,4.35,-10.45,1.32,0.00,0.00
182051,6.25,-0.78,13.55,13.52,181,0.22,1072,0.00,0.00,33.33,0,13.00,1.15,115,4.35,-10.45,1.32,0.00,0.00
182308,6.25,-0.78,13.78,13.52,181,0.22,1063,0.00,0.00,33.33,0,15.00,1.13,115,4.35,-10.45,1.30,0.00,0.00
182565,6.25,-0.78,13.90,13.52,181,0.22,1069,0.00,0.00,33.33,0,14.50,1.14,115,4.35,-10.45,1.32,0.00,0.00
182823,6.25,-0.78,13.90,13.36,181,0.23,1053,0.00,0.00,33.33,0,14.00,1.12,115,4.35,-10.45,1.30,0.00,0.00
183080,6.25,-0.78,13.90,13.28,181,0.23,1036,0.00,0.00,33.33,0,16.00,1.33,115,4.35,-10.45,1.30,0.00,0.00
183337,6.25,-0.78,14.13,13.36,181,0.23,1032,0.00,0.00,33.33,0,14.00,1.32,117,4.35,-10.45,1.30,0.00,0.00
183594,7.03,-0.78,14.13,13.68,181,0.22,1050,0.00,0.00,33.33,0,13.00,1.12,117,4.35,-10.45,1.30,0.00,0.00
183851,7.03,-0.78,14.01,13.44,181,0.22,1058,0.00,0.00,33.33,0,12.00,1.13,117,4.35,-10.45,1.30,0.00,0.00
184109,7.03,-0.78,14.01,13.28,181,0.22,1054,0.00,0.00,33.33,0,13.00,1.35,117,4.35,-10.45,1.30,0.00,0.00
184366,7.81,-0.78,14.13,13.28,181,0.22,1048,0.00,0.00,33.33,0,13.00,1.34,117,4.35,-10.45,1.30,0.00,0.00
184624,7.81,-0.78,14.01,13.44,181,0.22,1060,0.00,0.00,33.33,0,12.00,1.36,117,4.35,-10.45,1.32,0.00,0.00
184881,7.03,-0.78,13.78,13.52,181,0.22,1038,0.00,0.00,33.33,0,14.50,1.11,117,4.35,-10.45,1.30,0.00,0.00
185138,6.25,-0.78,13.67,13.52,181,0.23,1047,0.00,0.00,33.33,0,13.50,1.12,117,4.35,-10.45,1.30,0.00,0.00
185395,7.03,-0.78,14.01,13.52,181,0.23,1042,0.00,0.00,33.33,0,14.00,1.10,118,4.35,-10.45,1.32,0.00,0.00
185652,7.03,-0.78,14.01,13.52,181,0.22,1048,0.00,0.00,33.33,0,13.00,1.12,118,4.35,-10.45,1.32,0.00,0.00
185910,7.81,-0.78,14.13,13.44,181,0.23,1045,0.00,0.00,33.33,0,13.00,1.11,118,4.35,-10.45,1.30,0.00,0.00
186166,7.81,-0.78,14.13,13.36,181,0.23,1047,0.00,0.00,33.33,0,14.00,1.12,118,4.35,-10.45,1.32,0.00,0.00
186423,7.81,-0.78,14.13,13.28,181,0.22,1045,0.00,0.00,33.33,0,13.00,1.34,118,4.35,-10.45,1.30,0.00,0.00
186681,8.59,-0.78,14.01,13.28,181,0.23,1033,0.00,0.00,33.33,0,13.00,1.32,118,4.35,-10.45,1.30,0.00,0.00
186938,8.59,-0.78,14.01,13.20,181,0.23,1047,0.00,0.00,33.33,0,12.00,1.34,118,4.35,-10.45,1.30,0.00,0.00
187195,7.81,-0.78,13.90,12.88,181,0.23,1035,0.00,0.00,33.33,0,13.50,1.32,120,4.35,-10.45,1.30,0.00,0.00
187452,7.81,-0.78,13.90,13.12,181,0.23,1018,0.00,0.00,33.33,0,14.50,1.30,120,4.50,-10.30,1.30,0.00,0.00
187709,8.59,-0.78,14.01,13.20,181,0.23,1004,0.00,0.00,33.33,0,15.50,1.28,120,4.50,-10.30,1.30,0.00,0.00
187967,8.59,-0.78,14.01,13.92,181,0.24,992,0.00,0.00,33.33,0,15.50,1.06,120,4.64,-10.16,1.32,0.00,0.00
188225,7.81,-0.78,13.78,13.76,181,0.22,1048,0.00,0.00,33.33,0,9.50,1.12,120,4.50,-10.30,1.30,0.00,0.00
188482,7.03,-0.78,13.55,13.60,181,0.22,1082,0.00,0.00,33.33,0,13.50,1.09,120,4.35,-10.45,1.28,0.00,0.00
188739,7.81,-0.78,14.01,13.60,181,0.22,1030,0.00,0.00,33.33,0,11.00,1.11,120,4.35,-10.45,1.30,0.00,0.00
188997,8.59,-0.78,14.36,13.52,181,0.22,1026,0.00,0.00,33.33,0,13.00,1.09,122,4.35,-10.45,1.30,0.00,0.00
189254,9.38,-0.78,14.24,13.52,181,0.22,1045,0.00,0.00,33.33,0,11.50,1.11,122,4.35,-10.45,1.30,0.00,0.00
189511,8.59,-0.78,13.90,13.44,181,0.22,1034,0.00,0.00,33.33,0,12.50,1.10,122,4.35,-10.45,1.30,0.00,0.00
189768,8.59,0.00,13.78,13.36,181,0.22,1046,0.00,0.00,33.33,0,11.50,1.12,122,4.21,-10.59,1.30,0.00,0.00
190025,8.59,0.00,13.78,13.36,181,0.22,1042,0.00,0.00,33.33,0,10.50,1.33,122,4.21,-10.59,1.30,0.00,0.00
