Time (msec),A/F Correction #1 (%),A/F Learning #1 (%),A/F Sensor #1 (AFR),Battery Voltage (V),Coolant Temperature (F),Engine Load (Calculated) (g/rev),Engine Speed (rpm),Feedback Knock Correction* (degrees),Fine Learning Knock Correction* (degrees),Fuel Pump Duty (%),IAM* (raw ecu value),Ignition Total Timing (degrees),Injector Duty Cycle (%),Intake Air Temperature (F),Knock Correction Advance (degrees),Manifold Relative Pressure (psi),Mass Airflow Sensor Voltage (V),Primary Wastegate Duty Cycle (%),Throttle Opening Angle (%)
0,-15.62,-1.56,14.47,13.36,174,0.61,1822,0.00,0.00,33.33,16,29.00,3.11,68,1.00,-7.69,1.88,0.00,7.84
257,-17.97,-1.56,14.47,13.60,174,0.80,1914,0.00,0.00,33.33,16,30.00,3.68,68,2.50,-6.82,2.02,0.00,10.20
514,-25.00,-1.56,13.55,13.60,174,0.81,2026,0.00,0.00,33.33,16,28.50,3.46,68,3.50,-6.09,2.04,0.00,10.59
772,-25.00,-1.56,14.36,13.68,174,0.85,2127,0.00,0.00,33.33,16,28.00,4.08,68,4.00,-6.09,2.08,0.00,10.98
1029,-25.00,-1.56,14.13,13.76,174,0.87,2261,0.00,0.00,33.33,16,27.50,4.34,68,4.50,-6.09,2.10,0.00,11.37
1287,-25.00,-1.56,13.67,13.84,174,0.85,2392,0.00,0.00,33.33,16,28.00,4.52,68,4.50,-6.53,2.14,0.00,11.76
1544,-25.00,-1.56,13.67,13.84,174,0.83,2527,0.00,0.00,33.33,16,29.00,4.76,68,4.00,-6.82,2.14,0.00,11.76
1801,-25.00,-1.56,13.78,13.84,174,0.81,2611,0.00,0.00,33.33,16,29.50,4.42,68,3.50,-6.96,2.16,0.00,11.76
2059,-25.00,-1.56,13.55,13.92,174,0.78,2741,0.00,0.00,33.33,16,30.50,4.63,68,3.50,-7.25,2.16,0.00,11.76
2316,-25.00,-1.56,13.55,13.68,174,0.75,2822,0.00,0.00,33.33,16,32.50,4.79,68,3.50,-7.40,2.18,0.00,11.76
2574,-25.00,-1.56,13.32,13.76,174,0.74,2880,0.00,0.00,66.67,16,33.00,4.92,68,3.00,-7.40,2.18,0.00,11.76
2832,-25.00,-1.56,13.67,13.68,174,0.72,2986,0.00,0.00,66.67,16,34.00,5.10,68,3.00,-7.40,2.20,0.00,12.16
3089,-25.00,-1.56,13.90,13.68,174,0.70,3110,0.00,0.00,66.67,16,35.50,5.31,68,3.00,-7.40,2.22,0.00,12.55
3345,-25.00,-1.56,13.90,13.68,174,0.70,3183,0.00,0.00,66.67,16,36.00,5.43,68,3.00,-7.25,2.22,0.39,12.55
3602,-25.00,-1.56,14.01,13.60,174,0.69,3269,0.00,0.00,66.67,16,36.50,5.58,68,2.50,-7.40,2.24,0.39,12.55
3859,-25.00,-1.56,14.13,13.60,174,0.20,3324,0.00,0.00,66.67,16,38.00,3.55,68,0.00,-9.87,1.58,0.00,0.00
4117,0.00,0.00,11.71,13.60,174,0.18,2994,0.00,0.00,66.67,16,23.50,0.00,68,0.00,-11.46,1.60,0.00,0.00
4374,0.00,0.00,11.94,13.76,174,0.15,2486,0.00,0.00,33.33,16,15.50,0.00,68,0.00,-11.61,1.44,0.00,0.00
4631,0.00,-1.56,20.90,13.76,174,0.79,2185,0.00,0.00,33.33,16,20.00,4.66,68,1.00,-7.69,2.10,0.00,10.98
4888,-12.50,-1.56,12.40,13.76,174,1.00,1912,0.00,0.00,33.33,16,26.00,4.66,68,4.50,-5.51,2.12,0.00,11.37
5146,-25.00,-1.56,11.71,13.76,174,0.98,1972,0.00,0.00,33.33,16,26.00,4.21,68,4.50,-5.08,2.10,0.00,11.76
5403,-24.22,-1.56,13.09,13.84,174,0.99,2047,0.00,0.00,33.33,16,26.50,4.26,68,4.50,-4.93,2.14,0.00,11.76
5661,-25.00,-1.56,13.55,13.84,176,0.97,2096,0.00,0.00,33.33,16,27.00,4.40,68,4.50,-4.93,2.14,0.00,12.16
5919,-25.00,-1.56,13.67,13.84,176,1.00,2141,0.00,0.00,33.33,16,11.00,4.57,68,4.50,-4.64,2.18,0.39,13.33
6176,-25.00,-1.56,14.13,13.84,176,1.07,2138,0.00,0.00,33.33,16,24.50,4.56,68,4.50,-4.21,2.26,2.35,14.51
6434,-25.00,-1.56,14.70,13.76,176,1.05,2242,0.00,0.00,33.33,16,23.50,4.78,68,4.50,-3.77,2.28,3.14,15.29
6691,-24.22,-1.56,14.81,13.68,176,1.07,2258,0.00,0.00,33.33,16,22.50,4.82,68,4.50,-3.63,2.30,3.53,15.29
6949,-24.22,-1.56,14.81,13.68,176,1.08,2330,0.00,0.00,33.33,16,22.50,4.97,68,4.50,-3.63,2.34,3.92,15.69
7206,-23.44,-1.56,14.81,13.68,176,1.07,2441,0.00,0.00,33.33,16,22.50,5.21,68,4.50,-3.63,2.36,4.71,16.47
7464,-21.88,-1.56,15.04,13.60,176,1.11,2454,0.00,-0.70,33.33,16,20.00,5.76,68,4.00,-3.19,2.40,5.49,17.25
7721,-19.53,-1.56,15.04,13.68,176,1.14,2516,0.00,-0.70,33.33,16,19.50,5.90,68,4.00,-2.90,2.46,6.67,18.04
7978,-18.75,-1.56,14.81,13.76,176,1.14,2605,0.00,0.00,33.33,16,20.50,6.11,68,4.00,-2.61,2.48,7.84,18.82
8235,-17.97,0.00,14.70,13.76,176,1.15,2652,0.00,0.00,33.33,16,21.00,6.79,68,4.50,-2.47,2.50,8.24,19.22
8492,-19.53,0.00,14.81,13.76,176,1.15,2712,0.00,0.00,33.33,16,21.00,6.95,68,4.50,-2.32,2.54,8.63,19.61
8748,-16.41,0.00,15.04,13.84,176,1.15,2833,0.00,0.00,33.33,16,21.50,7.09,68,4.50,-2.18,2.58,9.02,20.00
9005,-17.97,0.00,14.70,13.76,176,1.14,2864,0.00,0.00,66.67,16,22.00,7.29,68,4.50,-2.03,2.60,9.41,20.39
9261,-17.19,-0.78,14.81,13.76,176,1.14,2920,0.00,0.00,66.67,16,22.50,7.48,68,4.50,-1.74,2.62,10.20,20.78
9518,-15.62,-0.78,14.93,13.76,176,1.12,3020,0.00,0.00,66.67,16,23.00,7.73,68,4.50,-1.60,2.64,10.20,21.18
9776,-15.62,-0.78,14.93,13.76,176,1.12,3055,0.00,0.00,66.67,16,23.50,7.82,68,4.50,-1.45,2.68,10.59,21.18
10033,-14.84,-0.78,14.93,13.60,176,1.09,3174,0.00,0.00,66.67,16,24.50,8.12,68,4.50,-1.45,2.68,10.59,21.18
10291,-13.28,-0.78,15.04,13.60,176,1.09,3237,0.00,0.00,66.67,16,25.00,8.29,68,4.50,-1.45,2.70,10.98,21.57
10548,-14.06,-0.78,14.81,13.60,176,1.07,3340,0.00,0.00,66.67,16,25.50,8.55,68,4.50,-1.31,2.72,10.98,21.57
10805,-13.28,-0.78,15.04,13.60,176,1.07,3412,0.00,0.00,66.67,16,26.00,8.73,68,4.50,-1.31,2.74,10.98,21.57
11062,-13.28,-0.78,14.59,13.60,176,1.06,3478,0.00,0.00,66.67,16,26.50,8.90,68,4.50,-1.31,2.76,10.98,21.96
11320,-11.72,-0.78,14.81,13.68,176,1.07,3582,0.00,0.00,66.67,16,27.00,9.17,68,4.50,-1.31,2.80,11.37,21.96
11577,-10.16,-0.78,14.81,13.68,176,1.05,3635,0.00,0.00,66.67,16,27.00,9.31,68,4.50,-1.31,2.82,11.37,21.96
11835,-10.94,-0.78,14.81,13.76,176,1.05,3733,0.00,0.00,66.67,16,28.00,9.47,68,4.50,-1.31,2.84,11.37,21.96
12092,-9.38,-0.78,15.27,13.76,176,0.90,3792,0.00,0.00,66.67,16,28.50,8.90,68,4.50,-2.76,2.62,1.18,0.00
12349,0.00,-1.56,11.83,13.76,178,0.69,3451,0.00,0.00,66.67,16,26.00,0.00,68,0.00,-10.88,2.16,0.00,0.00
12606,0.00,-1.56,11.60,13.68,178,0.63,3013,0.00,0.00,66.67,16,15.50,0.00,68,0.00,-11.32,2.08,0.00,0.00
12865,0.00,-1.56,18.72,13.84,178,0.86,2608,0.00,0.00,33.33,16,26.00,5.56,68,2.00,-8.13,2.24,0.78,13.73
13125,-16.41,-1.56,11.94,13.60,178,0.99,2620,0.00,0.00,33.33,16,27.50,6.15,68,4.50,-4.93,2.36,3.53,15.29
13382,-16.41,-1.56,13.78,13.68,178,0.99,2668,0.00,0.00,33.33,16,27.00,6.26,68,4.50,-4.50,2.36,3.53,15.29
13638,-18.75,-1.56,13.67,13.68,178,1.02,2676,0.00,0.00,33.33,16,27.00,6.28,68,4.50,-4.35,2.40,4.31,16.08
13896,-15.62,-1.56,13.90,13.68,178,1.07,2708,0.00,0.00,33.33,16,25.00,6.36,68,4.50,-3.77,2.48,5.49,17.65
14154,-17.97,-0.78,14.24,13.68,178,1.11,2762,0.00,0.00,33.33,16,22.00,6.48,68,4.50,-2.76,2.54,7.84,19.22
14411,-17.19,-0.78,14.81,13.76,178,1.14,2766,0.00,0.00,33.33,16,21.50,7.08,68,4.50,-2.32,2.56,8.63,20.00
14669,-16.41,-0.78,14.70,13.60,178,1.16,2765,0.00,0.00,33.33,16,21.00,7.08,68,4.50,-1.89,2.58,9.80,20.78
14926,-17.19,-0.78,14.81,13.76,178,1.18,2838,0.00,0.00,66.67,16,21.00,7.14,68,4.50,-1.60,2.62,10.20,21.18
15184,-15.62,-0.78,14.70,13.76,178,1.18,2881,0.00,0.00,66.67,16,21.00,7.28,68,4.50,-1.16,2.64,10.98,21.96
15442,-13.28,-0.78,14.93,13.76,178,1.19,2854,0.00,0.00,66.67,16,21.00,7.37,68,4.50,-0.87,2.68,11.76,21.96
15698,-13.28,-0.78,15.04,13.76,178,1.18,2912,0.00,0.00,66.67,16,21.50,8.16,68,4.50,-0.73,2.70,12.16,22.35
15956,-13.28,-0.78,14.93,13.76,178,1.20,2947,0.00,0.00,66.67,16,21.50,8.17,68,4.50,-0.44,2.70,12.55,22.75
16213,-12.50,-0.78,14.81,13.76,178,1.20,2986,0.00,0.00,66.67,16,22.00,8.28,68,4.50,-0.29,2.72,12.55,23.14
16470,-14.06,-0.78,14.81,13.60,178,1.18,3050,0.00,0.00,66.67,16,22.50,8.46,68,4.50,-0.15,2.72,12.55,23.14
16728,-10.94,-0.78,15.16,13.60,178,1.20,3052,0.00,0.00,66.67,16,22.50,8.46,68,4.50,0.00,2.76,12.94,23.53
16985,-10.94,-0.78,14.93,13.60,178,1.19,3108,0.00,0.00,66.67,16,22.50,8.62,68,4.50,0.15,2.76,12.94,23.53
17242,-11.72,-0.78,14.70,13.60,178,1.20,3134,0.00,0.00,66.67,16,22.50,8.69,68,4.50,0.15,2.78,12.94,23.53
17500,-10.16,-0.78,14.81,13.68,178,1.18,3190,0.00,0.00,66.67,16,23.00,8.85,68,4.50,0.15,2.80,12.94,23.53
17757,-8.59,-0.78,14.81,13.68,178,1.18,3213,0.00,0.00,66.67,16,23.50,8.91,68,4.50,0.29,2.80,12.94,23.53
18015,-9.38,-0.78,14.70,13.68,178,1.16,3288,0.00,0.00,66.67,16,23.50,9.12,68,4.50,0.29,2.82,13.33,23.53
18272,-8.59,-1.56,14.93,13.76,180,1.17,3330,0.00,0.00,66.67,16,24.00,9.24,68,4.50,0.29,2.82,12.94,23.53
18530,-9.38,-1.56,15.04,13.68,180,1.16,3375,0.00,0.00,66.67,16,24.00,9.33,68,4.50,0.29,2.84,12.94,23.53
18786,-10.16,-1.56,14.70,13.76,180,1.15,3384,0.00,0.00,66.67,16,24.50,9.45,68,4.50,0.29,2.84,12.94,23.14
19044,-7.81,-1.56,14.81,13.76,180,1.15,3428,0.00,0.00,66.67,16,25.00,9.55,68,4.50,0.29,2.86,12.94,23.14
19302,-8.59,-1.56,14.81,13.76,180,1.14,3466,0.00,0.00,66.67,16,25.00,9.67,68,4.50,0.15,2.86,12.55,23.14
19559,-10.16,-1.56,14.81,13.76,180,1.13,3521,0.00,0.00,66.67,16,25.50,9.76,68,4.50,0.15,2.88,12.55,23.14
19816,-7.81,-1.56,14.93,13.60,180,1.14,3541,0.00,0.00,66.67,16,25.50,9.82,68,4.50,0.00,2.90,12.55,22.75
20073,-10.16,-1.56,14.70,13.60,180,1.13,3623,0.00,0.00,66.67,16,26.00,10.05,68,4.50,-0.15,2.90,12.55,22.75
20331,-7.81,-1.56,14.93,13.60,180,1.12,3653,0.00,0.00,66.67,16,26.00,9.35,68,4.50,-0.15,2.90,12.16,22.35
20589,-9.38,-1.56,14.70,13.60,180,1.12,3692,0.00,0.00,66.67,16,26.50,9.45,68,4.50,-0.29,2.90,11.76,22.35
20846,-9.38,-1.56,14.70,13.60,180,1.10,3742,0.00,0.00,66.67,16,27.00,9.58,68,4.50,-0.44,2.90,11.37,21.96
21103,-8.59,-1.56,15.16,13.68,180,1.10,3767,0.00,0.00,66.67,16,27.00,9.64,68,4.50,-0.58,2.90,11.37,21.96
21360,-8.59,-1.56,14.70,13.68,180,1.11,3784,0.00,0.00,66.67,16,27.50,9.69,68,4.50,-0.58,2.90,10.98,21.57
21617,-10.16,-1.56,14.70,13.68,180,1.09,3866,0.00,0.00,66.67,16,28.00,9.77,68,4.50,-0.73,2.90,10.59,21.18
21874,-9.38,-1.56,14.81,13.68,180,1.06,3896,0.00,0.00,66.67,16,28.50,9.97,68,4.50,-0.87,2.92,10.59,21.18
22132,-7.81,-1.56,14.81,13.60,180,1.06,3937,0.00,0.00,66.67,16,28.50,10.08,68,4.50,-1.02,2.90,10.59,21.18
22390,-10.16,-1.56,14.47,13.68,180,1.07,3970,0.00,0.00,66.67,16,29.00,10.16,68,4.50,-1.02,2.92,10.20,21.18
22647,-10.94,-2.34,14.47,13.68,180,1.04,3983,0.00,0.00,66.67,16,29.50,10.20,68,4.50,-1.16,2.92,10.20,20.78
22904,-9.38,-2.34,15.04,13.68,180,1.03,4034,0.00,0.00,66.67,16,29.50,10.37,68,4.50,-1.31,2.92,10.20,20.78
23162,-9.38,-2.34,14.93,13.76,180,1.01,4087,0.00,0.00,66.67,16,29.50,10.46,68,4.50,-1.45,2.92,9.80,20.39
23420,-8.59,-2.34,15.04,13.76,180,1.00,4123,0.00,0.00,66.67,16,30.50,10.55,68,4.50,-1.74,2.92,9.41,20.39
23677,-10.16,-2.34,14.59,13.60,180,0.98,4134,0.00,0.00,66.67,16,31.00,9.70,68,4.50,-2.03,2.90,9.41,20.00
23935,-10.16,-2.34,14.70,13.60,180,0.98,4176,0.00,0.00,66.67,16,32.00,9.80,68,4.50,-2.32,2.90,9.02,20.00
24192,-8.59,-2.34,14.81,13.68,180,0.97,4213,0.00,0.00,66.67,16,32.50,9.89,68,4.50,-2.61,2.88,8.63,19.61
24450,-7.81,-2.34,14.81,13.76,180,0.94,4247,0.00,0.00,66.67,16,32.50,10.01,68,4.50,-2.76,2.88,8.63,19.61
24707,0.00,-2.34,12.98,13.68,180,0.92,4264,0.00,0.00,66.67,16,33.00,10.91,68,4.50,-3.05,2.86,8.24,19.22
24964,0.00,-2.34,12.06,13.60,180,0.91,4332,0.00,0.00,66.67,16,33.50,11.09,68,4.50,-3.19,2.88,8.24,19.22
25222,0.00,-2.34,12.17,13.68,180,0.91,4340,0.00,0.00,66.67,16,34.00,11.11,68,4.50,-3.34,2.88,8.24,19.22
25478,0.00,-2.34,12.06,13.76,180,0.90,4398,0.00,0.00,66.67,16,34.00,11.28,68,4.50,-3.34,2.88,8.24,19.22
25736,0.00,-2.34,12.17,13.60,180,0.91,4414,0.00,0.00,66.67,16,34.00,11.30,68,4.50,-3.34,2.90,8.24,19.61
25993,0.00,-2.34,12.17,13.60,180,0.92,4475,0.00,0.00,66.67,16,34.00,12.41,70,4.50,-3.19,2.90,8.63,19.61
26250,0.00,-2.34,11.94,13.68,180,0.97,4472,0.00,0.00,66.67,16,32.50,12.38,70,4.50,-2.76,2.96,9.02,20.39
26508,0.00,-2.34,11.71,13.68,180,1.01,4499,0.00,0.00,66.67,16,31.50,13.44,70,4.50,-2.47,3.00,9.80,20.39
26765,0.00,-2.34,11.71,13.52,180,1.05,4542,0.00,0.00,66.67,16,31.50,14.54,70,4.50,-2.03,3.06,10.20,20.78
27023,0.00,-2.34,11.60,13.68,180,1.07,4615,0.00,0.00,66.67,16,31.00,14.62,70,4.50,-1.74,3.08,10.20,20.78
27280,0.00,-2.34,11.60,13.76,178,1.08,4655,0.00,0.00,66.67,16,31.00,14.90,70,4.50,-1.60,3.10,10.20,20.78
27538,0.00,-2.34,11.71,13.52,178,1.10,4702,0.00,0.00,66.67,16,31.50,16.05,70,4.50,-1.60,3.14,10.20,20.78
27795,0.00,-2.34,11.71,13.68,178,1.10,4705,0.00,0.00,66.67,16,31.50,16.06,70,4.50,-1.60,3.16,9.80,20.78
28052,0.00,-2.34,11.71,13.76,178,1.10,4741,0.00,0.00,66.67,16,32.00,16.18,70,4.50,-1.60,3.14,9.41,20.39
28310,0.00,-2.34,11.71,13.68,178,1.12,4829,0.00,0.00,66.67,16,32.00,16.48,70,4.50,-1.31,3.22,10.20,21.18
28568,0.00,-2.34,11.83,13.68,178,1.28,4814,0.00,0.00,66.67,16,29.50,18.48,70,4.50,-0.15,3.32,10.59,23.53
28825,0.00,-2.34,11.83,13.60,176,1.37,4931,0.00,0.00,66.67,16,26.00,19.99,70,4.50,1.31,3.46,10.98,24.71
29082,0.00,-2.34,11.83,13.68,176,1.50,4934,0.00,0.00,66.67,16,24.50,22.10,70,4.50,2.61,3.54,6.67,25.49
29339,0.00,-2.34,11.83,13.60,176,1.46,5054,0.00,0.00,66.67,16,24.50,22.38,70,4.50,2.76,3.54,0.00,26.67
29597,0.00,-2.34,11.83,13.52,176,1.53,5071,0.00,0.00,66.67,16,24.00,22.72,70,4.50,3.05,3.60,0.00,28.24
29854,0.00,-2.34,11.83,13.60,176,1.55,5133,0.00,0.00,66.67,16,22.50,24.09,70,4.50,3.77,3.64,0.00,28.63
30111,0.00,-2.34,11.94,13.52,176,1.55,5197,0.00,0.00,66.67,16,23.00,24.39,70,4.50,3.63,3.64,0.00,28.63
30369,0.00,-2.34,11.94,13.52,174,1.55,5256,0.00,0.00,66.67,16,23.50,24.67,70,4.50,3.48,3.66,0.00,28.63
30627,0.00,-2.34,11.94,13.60,174,1.52,5308,0.00,0.00,66.67,16,23.50,24.00,70,4.50,3.19,3.66,0.00,28.63
30884,0.00,-2.34,11.94,13.68,174,1.51,5357,0.00,0.00,66.67,16,25.00,24.00,70,4.50,3.05,3.66,0.00,28.24
31141,0.00,-2.34,11.94,13.68,174,1.45,5474,0.00,0.00,66.67,16,25.50,23.36,70,4.50,2.47,3.64,0.00,27.06
31398,0.00,-2.34,12.06,13.60,174,1.42,5474,0.00,0.00,66.67,16,27.00,23.36,70,4.50,1.89,3.60,0.00,26.67
31655,0.00,-2.34,12.06,13.60,174,1.40,5535,0.00,0.00,66.67,16,27.00,23.79,70,4.50,1.89,3.60,0.00,27.45
31912,0.00,-2.34,12.06,13.68,172,1.40,5576,0.00,0.00,66.67,16,27.00,22.60,70,4.50,1.60,3.60,0.00,26.67
32170,0.00,-2.34,12.06,13.76,172,1.33,5622,0.00,0.00,66.67,16,28.50,21.59,70,4.50,1.02,3.56,0.00,25.49
32428,0.00,-2.34,12.06,13.68,172,1.32,5716,0.00,0.00,66.67,16,29.50,21.72,70,4.50,0.58,3.56,0.00,25.49
32686,0.00,-2.34,12.06,13.76,172,1.31,5708,0.00,0.00,66.67,16,30.00,21.92,70,4.50,0.58,3.56,0.39,25.88
32944,0.00,-2.34,12.06,13.52,172,1.35,5800,0.00,0.00,66.67,16,29.00,23.49,70,4.50,1.16,3.62,0.39,27.06
33203,0.00,-2.34,12.06,13.76,172,1.26,5850,0.00,0.00,66.67,16,31.00,22.46,70,4.50,0.29,3.54,0.78,25.49
33459,0.00,-2.34,12.06,13.52,172,1.20,5864,0.00,0.00,66.67,16,33.50,21.27,70,4.50,-1.16,3.44,0.78,23.14
33717,0.00,-2.34,12.06,13.76,171,1.23,5924,0.00,0.00,66.67,16,33.00,22.75,72,4.50,-0.73,3.54,1.57,23.92
33975,0.00,-2.34,12.06,13.68,171,1.16,5891,0.00,0.00,66.67,16,34.00,21.37,72,4.50,-1.45,3.44,1.57,22.75
34231,0.00,-2.34,12.06,13.76,171,1.15,5971,0.00,0.00,66.67,16,34.00,21.66,72,4.50,-1.45,3.46,2.35,22.75
34489,0.00,-2.34,12.06,13.68,171,1.09,5981,0.00,0.00,66.67,16,35.50,20.41,72,4.50,-2.03,3.40,2.35,21.57
34749,0.00,-2.34,12.06,13.60,171,1.08,6029,0.00,0.00,66.67,16,36.00,20.58,72,4.50,-2.18,3.40,2.35,21.57
35006,0.00,-2.34,12.06,13.76,171,1.07,6043,0.00,0.00,66.67,16,36.50,20.63,72,4.50,-2.32,3.38,3.14,21.57
35264,0.00,-2.34,12.17,13.60,169,0.90,5502,0.00,0.00,66.67,16,10.50,16.04,72,0.00,-8.85,3.14,0.00,0.00
35521,0.00,-2.34,12.06,13.68,169,0.71,4883,0.00,0.00,66.67,16,10.50,0.00,72,0.00,-10.30,2.64,0.00,0.00
35779,0.00,-2.34,23.89,13.76,169,0.72,4475,0.00,0.00,66.67,16,22.50,9.55,72,2.50,-8.13,2.62,2.35,17.25
36036,0.00,-2.34,12.75,13.76,169,0.87,4225,0.00,0.00,66.67,16,35.00,10.82,72,4.50,-4.35,2.76,7.84,18.82
36294,0.00,-1.56,11.94,13.76,169,0.57,4240,0.00,0.00,66.67,16,39.00,8.14,72,3.00,-7.40,2.26,0.00,9.80
36551,-25.00,-1.56,11.83,13.76,167,0.56,4092,0.00,0.00,66.67,16,13.50,6.11,72,0.00,-10.88,2.28,0.00,0.00
36809,-25.00,-1.56,13.44,13.68,167,0.46,3548,0.00,0.00,66.67,16,15.50,0.00,72,0.00,-10.74,1.92,0.00,0.00
37066,0.00,0.00,12.06,13.60,167,0.17,3082,0.00,0.00,66.67,16,15.50,0.00,72,0.00,-11.17,1.54,0.00,0.00
37324,0.00,0.00,17.57,13.68,167,0.10,2622,0.00,0.00,66.67,16,15.50,0.00,72,0.00,-11.46,1.34,0.00,0.00
37581,0.00,0.00,23.66,13.76,167,0.10,2148,0.00,0.00,33.33,16,15.50,0.00,72,0.00,-11.46,1.28,0.00,0.00
37838,0.00,0.00,23.54,13.84,167,0.09,1745,0.00,0.00,33.33,16,15.50,0.00,72,0.00,-11.03,1.20,0.00,0.00
38096,0.00,0.00,23.43,13.76,165,0.10,1423,0.00,0.00,33.33,16,21.00,0.00,72,0.00,-10.88,1.14,0.00,0.00
38353,0.00,0.00,23.31,13.84,165,0.14,1149,0.00,0.00,33.33,16,21.00,1.23,72,0.00,-10.16,1.16,0.00,0.00
38610,0.00,0.00,23.08,13.92,165,0.10,1149,0.00,0.00,33.33,16,21.00,1.23,72,0.00,-9.87,1.06,0.00,0.00
38867,-3.91,0.00,12.06,13.84,165,0.11,1168,0.00,0.00,33.33,16,17.50,1.25,72,0.00,-10.16,1.08,0.00,0.00
39125,-4.69,0.00,12.29,13.84,165,0.10,1121,0.00,0.00,33.33,16,20.00,1.20,72,0.00,-10.16,1.06,0.00,0.00
39382,-4.69,0.00,13.21,13.84,163,0.11,1098,0.00,0.00,33.33,16,20.00,1.17,72,0.00,-10.01,1.10,0.00,0.00
39639,-5.47,0.00,13.09,13.84,163,0.11,1069,0.00,0.00,33.33,16,20.50,1.14,72,0.00,-10.01,1.04,0.00,0.00
39896,-7.03,0.00,12.98,13.76,163,0.11,1063,0.00,0.00,33.33,16,19.00,1.13,72,0.00,-9.87,1.02,0.00,0.00
40153,-8.59,0.00,13.21,13.76,163,0.13,1052,0.00,0.00,33.33,16,18.50,1.12,72,0.00,-9.87,1.12,0.00,0.00
40411,-9.38,0.00,13.67,13.68,163,0.12,1030,0.00,0.00,33.33,16,19.00,1.10,72,0.00,-9.87,1.02,0.00,0.00
40668,-9.38,0.00,13.90,13.68,163,0.11,1034,0.00,0.00,33.33,16,17.50,1.11,72,0.00,-9.87,1.06,0.00,0.00
40925,-10.16,0.00,14.01,13.76,163,0.12,1010,0.00,0.00,33.33,16,19.00,1.09,72,0.00,-9.87,1.08,0.00,0.00
41182,-10.94,0.00,14.24,13.76,163,0.13,997,0.00,0.00,33.33,16,18.50,1.07,72,0.00,-9.72,1.10,0.00,0.00
41439,-10.94,0.00,14.47,13.84,162,0.12,998,0.00,0.00,33.33,16,15.00,1.07,72,0.00,-9.58,1.10,0.00,0.00
41696,-10.94,0.00,14.59,13.84,162,0.15,979,0.00,0.00,33.33,16,18.00,1.04,72,0.00,-9.58,1.12,0.00,0.00
41954,-10.94,0.00,14.81,13.84,162,0.13,980,0.00,0.00,33.33,16,16.50,1.05,72,0.00,-9.29,1.12,0.00,0.00
42211,-10.94,0.00,15.39,13.84,162,0.15,967,0.00,0.00,33.33,16,16.50,1.03,72,0.00,-9.14,1.18,0.00,0.00
42469,-10.16,0.00,15.96,13.84,162,0.15,935,0.00,0.00,33.33,16,19.00,1.00,72,0.00,-9.00,1.14,0.00,0.00
42725,-9.38,0.00,16.31,13.76,162,0.14,912,0.00,0.00,33.33,16,18.00,0.97,72,0.00,-8.85,1.10,0.00,0.00
42983,-7.81,0.00,16.88,13.76,162,0.15,905,0.00,0.00,33.33,16,16.50,0.97,72,0.00,-8.71,1.12,0.00,0.00
43241,-6.25,0.00,17.00,13.68,162,0.16,894,0.00,0.00,33.33,16,18.50,0.95,72,0.00,-8.56,1.16,0.00,0.00
43498,-4.69,0.00,17.34,13.60,162,0.15,804,0.00,0.00,33.33,16,21.00,0.86,72,0.00,-8.27,1.10,0.00,0.00
43755,-2.34,0.00,17.80,13.60,162,0.23,784,0.00,0.00,33.33,16,21.00,0.84,72,0.00,-7.98,1.14,0.00,0.00
44012,0.00,0.00,18.72,13.68,162,0.19,746,0.00,0.00,33.33,16,21.00,0.80,72,0.00,-7.40,1.24,0.00,0.00
44269,2.34,0.00,19.52,12.88,162,0.23,549,0.00,0.00,33.33,16,20.00,0.81,72,0.00,-6.53,1.24,0.00,0.00
44526,4.69,0.00,20.33,12.48,162,0.38,499,0.00,0.00,33.33,16,18.50,0.69,72,0.00,-4.93,1.28,0.00,0.00
44783,8.59,0.00,21.48,14.32,162,0.22,674,0.00,0.00,33.33,16,9.00,0.77,72,0.00,-4.06,1.12,0.00,0.00
45040,12.50,0.00,23.20,12.56,162,0.23,582,0.00,0.00,33.33,16,13.00,0.74,72,0.00,-4.50,1.16,0.00,0.00
45298,14.84,0.00,22.51,12.08,162,0.59,399,0.00,0.00,33.33,16,17.50,0.85,72,0.00,-2.61,1.20,0.00,0.00
45555,18.75,0.00,24.35,14.56,162,0.17,842,0.00,0.00,33.33,16,4.50,1.08,72,0.00,-3.48,1.14,0.00,0.00
45812,21.09,0.00,22.39,12.24,162,0.65,475,0.00,0.00,33.33,16,16.00,0.91,72,0.00,-2.76,1.44,0.00,0.00
46070,24.22,0.00,22.16,12.80,162,0.46,407,0.00,0.00,33.33,16,17.50,0.87,72,0.00,-1.16,1.04,0.00,0.78
46326,25.00,0.00,22.74,13.60,162,0.23,1008,0.00,0.00,33.33,16,4.50,1.29,72,0.00,-4.93,1.30,0.00,0.78
46584,25.00,0.00,23.31,13.92,162,0.14,1546,0.00,0.00,33.33,16,14.00,1.65,72,0.00,-7.84,1.26,0.00,0.78
46841,25.00,0.00,22.62,13.76,162,0.06,2318,0.00,0.00,33.33,16,15.50,2.47,72,0.00,-10.74,1.12,0.00,0.78
47098,0.00,0.00,19.98,13.60,163,0.07,2936,0.00,0.00,33.33,16,15.50,0.00,72,0.00,-11.32,1.26,0.00,0.78
47355,0.00,0.00,25.27,13.60,163,0.07,3424,0.00,0.00,66.67,16,15.50,0.00,70,0.00,-11.46,1.30,0.00,0.78
47612,0.00,0.00,23.77,13.60,163,0.05,3737,0.00,0.00,66.67,16,13.00,0.00,72,0.00,-11.90,1.22,0.00,1.18
47870,0.00,0.00,23.43,13.68,163,0.11,3726,0.00,0.00,66.67,16,13.00,0.00,70,0.00,-11.90,1.48,0.00,1.18
48127,0.00,-1.56,23.54,13.68,163,0.19,3674,0.00,0.00,66.67,16,35.00,3.93,70,0.00,-11.46,1.64,0.00,1.18
48385,0.00,0.00,12.98,13.68,163,0.10,3709,0.00,0.00,66.67,16,42.50,3.96,70,0.00,-12.04,1.44,0.00,1.96
48643,0.00,0.00,12.06,13.84,163,0.13,3669,0.00,0.00,66.67,16,42.50,3.91,70,0.00,-11.75,1.54,0.00,4.31
48900,0.00,-1.56,11.25,13.84,163,0.26,3662,0.00,0.00,66.67,16,42.50,3.91,70,0.00,-11.03,1.80,0.00,7.06
49158,-0.78,-1.56,13.90,13.84,163,0.29,3597,0.00,0.00,66.67,16,41.50,4.60,70,0.00,-10.45,1.86,0.00,8.24
49415,-15.62,-1.56,13.44,13.84,163,0.41,3609,0.00,0.00,66.67,16,41.00,4.62,70,0.00,-10.16,1.96,0.00,9.80
49672,-25.00,-1.56,13.90,13.76,163,0.50,3620,0.00,0.00,66.67,16,40.50,4.63,70,0.50,-9.29,2.08,0.00,10.59
49930,-25.00,-1.56,13.78,13.60,163,0.53,3592,0.00,0.00,66.67,16,39.00,4.60,70,1.00,-9.14,2.10,0.00,10.98
50187,-25.00,-1.56,13.44,13.60,163,0.55,3594,0.00,0.00,66.67,16,38.50,5.37,70,1.00,-9.00,2.14,0.00,10.98
50443,-25.00,-1.56,13.90,13.84,163,0.57,3621,0.00,0.00,66.67,16,38.50,5.41,70,1.00,-8.71,2.14,0.00,11.37
50701,-25.00,-1.56,13.78,13.84,165,0.57,3595,0.00,0.00,66.67,16,38.00,5.37,70,1.00,-8.56,2.14,0.00,11.76
50958,-25.00,-1.56,14.01,13.76,165,0.60,3595,0.00,0.00,66.67,16,38.00,5.37,70,1.00,-8.56,2.20,0.00,11.76
51216,-25.00,-1.56,14.13,13.68,165,0.60,3600,0.00,0.00,66.67,16,38.50,5.37,70,1.50,-8.42,2.20,0.00,12.16
51473,-25.00,-1.56,14.01,13.60,165,0.60,3599,0.00,0.00,66.67,16,38.50,5.37,70,1.50,-8.42,2.20,0.00,12.16
51730,-25.00,-1.56,14.13,13.84,165,0.61,3637,0.00,0.00,66.67,16,38.50,5.43,70,1.50,-8.27,2.22,0.00,12.16
51988,-25.00,-1.56,14.24,13.84,165,0.61,3639,0.00,0.00,66.67,16,38.00,5.43,70,1.50,-8.27,2.24,0.00,12.55
52245,-25.00,-1.56,14.36,13.76,165,0.62,3612,0.00,0.00,66.67,16,27.00,5.39,70,1.50,-7.84,2.24,0.78,13.33
52502,-18.75,-1.56,15.27,13.68,165,0.76,3642,0.00,0.00,66.67,16,36.00,6.95,70,3.00,-6.38,2.42,4.31,16.47
52759,-17.97,-2.34,14.81,13.76,165,0.85,3630,0.00,0.00,66.67,16,34.00,6.97,70,3.50,-5.37,2.54,7.06,18.43
53016,-10.94,-2.34,15.50,13.68,165,0.89,3669,0.00,0.00,66.67,16,32.50,7.88,70,4.50,-4.35,2.62,8.63,19.61
53274,-10.94,-2.34,14.93,13.68,167,0.93,3694,0.00,0.00,66.67,16,31.50,7.89,70,4.50,-3.77,2.68,9.41,20.00
53531,-10.94,-2.34,14.70,13.76,167,0.94,3720,0.00,0.00,66.67,16,31.00,8.73,70,4.50,-3.34,2.70,9.41,20.39
53789,-10.94,-2.34,14.93,13.76,167,0.96,3750,0.00,0.00,66.67,16,30.50,8.80,70,4.50,-2.90,2.74,9.41,20.39
54046,-8.59,-2.34,14.93,13.76,167,0.88,3822,0.00,0.00,66.67,16,32.00,8.97,70,4.50,-3.48,2.64,8.63,14.90
54305,0.00,-1.56,11.71,13.84,167,0.46,3548,0.00,0.00,66.67,16,32.00,0.00,70,0.00,-10.45,2.26,0.00,0.00
54562,0.00,-1.56,12.06,13.84,167,0.45,3134,0.00,0.00,66.67,16,20.00,0.00,70,0.00,-11.03,1.90,0.00,0.00
54819,0.00,-1.56,21.94,13.84,167,0.51,2771,0.00,0.00,66.67,16,4.50,5.43,70,0.00,-8.27,2.00,0.00,15.29
55077,-10.16,-1.56,12.52,13.84,167,1.08,2724,0.00,0.00,33.33,16,10.50,6.92,70,4.50,-4.06,2.48,6.67,18.04
55334,-10.94,-1.56,13.67,13.76,167,1.10,2722,0.00,0.00,33.33,16,23.00,6.97,70,4.50,-3.05,2.50,7.84,19.22
55591,-7.03,-2.34,14.36,13.76,167,1.17,2730,0.00,0.00,33.33,16,21.00,7.57,70,4.50,-1.89,2.58,10.98,21.96
55848,-5.47,-2.34,14.24,13.68,167,1.19,2754,0.00,0.00,33.33,16,20.50,7.64,70,4.50,-1.16,2.62,12.16,22.75
56106,-11.72,-2.34,14.13,13.84,167,1.22,2783,0.00,0.00,33.33,16,20.50,7.72,70,4.50,-0.73,2.66,12.94,23.53
56363,-11.72,-2.34,14.70,13.84,167,1.23,2808,0.00,0.00,66.67,16,20.00,7.79,70,4.50,-0.29,2.68,13.33,23.92
56619,-12.50,-2.34,14.59,13.76,167,1.25,2812,0.00,0.00,66.67,16,20.00,7.80,70,4.50,0.15,2.72,14.51,24.31
56877,-10.94,-2.34,15.04,13.76,167,1.27,2844,0.00,0.00,66.67,16,20.00,7.89,70,4.50,0.44,2.74,14.90,24.71
57134,-10.16,-2.34,15.27,13.76,167,1.26,2838,0.00,0.00,66.67,16,20.00,7.87,70,4.50,0.87,2.76,15.29,25.10
57392,-8.59,-2.34,15.04,13.76,169,1.27,2902,0.00,0.00,66.67,16,20.00,8.67,70,4.50,1.16,2.80,15.69,25.49
57650,-8.59,-2.34,14.81,13.84,169,1.29,2911,0.00,0.00,66.67,16,20.00,8.69,70,4.50,1.31,2.80,16.08,25.49
57907,-8.59,-2.34,14.81,13.76,169,1.30,2952,0.00,0.00,66.67,16,20.00,8.78,70,4.50,1.60,2.82,16.08,25.88
58165,-7.03,-2.34,15.16,13.68,169,1.31,2952,0.00,0.00,66.67,16,20.00,8.91,70,4.50,1.74,2.84,16.08,26.27
58422,-5.47,-2.34,14.93,13.68,169,1.32,3004,0.00,0.00,66.67,16,19.50,8.87,70,4.50,2.03,2.86,15.69,26.27
58680,-7.03,-2.34,14.93,13.60,169,1.34,3017,0.00,0.00,66.67,16,19.00,9.01,70,4.50,2.32,2.88,14.12,26.27
58938,-7.03,-2.34,15.39,13.76,169,1.35,3034,0.00,0.00,66.67,16,19.00,9.71,68,4.50,2.47,2.90,10.20,26.67
59194,-6.25,-2.34,14.70,13.76,169,1.35,3071,0.00,0.00,66.67,16,19.00,9.17,68,4.50,2.76,2.92,4.31,26.67
59452,-7.03,-2.34,14.70,13.76,169,1.39,3081,0.00,0.00,66.67,16,18.50,9.86,68,4.50,3.05,2.94,0.00,26.67
59709,-6.25,-2.34,14.93,13.76,169,1.39,3151,0.00,0.00,66.67,16,18.50,10.08,68,4.50,3.19,2.98,0.00,27.06
59966,-6.25,-2.34,14.70,13.76,169,1.41,3172,0.00,0.00,66.67,16,18.50,10.15,68,4.50,3.48,2.98,0.00,27.06
60224,-7.81,-2.34,14.81,13.76,169,1.44,3202,0.00,0.00,66.67,16,18.50,10.25,68,4.50,3.77,3.02,0.00,27.45
60481,-6.25,-2.34,15.16,13.76,169,1.46,3264,0.00,0.00,66.67,16,18.50,10.44,68,4.50,4.06,3.02,0.00,27.45
60739,-7.03,-2.34,15.04,13.76,171,1.46,3282,0.00,0.00,66.67,16,18.50,10.50,68,4.50,4.21,3.06,0.00,27.45
60996,-6.25,-2.34,14.81,13.76,171,1.48,3275,0.00,0.00,66.67,16,18.00,11.27,68,4.50,4.50,3.08,0.00,27.45
61252,-3.91,-3.12,15.04,13.84,171,1.52,3356,0.00,0.00,66.67,16,18.00,11.23,68,4.50,4.79,3.10,0.00,27.45
61510,-7.81,-3.12,14.59,13.76,171,1.51,3332,0.00,0.00,66.67,16,18.00,11.48,68,4.50,4.93,3.12,0.00,27.45
61767,-7.81,-3.12,15.16,13.68,171,1.52,3395,0.00,0.00,66.67,16,18.00,11.57,68,4.50,5.08,3.14,0.00,27.45
62024,-7.03,-3.12,14.70,13.60,171,1.57,3400,0.00,0.00,66.67,16,17.50,11.60,68,4.50,5.37,3.18,0.00,27.45
62282,-4.69,-3.12,15.27,13.76,171,1.57,3454,0.00,0.00,66.67,16,17.00,12.53,68,4.50,5.51,3.20,0.00,27.45
62539,-5.47,-3.12,15.04,13.68,171,1.57,3532,0.00,0.00,66.67,16,16.50,12.81,68,4.50,5.80,3.20,0.00,27.45
62796,-5.47,-3.12,14.81,13.76,171,1.61,3488,0.00,0.00,66.67,16,16.50,12.65,68,4.50,5.95,3.24,0.00,27.45
63054,-4.69,-3.12,15.27,13.76,171,1.62,3538,0.00,0.00,66.67,16,16.00,12.83,68,4.50,6.09,3.26,0.00,27.06
63312,-13.28,-3.12,14.81,13.76,171,1.36,3539,0.00,0.00,66.67,16,19.50,10.57,68,4.50,3.77,3.04,0.00,18.82
63569,-16.41,-1.56,14.24,13.84,172,0.75,3770,0.00,0.00,66.67,16,24.00,7.24,68,0.00,-5.95,2.30,0.00,0.00
63827,0.00,-1.56,11.60,13.84,172,0.80,3729,0.00,0.00,66.67,16,18.50,0.00,68,0.00,-9.00,2.32,0.00,0.00
64084,0.00,-1.56,23.43,13.84,172,0.64,3219,0.00,0.00,66.67,16,10.50,0.00,68,0.00,-9.00,2.06,0.00,0.00
64341,0.00,-1.56,23.31,13.76,172,0.49,2755,0.00,0.00,66.67,16,15.50,0.00,68,0.00,-9.29,1.70,0.00,0.00
64599,0.00,-1.56,23.66,13.84,172,0.26,2672,0.00,0.00,33.33,16,13.00,0.00,68,0.00,-10.45,1.58,0.00,0.39
64857,0.00,-1.56,23.89,13.84,172,0.17,2678,0.00,0.00,33.33,16,13.00,0.00,68,0.00,-11.17,1.64,0.00,0.39
65115,0.00,0.00,23.89,13.76,172,0.18,2658,0.00,0.00,33.33,16,15.50,0.00,68,0.00,-11.75,1.46,0.00,0.00
65372,0.00,0.00,23.43,13.76,172,0.11,2628,0.00,0.00,33.33,16,15.50,0.00,68,0.00,-11.90,1.38,0.00,0.00
65630,0.00,0.00,23.43,13.84,174,0.06,2633,0.00,0.00,33.33,16,15.50,0.00,68,0.00,-11.90,1.20,0.00,0.00
65887,0.00,0.00,23.77,13.92,174,0.07,2587,0.00,0.00,33.33,16,15.50,0.00,68,0.00,-11.90,1.24,0.00,0.00
66144,0.00,0.00,23.66,13.92,174,0.09,2583,0.00,0.00,33.33,16,15.50,0.00,68,0.00,-12.04,1.30,0.00,0.00
66401,0.00,0.00,23.54,13.92,174,0.08,2583,0.00,0.00,33.33,16,15.50,0.00,68,0.00,-12.04,1.24,0.00,0.00
66659,0.00,0.00,23.54,13.92,174,0.06,2563,0.00,0.00,33.33,16,15.50,0.00,68,0.00,-12.04,1.18,0.00,0.00
66917,0.00,0.00,23.77,13.92,174,0.07,2544,0.00,0.00,33.33,16,15.50,0.00,68,0.00,-12.04,1.22,0.00,0.00
67174,0.00,0.00,23.31,13.92,174,0.07,2407,0.00,0.00,33.33,16,15.50,0.00,68,0.00,-11.90,1.20,0.00,0.00
67431,0.00,0.00,23.31,13.92,174,0.10,1947,0.00,0.00,33.33,16,13.00,0.00,68,0.00,-11.46,1.12,0.00,0.00
67688,0.00,0.00,23.31,13.92,176,0.09,1598,0.00,0.00,33.33,16,13.00,0.00,68,0.00,-11.32,1.10,0.00,0.00
67946,0.00,0.00,23.20,13.84,176,0.11,1229,0.00,0.00,33.33,16,21.00,1.41,68,0.00,-10.59,1.20,0.00,0.00
68203,0.00,0.00,23.20,13.92,176,0.11,1236,0.00,0.00,33.33,16,18.50,1.29,68,0.00,-10.16,1.12,0.00,0.00
68461,0.00,0.00,16.08,13.68,176,0.16,1220,0.00,0.00,33.33,16,17.50,1.32,68,0.00,-10.16,1.22,0.00,0.00
68718,-2.34,0.00,12.06,13.68,176,0.14,1195,0.00,0.00,33.33,16,19.50,1.29,68,0.00,-10.16,1.22,0.00,0.00
68975,-1.56,0.00,14.36,13.76,176,0.16,1196,0.00,0.00,33.33,16,17.50,1.28,68,0.00,-10.16,1.26,0.00,0.00
69232,-0.78,0.00,14.59,13.60,176,0.14,1178,0.00,0.00,33.33,16,17.50,1.26,68,0.00,-10.30,1.22,0.00,0.00
69489,-0.78,0.00,14.59,13.76,176,0.10,1167,0.00,0.00,33.33,16,17.00,1.24,68,0.00,-10.30,1.10,0.00,0.00
69746,-1.56,0.00,14.24,13.76,176,0.10,1139,0.00,0.00,33.33,16,17.50,1.21,68,0.00,-10.30,1.04,0.00,0.00
70004,-3.12,0.00,13.78,13.68,178,0.12,1135,0.00,0.00,33.33,16,17.00,1.21,68,0.00,-10.16,1.14,0.00,0.00
70262,-3.91,0.00,13.55,13.84,178,0.12,1126,0.00,0.00,33.33,16,16.50,1.20,68,0.00,-10.30,1.12,0.00,0.00
70519,-5.47,0.00,13.44,13.84,178,0.10,1097,0.00,0.00,33.33,16,18.00,1.17,68,0.00,-10.30,1.04,0.00,0.00
70776,-7.03,0.00,13.21,13.92,178,0.08,1066,0.00,0.00,33.33,16,19.50,1.14,68,0.00,-10.30,1.02,0.00,0.00
71033,-8.59,0.00,12.98,13.84,178,0.11,1036,0.00,0.00,33.33,16,19.50,1.11,68,0.00,-10.30,1.04,0.00,0.00
71289,-10.16,0.00,12.63,13.92,178,0.11,1033,0.00,0.00,33.33,16,19.00,1.10,68,0.00,-10.30,1.08,0.00,0.00
71547,-12.50,0.00,12.63,13.84,178,0.10,1027,0.00,0.00,33.33,16,18.00,1.11,68,0.00,-10.30,1.04,0.00,0.00
71804,-13.28,0.00,12.86,13.76,178,0.13,1022,0.00,0.00,33.33,16,17.50,1.09,68,0.00,-10.30,1.14,0.00,0.00
72061,-14.84,0.00,12.98,13.76,178,0.11,1023,0.00,0.00,33.33,16,16.50,1.09,68,0.00,-10.30,1.06,0.00,0.00
72318,-16.41,0.00,13.21,13.68,178,0.12,1009,0.00,0.00,33.33,16,16.50,1.08,68,0.00,-10.30,1.10,0.00,0.00
72576,-17.19,0.00,13.21,13.68,178,0.11,1009,0.00,0.00,33.33,16,15.50,1.08,68,0.00,-10.30,1.02,0.00,0.00
72834,-18.75,0.00,13.21,13.84,178,0.14,996,0.00,0.00,33.33,16,16.00,1.06,68,0.00,-10.16,1.12,0.00,0.00
73091,-20.31,0.00,13.21,13.84,178,0.13,980,0.00,0.00,33.33,16,16.50,1.05,68,0.00,-10.16,1.12,0.00,0.00
73348,-21.09,0.00,13.44,13.84,178,0.11,989,0.00,0.00,33.33,16,14.50,1.05,68,0.00,-10.16,1.04,0.00,0.00
73606,-21.88,0.00,13.78,13.84,178,0.12,973,0.00,0.00,33.33,16,15.50,1.04,68,0.00,-10.16,1.04,0.00,0.00
73863,-22.66,0.00,13.90,13.84,178,0.14,937,0.00,0.00,33.33,16,17.50,1.00,68,0.00,-10.01,1.12,0.00,0.00
74120,-23.44,0.00,13.90,13.84,178,0.13,920,0.00,0.00,33.33,16,18.50,0.98,68,0.00,-10.01,1.04,0.00,0.00
74378,-24.22,0.00,13.78,13.84,178,0.11,904,0.00,0.00,33.33,16,18.50,0.96,68,0.00,-10.01,1.02,0.00,0.00
74636,-25.00,0.00,13.55,13.76,178,0.11,889,0.00,0.00,33.33,16,19.00,0.95,68,0.00,-10.01,1.06,0.00,0.00
74893,-25.00,0.00,13.44,13.76,178,0.15,896,0.00,0.00,33.33,16,17.00,0.95,68,0.00,-9.87,1.16,0.00,0.00
75150,-25.00,0.00,13.32,13.76,178,0.13,892,0.00,0.00,33.33,16,16.00,0.95,68,0.00,-9.87,1.08,0.00,0.00
75407,-25.00,0.00,13.44,13.60,178,0.15,863,0.00,0.00,33.33,16,17.50,0.93,68,0.00,-9.87,1.10,0.00,0.00
75664,-25.00,0.00,13.67,13.68,178,0.17,863,0.00,0.00,33.33,16,18.50,0.91,68,0.00,-9.87,1.14,0.00,0.00
75922,-25.00,0.00,13.67,13.68,178,0.16,841,0.00,0.00,33.33,16,18.00,0.90,68,0.00,-9.87,1.12,0.00,0.00
76179,-25.00,0.00,13.55,13.60,178,0.16,830,0.00,0.00,33.33,16,18.50,0.88,68,0.00,-9.87,1.12,0.00,0.00
76437,-25.00,0.00,13.55,13.92,178,0.16,824,0.00,0.00,33.33,16,17.50,0.88,68,0.00,-9.87,1.06,0.00,0.00
76693,-25.00,0.00,13.55,13.92,178,0.13,813,0.00,0.00,33.33,16,17.50,0.87,68,0.00,-9.87,1.04,0.00,0.00
76951,-25.00,0.00,13.90,13.92,178,0.16,782,0.00,0.00,33.33,16,19.50,0.83,68,0.00,-9.72,1.08,0.00,0.00
77207,-25.00,0.00,14.13,13.92,178,0.15,780,0.00,0.00,33.33,16,18.50,0.83,68,0.00,-9.58,1.08,0.00,0.00
77465,-25.00,0.00,13.90,13.92,178,0.17,788,0.00,0.00,33.33,16,16.50,0.84,68,0.00,-9.58,1.14,0.00,0.00
77722,-25.00,0.00,13.67,13.92,178,0.14,781,0.00,0.00,33.33,16,16.50,0.83,68,0.00,-9.43,1.04,0.00,0.00
77979,-25.00,0.00,14.01,13.84,178,0.16,773,0.00,0.00,33.33,16,16.50,0.82,68,0.00,-9.43,1.06,0.00,0.00
78236,-25.00,0.00,14.36,13.76,178,0.15,761,0.00,0.00,33.33,16,17.00,0.81,68,0.00,-9.29,1.06,0.00,0.00
78493,-25.00,0.00,14.59,13.84,178,0.16,772,0.00,0.00,33.33,16,14.50,0.81,68,0.00,-9.14,1.08,0.00,0.00
78750,-25.00,0.00,14.93,13.68,178,0.18,748,0.00,0.00,33.33,16,15.50,0.81,68,0.00,-9.00,1.18,0.00,0.00
79007,-25.00,0.00,15.27,13.76,178,0.23,736,0.00,0.00,33.33,16,19.00,0.79,68,0.00,-8.56,1.18,0.00,0.00
79264,-24.22,0.00,15.85,13.36,178,0.21,680,0.00,0.00,33.33,16,21.00,0.73,68,0.00,-7.69,1.14,0.00,0.00
79521,-23.44,0.00,16.31,12.72,178,0.51,564,0.00,0.00,33.33,16,20.00,0.84,68,0.00,-6.09,1.26,0.00,0.00
79778,-21.88,0.00,18.15,12.56,180,0.45,568,0.00,0.00,33.33,16,19.50,0.85,68,0.00,-4.50,1.36,0.00,0.00
80035,-18.75,0.00,20.10,12.32,180,0.82,474,0.00,0.00,33.33,16,16.50,0.91,68,0.00,-2.90,1.44,0.00,0.00
80292,-10.16,0.00,25.27,13.76,180,0.48,834,0.00,0.00,33.33,16,2.50,1.24,68,0.00,-4.21,1.46,0.00,0.00
80549,-8.59,0.00,20.79,13.84,180,0.38,894,0.00,0.00,33.33,16,4.50,1.33,68,0.00,-5.37,1.44,0.00,0.00
80806,-5.47,0.00,21.13,14.00,180,0.54,915,0.00,0.00,33.33,16,4.50,1.37,68,0.00,-5.80,1.48,0.00,0.00
81063,-3.12,0.00,19.41,14.08,180,0.26,1164,0.00,0.00,33.33,16,4.50,1.49,68,0.00,-7.55,1.38,0.00,0.00
81320,-3.91,0.00,16.31,13.84,180,0.26,1139,0.00,0.00,33.33,16,4.50,1.22,68,0.00,-8.85,1.38,0.00,0.00
81577,-2.34,0.00,16.31,13.52,180,0.30,984,0.00,0.00,33.33,16,7.00,1.26,68,0.00,-9.14,1.40,0.00,0.00
81834,-1.56,0.00,16.77,13.84,180,0.42,1028,0.00,0.00,33.33,16,4.50,1.26,68,0.00,-8.42,1.44,0.00,0.00
82092,-0.78,0.00,16.08,13.68,180,0.25,1079,0.00,0.00,33.33,16,4.50,1.41,68,0.00,-9.00,1.34,0.00,0.00
82348,-1.56,0.00,14.36,13.68,180,0.26,986,0.00,0.00,33.33,16,11.50,1.07,68,0.00,-9.14,1.34,0.00,0.00
82606,-0.78,0.00,14.59,13.76,180,0.24,982,0.00,0.00,33.33,16,14.50,1.05,68,0.00,-9.14,1.32,0.00,0.00
82863,1.56,0.00,15.85,14.16,180,0.23,1078,0.00,0.00,33.33,16,4.50,1.15,68,0.00,-9.00,1.34,0.00,0.00
83120,4.69,0.00,17.69,14.00,180,0.20,1351,0.00,0.00,33.33,16,4.50,1.44,68,0.00,-9.87,1.36,0.00,0.00
83378,0.00,0.00,17.23,14.00,180,0.15,1808,0.00,0.00,33.33,16,15.50,1.93,68,0.00,-11.03,1.34,0.00,0.00
83635,0.00,0.00,14.93,13.84,180,0.17,1712,0.00,0.00,33.33,16,15.50,1.83,68,0.00,-11.32,1.36,0.00,0.00
83893,0.00,0.00,12.29,13.92,180,0.16,1660,0.00,0.00,33.33,16,15.50,1.77,68,0.00,-11.32,1.34,0.00,0.00
84150,0.00,0.00,11.94,13.92,180,0.17,1584,0.00,0.00,33.33,16,15.50,1.69,68,0.00,-11.32,1.34,0.00,0.00
84407,0.00,0.00,11.83,13.92,180,0.17,1526,0.00,0.00,33.33,16,14.50,1.63,68,0.00,-11.17,1.34,0.00,0.00
84686,0.00,0.00,11.71,13.92,180,0.36,1492,0.00,0.00,33.33,16,4.50,1.59,68,0.00,-10.45,1.68,0.00,6.67
84944,-13.28,-1.56,12.52,13.84,180,0.53,1542,0.00,0.00,33.33,16,30.50,2.30,68,0.50,-7.98,1.76,0.00,6.67
85201,-20.31,-1.56,13.55,13.76,180,0.56,1461,0.00,0.00,33.33,16,26.00,2.18,68,0.50,-7.25,1.78,0.00,6.67
85458,-18.75,-1.56,14.47,13.68,180,0.57,1430,0.00,0.00,33.33,16,26.00,2.14,68,0.50,-6.96,1.78,0.00,6.67
85715,-12.50,-1.56,15.62,13.76,180,0.59,1489,0.00,0.00,33.33,16,27.00,2.22,68,0.50,-6.96,1.78,0.00,7.06
85973,-11.72,-1.56,15.62,13.68,180,0.66,1457,0.00,0.00,33.33,16,26.50,2.80,68,1.00,-6.38,1.88,0.00,8.24
86230,-15.62,-1.56,14.81,13.60,180,0.82,1460,0.00,0.00,33.33,16,22.50,2.80,68,2.00,-5.51,1.92,0.00,9.02
86486,-23.44,-1.56,13.32,13.76,181,1.01,1487,0.00,0.00,33.33,16,16.50,3.16,68,2.00,-4.35,2.00,0.00,10.98
86744,-25.00,-1.56,14.13,13.76,181,1.05,1501,0.00,0.00,33.33,16,14.00,3.18,68,2.00,-3.92,2.04,0.00,11.76
87002,-25.00,-1.56,14.36,13.76,181,1.10,1546,0.00,0.00,33.33,16,12.50,3.23,68,2.00,-3.48,2.04,0.00,12.16
87259,-25.00,-1.56,14.24,13.76,181,1.16,1559,0.00,0.00,33.33,16,12.50,3.66,68,2.50,-3.19,2.08,0.39,12.55
87517,-25.00,-1.56,13.90,13.76,181,1.20,1563,0.00,0.00,33.33,16,12.00,3.67,68,2.50,-3.05,2.10,0.78,13.33
87774,-25.00,-1.56,13.90,13.92,181,1.25,1643,0.00,0.00,33.33,16,12.00,3.85,68,3.00,-2.61,2.16,3.14,14.90
88032,-25.00,-1.56,13.90,13.84,181,1.26,1698,0.00,0.00,33.33,16,12.50,4.35,68,3.00,-2.32,2.18,3.53,15.69
88289,-24.22,-1.56,13.90,13.84,181,1.27,1742,0.00,0.00,33.33,16,13.00,4.46,68,3.50,-2.03,2.22,5.10,16.47
88546,-25.00,-1.56,14.24,13.76,181,1.27,1785,0.00,0.00,33.33,16,14.00,4.57,68,3.50,-1.89,2.26,5.88,17.25
88803,-25.00,-1.56,14.59,13.76,181,1.25,1841,0.00,-0.70,33.33,16,14.00,4.71,68,3.00,-1.74,2.28,5.88,17.25
89060,-25.00,-1.56,14.47,13.68,181,1.25,1918,0.00,-0.70,33.33,16,14.50,4.91,68,3.50,-1.60,2.28,6.67,18.04
89317,-25.00,-1.56,14.70,13.68,181,1.28,1990,0.00,-0.70,33.33,16,15.50,5.09,68,3.50,-1.16,2.34,7.84,19.22
89574,-25.00,-1.56,14.81,13.68,181,1.29,2016,0.00,-0.70,33.33,16,15.50,5.16,68,4.00,-0.87,2.38,9.80,20.78
89832,-24.22,-1.56,15.04,13.68,181,1.31,2099,0.00,-0.70,33.33,16,15.50,5.26,68,4.00,-0.73,2.38,10.59,21.57
90089,-24.22,-1.56,14.81,13.76,181,1.29,2154,0.00,-0.35,33.33,16,16.50,5.51,68,4.00,-0.58,2.42,10.98,21.57
90346,-21.88,-1.56,15.27,13.76,181,1.30,2198,0.00,0.00,33.33,16,16.50,5.68,68,4.50,-0.58,2.46,11.76,21.96
90604,-21.09,-1.56,14.93,13.76,181,1.30,2318,0.00,0.00,33.33,16,17.00,5.82,68,4.50,-0.44,2.48,12.16,22.35
90862,-17.97,-3.12,15.16,13.76,181,1.28,2374,0.00,0.00,33.33,16,17.50,6.08,68,4.50,-0.44,2.50,12.55,22.75
91119,-16.41,-3.12,15.16,13.76,181,1.29,2408,0.00,0.00,33.33,16,17.50,6.68,68,4.50,-0.29,2.54,12.55,23.14
91376,-14.06,-3.12,15.16,13.84,181,1.28,2488,0.00,-0.35,33.33,16,18.00,6.90,68,4.50,-0.15,2.58,12.94,23.14
91633,-13.28,-3.12,14.93,13.84,181,1.27,2590,0.00,0.00,33.33,16,19.00,7.18,68,4.50,-0.15,2.62,12.94,23.53
91891,-10.94,-3.12,15.16,13.76,181,1.28,2636,0.00,0.00,33.33,16,19.00,7.31,68,4.50,-0.15,2.64,13.33,23.53
92149,-10.94,-3.12,14.81,13.76,181,1.26,2729,0.00,0.00,33.33,16,19.50,7.57,68,4.50,0.00,2.68,13.33,23.53
92405,-10.16,-3.12,15.04,13.44,181,1.24,2846,0.00,0.00,66.67,16,20.00,7.89,68,4.50,0.00,2.70,13.33,23.53
92662,-12.50,-3.12,14.59,13.52,181,1.24,2860,0.00,0.00,66.67,16,20.50,7.93,68,4.50,0.15,2.72,13.33,23.53
92920,-8.59,-3.12,15.04,13.60,181,1.23,2986,0.00,0.00,66.67,16,21.00,8.28,68,4.50,0.15,2.76,13.33,23.53
93177,-9.38,-3.12,14.81,13.60,181,1.19,3070,0.00,0.00,66.67,16,22.50,8.46,68,4.50,0.15,2.76,12.94,23.53
93434,-10.94,-3.91,14.81,13.60,181,1.10,3108,0.00,0.00,66.67,16,23.50,7.98,68,4.50,-0.73,2.64,7.06,10.98
93691,0.00,-1.56,11.60,13.76,181,0.76,2889,0.00,0.00,66.67,16,27.00,0.00,68,0.00,-10.01,2.06,0.00,0.00
93948,0.00,-1.56,11.60,13.92,181,0.47,2630,0.00,0.00,33.33,16,15.50,0.00,68,0.00,-11.61,2.02,0.00,0.00
94205,0.00,-1.56,12.75,13.84,181,1.10,2243,0.00,0.00,33.33,16,18.00,5.26,68,4.00,-7.55,2.38,2.35,17.25
94462,0.00,-1.56,11.83,13.92,181,1.22,2200,0.00,-0.35,33.33,16,17.50,6.57,68,4.50,-1.89,2.38,7.84,19.22
94719,-6.25,-1.56,11.94,13.84,181,1.23,2200,0.00,-0.35,33.33,16,17.50,6.57,68,4.50,-1.31,2.40,9.02,20.78
94977,-21.09,-1.56,12.86,13.76,181,1.29,2243,0.00,-0.35,33.33,16,17.00,5.74,68,4.50,-0.58,2.46,12.94,23.53
95234,-20.31,-1.56,14.70,13.76,181,1.30,2275,0.00,0.00,33.33,16,16.50,6.31,68,4.50,-0.15,2.50,14.51,24.71
95491,-18.75,-3.91,15.04,13.76,181,1.32,2306,0.00,0.00,33.33,16,17.00,6.40,68,4.50,0.15,2.54,15.29,25.49
95748,-14.84,-3.91,15.50,13.68,181,1.36,2313,0.00,0.00,33.33,16,16.00,6.42,68,4.50,0.44,2.56,15.69,26.27
96006,-13.28,-3.91,15.27,13.68,181,1.33,2372,0.00,0.00,33.33,16,16.50,7.09,68,4.50,0.73,2.60,16.47,27.06
96262,-12.50,-3.91,14.81,13.68,181,1.38,2436,0.00,0.00,33.33,16,16.50,7.28,68,4.50,1.02,2.62,17.25,27.84
96519,-10.16,-3.91,15.27,13.68,181,1.37,2492,0.00,0.00,33.33,16,16.50,7.24,68,4.50,1.31,2.64,17.25,27.84
96778,-11.72,-3.91,14.81,13.76,181,1.36,2535,0.00,0.00,33.33,16,16.50,7.44,68,4.50,1.45,2.66,17.65,28.24
97035,-10.94,-3.91,15.04,13.76,181,1.35,2546,0.00,0.00,33.33,16,17.00,7.64,68,4.50,1.74,2.70,18.04,28.24
97292,-8.59,-3.91,15.16,13.76,181,1.39,2642,0.00,0.00,33.33,16,16.50,7.59,68,4.50,1.89,2.72,18.04,28.63
97550,-7.03,-3.91,15.16,13.76,181,1.37,2620,0.00,0.00,33.33,16,17.00,7.82,68,4.50,2.03,2.74,17.25,28.63
97807,-6.25,-3.91,14.70,13.76,181,1.37,2687,0.00,0.00,33.33,16,17.50,8.03,68,4.50,2.18,2.78,15.29,28.63
98065,-6.25,-3.91,15.04,13.84,181,1.39,2733,0.00,0.00,33.33,16,17.00,8.75,68,4.50,2.47,2.82,11.76,29.02
98322,-5.47,-3.91,14.70,13.84,181,1.40,2776,0.00,0.00,33.33,16,17.00,8.88,68,4.50,2.61,2.84,7.45,29.02
98580,-7.81,-3.91,14.47,13.68,183,1.42,2811,0.00,0.00,66.67,16,17.00,8.99,68,4.50,2.90,2.88,1.57,29.02
98837,-8.59,-3.91,14.93,13.68,183,1.43,2886,0.00,0.00,66.67,16,17.50,9.24,68,4.50,3.19,2.90,0.00,29.02
99094,-6.25,-3.91,15.04,13.60,183,1.44,2922,0.00,0.00,66.67,16,17.50,9.35,68,4.50,3.48,2.94,0.00,29.02
99351,-7.81,-3.91,14.81,13.52,183,1.47,3020,0.00,0.00,66.67,16,17.50,9.67,68,4.50,3.77,2.98,0.00,29.02
99609,-8.59,-3.91,14.81,13.52,183,1.49,3044,0.00,0.00,66.67,16,17.00,9.74,68,4.50,4.21,2.98,0.00,29.02
99866,-4.69,-3.91,15.04,13.60,183,1.50,3100,0.00,0.00,66.67,16,17.00,10.58,68,4.50,4.50,3.02,0.00,29.02
100124,-8.59,-3.91,14.59,13.60,183,1.54,3223,0.00,0.00,66.67,16,17.50,9.88,68,4.50,4.79,3.04,0.00,28.63
100382,-6.25,-3.91,15.04,13.68,183,1.54,3227,0.00,0.00,66.67,16,17.00,10.86,68,4.50,4.93,3.08,0.00,27.84
100639,-5.47,-3.91,15.04,13.68,183,1.51,3278,0.00,0.00,66.67,16,17.50,11.12,68,4.50,4.93,3.08,0.00,27.45
100896,-8.59,-3.91,14.70,13.68,183,1.50,3332,0.00,0.00,66.67,16,18.00,10.66,68,4.50,4.93,3.10,0.00,26.67
101153,-1.56,-3.91,15.50,13.68,183,1.47,3414,0.00,0.00,66.67,16,18.50,11.65,68,4.50,4.35,3.10,0.00,24.31
101410,-14.84,-3.91,13.09,13.84,183,0.95,3360,0.00,0.00,66.67,16,24.00,7.17,68,4.50,-4.50,2.36,0.00,0.00
101668,0.00,-3.91,11.60,13.76,183,0.70,3311,0.00,0.00,66.67,16,21.50,0.00,68,0.00,-9.43,2.02,0.00,0.00
101925,0.00,-1.56,17.80,13.68,183,0.27,2868,0.00,0.00,66.67,16,13.50,0.00,68,0.00,-10.74,2.00,0.00,0.00
102182,0.00,-1.56,23.08,13.68,183,1.17,2540,0.00,0.00,33.33,16,4.50,6.50,68,3.50,-5.80,2.50,1.18,18.04
102439,-10.16,-1.56,12.40,13.68,185,1.21,2381,0.00,-0.35,33.33,16,13.00,6.60,68,4.50,-1.89,2.46,7.45,18.82
102696,-14.06,-1.56,13.21,13.68,185,1.21,2373,0.00,-0.35,33.33,16,18.00,6.58,68,4.50,-1.60,2.48,7.84,19.22
102953,-14.06,-1.56,14.01,13.68,185,1.24,2385,0.00,-0.35,33.33,16,18.00,6.62,68,4.50,-0.87,2.52,9.80,21.57
103210,-12.50,-3.91,14.47,13.76,185,1.29,2382,0.00,-0.35,33.33,16,17.50,6.67,68,4.50,-0.15,2.54,12.55,23.53
103467,-14.84,-3.91,14.36,13.76,185,1.32,2420,0.00,0.00,33.33,16,17.50,6.60,68,4.50,0.15,2.56,13.33,23.53
103725,-14.84,-3.91,14.81,13.76,185,1.31,2423,0.00,0.00,33.33,16,17.00,6.69,68,4.50,0.29,2.56,13.73,23.92
103982,-14.06,-3.91,14.81,13.76,185,1.32,2438,0.00,0.00,33.33,16,17.50,6.71,68,4.50,0.44,2.58,13.73,23.92
104240,-14.06,-3.91,15.04,13.76,185,1.32,2426,0.00,0.00,33.33,16,17.50,6.73,68,4.50,0.58,2.58,13.73,23.92
104497,-12.50,-3.91,15.16,13.84,185,1.32,2451,0.00,0.00,33.33,16,17.50,6.80,70,4.50,0.58,2.60,13.73,23.92
104755,-13.28,-3.91,14.81,13.84,185,1.32,2480,0.00,0.00,33.33,16,17.50,6.88,70,4.50,0.58,2.60,13.73,23.92
105012,-11.72,-3.91,15.04,13.84,185,1.32,2490,0.00,0.00,33.33,16,17.50,6.91,70,4.50,0.73,2.62,13.73,23.92
105269,-11.72,-3.91,14.93,13.84,185,1.31,2512,0.00,0.00,33.33,16,18.00,6.97,70,4.50,0.73,2.62,13.73,23.92
105526,-12.50,-3.91,15.04,13.76,185,1.31,2526,0.00,0.00,33.33,16,18.00,7.00,70,4.50,0.58,2.62,13.33,23.53
105784,-13.28,-3.91,14.70,13.76,185,1.28,2568,0.00,0.00,33.33,16,18.50,7.12,70,4.50,0.58,2.62,12.55,22.75
106041,-12.50,-3.91,14.81,13.68,185,1.26,2607,0.00,0.00,33.33,16,19.00,7.23,70,4.50,0.15,2.62,11.37,21.57
106298,-14.84,-3.91,14.70,13.68,185,1.20,2606,0.00,0.00,33.33,16,19.50,6.67,70,4.50,-0.58,2.56,8.63,19.61
106556,-16.41,-3.91,14.70,13.76,185,1.19,2618,0.00,0.00,33.33,16,20.00,6.70,70,4.50,-0.87,2.56,8.24,19.22
106813,-15.62,-3.91,14.93,13.68,185,1.18,2674,0.00,0.00,33.33,16,20.50,6.75,70,4.50,-1.45,2.54,7.45,18.04
107071,-22.66,-3.91,14.36,13.76,185,0.98,2666,0.00,0.00,33.33,16,23.50,5.74,70,4.50,-3.19,2.36,1.18,10.98
107328,-25.00,-1.56,11.83,13.84,185,0.52,2614,0.00,0.00,33.33,16,31.50,3.34,70,0.00,-9.87,1.82,0.00,0.00
107585,0.00,-1.56,11.71,13.76,185,0.41,2478,0.00,0.00,33.33,16,21.50,0.00,70,0.00,-11.61,1.66,0.00,0.00
107842,0.00,-1.56,11.71,13.76,185,0.36,2050,0.00,0.00,33.33,16,13.00,0.00,70,0.00,-11.32,1.66,0.00,0.00
108099,0.00,0.00,14.70,13.84,185,0.28,1632,0.00,0.00,33.33,16,13.00,0.00,70,0.00,-11.03,1.58,0.00,0.00
108356,0.00,0.00,22.85,13.76,185,0.27,1242,0.00,0.00,33.33,16,21.00,1.33,70,0.00,-10.45,1.30,0.00,0.00
108613,0.00,0.00,23.54,13.92,185,0.19,1189,0.00,0.00,33.33,16,16.50,1.27,70,0.00,-9.87,1.32,0.00,0.00
108870,0.00,0.00,14.59,13.92,183,0.11,1232,0.00,0.00,33.33,16,11.50,1.31,70,0.00,-10.01,1.20,0.00,0.00
109127,-2.34,0.00,12.06,13.76,183,0.10,1214,0.00,0.00,33.33,16,13.00,1.30,70,0.00,-10.01,1.12,0.00,0.00
109384,-2.34,0.00,13.67,13.60,183,0.11,1181,0.00,0.00,33.33,16,16.50,1.26,70,0.00,-10.01,1.12,0.00,0.00
109642,-1.56,0.00,14.24,13.60,183,0.11,1165,0.00,0.00,33.33,16,16.50,1.24,70,0.00,-9.87,1.16,0.00,0.00
109899,-1.56,0.00,14.36,13.52,183,0.11,1152,0.00,0.00,33.33,16,17.00,1.23,70,0.00,-9.87,1.10,0.00,0.00
110157,-2.34,0.00,14.36,13.52,183,0.12,1154,0.00,0.00,33.33,16,15.50,1.22,70,0.00,-9.87,1.16,0.00,0.00
