Time (msec),A/F Sensor #1 (AFR),Battery Voltage (V),Coolant Temperature (F),Engine Speed (rpm),Fuel Pump Duty (%),Ignition Total Timing (degrees),Injector Duty Cycle (%),Intake Air Temperature (C),Knock Correction Advance (degrees),Manifold Absolute Pressure (psi),Throttle Opening Angle (%),Vehicle Speed (mph),Manifold Relative Pressure (psi),Mass Airflow (g/s),Primary Wastegate Duty Cycle (%),Fine Learning Knock Correction* (degrees),MAF/SD Blend Percentage (%),Knock Count (Combined) (Knock Events),Engine Load*  (g/rev)
0,15.04,13.60,190,1005,74.90,13.00,2.36,43,0.00,6.38,0.00,0,-8.27,5.80,0.00,0.00,0.0,0,0.35
73,15.04,13.68,190,990,74.90,14.00,2.32,43,0.00,6.24,0.00,0,-8.42,5.74,0.00,0.00,0.0,0,0.34
147,14.93,13.52,190,994,74.90,14.00,2.76,43,0.00,6.38,0.00,0,-8.27,6.01,0.00,0.00,0.0,0,0.36
219,14.81,13.60,190,992,74.90,14.00,2.54,43,0.00,6.38,0.00,0,-8.27,6.11,0.00,0.00,0.0,0,0.37
291,14.81,13.60,190,1000,74.90,12.00,2.56,43,0.00,6.53,0.00,0,-8.13,6.11,0.00,0.00,0.0,0,0.37
365,14.93,13.60,190,1009,74.90,12.00,2.37,43,0.00,6.38,0.00,0,-8.27,5.90,0.00,0.00,0.0,0,0.35
439,14.93,13.60,190,1012,74.90,11.50,2.37,43,0.00,6.24,0.00,0,-8.42,5.58,0.00,0.00,0.0,0,0.34
512,14.81,13.60,190,1015,74.90,13.50,2.38,43,0.00,6.09,0.00,0,-8.56,5.55,0.00,0.00,0.0,0,0.34
584,14.81,13.60,190,1000,74.90,14.00,2.35,43,0.00,6.09,0.00,0,-8.56,5.61,0.00,0.00,0.0,0,0.34
657,14.81,13.60,190,988,74.90,15.00,2.53,43,0.00,6.09,0.00,0,-8.56,5.83,0.00,0.00,0.0,0,0.35
730,14.81,13.68,190,985,74.90,15.50,2.52,43,0.00,6.24,0.00,0,-8.42,6.01,0.00,0.00,0.0,0,0.37
804,14.81,13.60,190,980,74.90,15.50,2.51,43,0.00,6.24,0.00,0,-8.42,6.11,0.00,0.00,0.0,0,0.37
877,14.93,13.60,190,1003,74.90,14.00,2.57,43,0.00,6.38,0.00,0,-8.27,6.07,0.00,0.00,0.0,0,0.36
950,14.81,13.68,190,1010,74.90,12.00,2.37,43,0.00,6.38,0.00,0,-8.27,5.83,0.00,0.00,0.0,0,0.35
1023,14.70,13.60,190,1014,74.90,12.00,2.38,43,0.00,6.24,0.00,0,-8.56,5.54,0.00,0.00,0.0,0,0.34
1095,14.81,13.68,190,1013,74.90,13.00,2.38,43,0.00,6.09,0.00,0,-8.56,5.58,0.00,0.00,0.0,0,0.33
1170,14.70,13.52,190,1010,74.90,13.00,2.37,43,0.00,6.09,0.00,0,-8.56,5.54,0.00,0.00,0.0,0,0.33
1241,14.70,13.60,190,986,74.90,15.50,2.31,43,0.00,6.09,0.00,0,-8.56,5.83,0.00,0.00,0.0,0,0.34
1314,14.81,13.52,190,986,74.90,15.50,2.73,43,0.00,6.24,0.00,0,-8.42,6.11,0.00,0.00,0.0,0,0.37
1387,14.70,13.68,190,976,74.90,16.50,2.50,43,0.00,6.24,0.00,0,-8.42,6.15,0.00,0.00,0.0,0,0.38
1460,14.81,13.60,190,989,74.90,14.50,2.53,43,0.00,6.38,0.00,0,-8.27,6.07,0.00,0.00,0.0,0,0.37
1533,14.81,13.68,190,1000,74.90,13.50,2.56,43,0.00,6.38,0.00,0,-8.27,5.94,0.00,0.00,0.0,0,0.35
1607,14.24,13.60,190,1016,74.90,12.00,2.38,43,0.00,6.24,0.00,0,-8.42,5.61,0.00,0.00,0.0,0,0.34
1679,14.47,13.60,190,1013,74.90,12.50,2.38,43,0.00,6.09,0.00,0,-8.56,5.41,0.00,0.00,0.0,0,0.34
1753,14.36,13.60,190,1013,74.90,13.00,2.38,43,0.00,5.95,0.00,0,-8.71,5.39,0.00,0.00,0.0,0,0.33
1826,14.59,13.60,190,1002,74.90,13.50,2.35,43,0.00,5.95,0.00,0,-8.71,5.48,0.00,0.00,0.0,0,0.33
1900,14.59,13.52,190,984,74.90,15.00,2.52,43,0.00,6.09,0.00,0,-8.56,5.71,0.00,0.00,0.0,0,0.35
1972,14.70,13.60,190,970,74.90,17.00,2.69,43,0.00,6.09,0.00,0,-8.56,6.11,0.00,0.00,0.0,0,0.38
2044,14.70,13.52,190,974,74.90,16.50,2.49,43,0.00,6.24,0.00,0,-8.42,6.07,0.00,0.00,0.0,0,0.37
2118,14.81,13.68,190,987,74.90,15.00,2.53,43,0.00,6.24,0.00,0,-8.42,6.00,0.00,0.00,0.0,0,0.35
2191,14.81,13.68,190,1001,74.90,13.00,2.35,43,0.00,6.24,0.00,0,-8.42,5.74,0.00,0.00,0.0,0,0.33
2264,14.70,13.52,190,1007,74.90,13.00,2.15,43,0.00,6.24,0.00,0,-8.56,5.48,0.00,0.00,0.0,0,0.33
2337,14.47,13.60,190,998,74.90,16.50,2.34,43,0.00,6.09,0.00,0,-8.56,5.52,0.00,0.00,0.0,0,0.32
2410,14.36,13.52,190,974,74.90,16.50,2.49,43,0.00,6.09,0.00,0,-8.56,5.80,0.00,0.00,0.0,0,0.35
2484,14.24,13.60,190,971,74.90,16.50,2.49,43,0.00,6.24,0.00,0,-8.42,5.87,0.00,0.00,0.0,0,0.36
2556,14.36,13.52,190,985,74.90,14.50,2.31,43,0.00,6.24,0.00,0,-8.42,5.80,0.00,0.00,0.0,0,0.35
2629,14.36,13.60,190,992,74.90,13.50,2.33,43,0.00,6.24,0.00,0,-8.42,5.77,0.00,0.00,0.0,0,0.35
2702,14.59,13.60,190,993,74.90,13.50,2.33,43,0.00,6.24,0.00,0,-8.42,5.67,0.00,0.00,0.0,0,0.35
2774,14.47,13.60,190,987,74.90,13.50,2.32,43,0.00,6.24,0.00,0,-8.42,5.61,0.00,0.00,0.0,0,0.34
2848,14.59,13.60,190,982,74.90,14.00,2.30,43,0.00,6.24,0.00,0,-8.42,5.58,0.00,0.00,0.0,0,0.34
2922,14.70,13.44,190,987,74.90,14.50,2.32,43,0.00,6.24,0.00,0,-8.42,5.65,0.00,0.00,0.0,0,0.34
2994,14.70,13.60,190,982,74.90,14.00,2.30,43,0.00,6.24,0.00,0,-8.42,5.65,0.00,0.00,0.0,0,0.34
3068,14.70,13.52,190,981,74.90,14.50,2.30,43,0.00,6.24,0.00,0,-8.42,5.67,0.00,0.00,0.0,0,0.35
3140,14.81,13.60,190,984,74.90,14.00,2.31,43,0.00,6.24,0.00,0,-8.42,5.67,0.00,0.00,0.0,0,0.35
3213,14.81,13.52,190,984,74.90,14.00,2.31,43,0.00,6.24,0.00,0,-8.42,5.65,0.00,0.00,0.0,0,0.34
3286,14.93,13.60,190,986,74.90,14.00,2.31,43,0.00,6.24,0.00,0,-8.42,5.61,0.00,0.00,0.0,0,0.34
3359,14.93,13.60,190,990,74.90,13.50,2.32,43,0.00,6.24,0.00,0,-8.42,5.65,0.00,0.00,0.0,0,0.34
3434,14.93,13.60,190,990,74.90,13.00,2.32,43,0.00,6.24,0.00,0,-8.42,5.58,0.00,0.00,0.0,0,0.34
3505,14.93,13.60,190,990,74.90,13.50,2.32,43,0.00,6.09,0.00,0,-8.56,5.58,0.00,0.00,0.0,0,0.34
3579,14.81,13.60,190,988,74.90,13.50,2.32,43,0.00,6.09,0.00,0,-8.56,5.54,0.00,0.00,0.0,0,0.34
3652,14.93,13.60,190,988,74.90,14.50,2.32,43,0.00,6.09,0.00,0,-8.56,5.58,0.00,0.00,0.0,0,0.34
3723,14.81,13.52,190,980,74.90,14.00,2.30,43,0.00,6.09,0.00,0,-8.56,5.54,0.00,0.00,0.0,0,0.34
3797,14.93,13.60,190,969,74.90,15.50,2.27,43,0.00,6.09,0.00,0,-8.56,5.58,0.00,0.00,0.0,0,0.34
3870,14.93,13.60,190,973,74.90,15.00,2.28,43,0.00,6.24,0.00,0,-8.42,5.61,0.00,0.00,0.0,0,0.35
3943,14.93,13.68,190,970,74.90,15.50,2.28,43,0.00,6.24,0.00,0,-8.42,5.61,0.00,0.00,0.0,0,0.34
4018,14.93,13.60,190,977,74.90,14.00,2.29,43,0.00,6.24,0.00,0,-8.42,5.58,0.00,0.00,0.0,0,0.34
4089,15.04,13.60,190,972,74.90,15.00,2.28,43,0.00,6.24,0.00,0,-8.42,5.58,0.00,0.00,0.0,0,0.34
4162,14.93,13.60,190,984,74.90,13.00,2.31,43,0.00,6.24,0.00,0,-8.56,5.52,0.00,0.00,0.0,0,0.34
4236,15.04,13.52,190,986,74.90,14.00,2.31,43,0.00,6.09,0.00,0,-8.56,5.52,0.00,0.00,0.0,0,0.34
4307,14.93,13.60,190,982,74.90,14.00,2.30,43,0.00,6.09,0.00,0,-8.56,5.52,0.00,0.00,0.0,0,0.34
4382,14.93,13.60,190,978,74.90,14.00,2.29,43,0.00,6.09,0.00,0,-8.56,5.45,0.00,0.00,0.0,0,0.33
4453,14.93,13.68,190,973,74.90,14.50,2.28,43,0.00,6.09,0.00,0,-8.56,5.54,0.00,0.00,0.0,0,0.34
4528,14.93,13.60,190,978,74.90,14.00,2.30,43,0.00,6.09,0.00,0,-8.56,5.52,0.00,0.00,0.0,0,0.34
4600,14.93,13.60,190,974,74.90,14.00,2.29,43,0.00,6.09,0.00,0,-8.56,5.45,0.00,0.00,0.0,0,0.34
4674,14.93,13.52,190,973,74.90,14.00,2.28,43,0.00,6.09,0.00,0,-8.56,5.45,0.00,0.00,0.0,0,0.33
4746,14.93,13.52,190,980,74.90,14.00,2.30,43,0.00,6.09,0.00,0,-8.56,5.45,0.00,0.00,0.0,0,0.33
4819,14.93,13.60,190,979,74.90,13.50,2.30,43,0.00,6.09,0.00,0,-8.56,5.45,0.00,0.00,0.0,0,0.33
4893,15.04,13.60,190,982,74.90,14.00,2.30,43,0.00,6.09,0.00,0,-8.56,5.45,0.00,0.00,0.0,0,0.33
4965,15.04,13.68,190,977,74.90,14.00,2.29,43,0.00,6.09,0.00,0,-8.56,5.45,0.00,0.00,0.0,0,0.33
5037,15.04,13.52,190,968,74.90,15.00,2.27,43,0.00,6.09,0.00,0,-8.56,5.48,0.00,0.00,0.0,0,0.34
5110,15.04,13.60,190,974,74.90,14.00,2.29,43,0.00,6.09,0.00,0,-8.56,5.45,0.00,0.00,0.0,0,0.34
5184,15.04,13.60,190,972,74.90,14.00,2.28,43,0.00,6.09,0.00,0,-8.56,5.45,0.00,0.00,0.0,0,0.34
5259,15.04,13.60,190,968,74.90,14.50,2.27,43,0.00,6.09,0.00,0,-8.56,5.45,0.00,0.00,0.0,0,0.34
5330,14.93,13.68,190,968,74.90,14.50,2.27,43,0.00,6.09,0.00,0,-8.56,5.52,0.00,0.00,0.0,0,0.34
5403,14.93,13.68,190,970,74.90,14.00,2.28,43,0.00,6.09,0.00,0,-8.56,5.48,0.00,0.00,0.0,0,0.34
5476,14.93,13.60,190,971,74.90,14.00,2.28,42,0.00,6.09,0.00,0,-8.56,5.48,0.00,0.00,0.0,0,0.34
5549,14.81,13.68,190,974,74.90,13.50,2.29,42,0.00,6.09,0.00,0,-8.56,5.48,0.00,0.00,0.0,0,0.34
5622,14.81,13.52,190,976,74.90,13.50,2.29,42,0.00,6.09,0.00,0,-8.56,5.45,0.00,0.00,0.0,0,0.34
5695,14.70,13.60,190,976,74.90,13.50,2.29,42,0.00,6.09,0.00,0,-8.56,5.41,0.00,0.00,0.0,0,0.33
5768,14.81,13.44,190,972,74.90,14.00,2.28,42,0.00,6.09,0.00,0,-8.56,5.45,0.00,0.00,0.0,0,0.33
5843,14.81,13.68,190,976,74.90,13.50,2.29,42,0.00,6.09,0.00,0,-8.56,5.45,0.00,0.00,0.0,0,0.34
5914,14.81,13.52,190,968,74.90,14.50,2.27,42,0.00,6.09,0.00,0,-8.56,5.45,0.00,0.00,0.0,0,0.34
5987,14.81,13.52,190,968,74.90,15.50,2.27,42,0.00,6.09,0.00,0,-8.56,5.45,0.00,0.00,0.0,0,0.34
6060,14.81,13.60,190,958,74.90,14.50,2.25,42,0.00,6.09,0.00,0,-8.56,5.45,0.00,0.00,0.0,0,0.34
6133,14.81,13.52,190,964,74.90,14.00,2.26,42,0.00,6.09,0.00,0,-8.56,5.48,0.00,0.00,0.0,0,0.34
6205,14.81,13.60,190,977,74.90,13.00,2.29,42,0.00,6.09,0.00,0,-8.56,5.41,0.00,0.00,0.0,0,0.33
6280,14.70,13.60,190,981,74.90,13.00,2.30,42,0.00,6.09,0.00,0,-8.56,5.39,0.00,0.00,0.0,0,0.33
6352,14.81,13.60,190,981,74.90,13.00,2.30,42,0.00,6.09,0.00,0,-8.56,5.39,0.00,0.00,0.0,0,0.33
6425,14.81,13.52,190,982,74.90,13.00,2.30,42,0.00,6.09,0.00,0,-8.56,5.41,0.00,0.00,0.0,0,0.33
6498,14.81,13.68,190,984,74.90,13.00,2.31,42,0.00,6.09,0.00,0,-8.56,5.41,0.00,0.00,0.0,0,0.33
6570,14.81,13.60,190,985,74.90,12.50,2.31,42,0.00,6.09,0.00,0,-8.56,5.39,0.00,0.00,0.0,0,0.33
6644,14.81,13.52,190,975,74.90,13.00,2.29,42,0.00,5.95,0.00,0,-8.71,5.39,0.00,0.00,0.0,0,0.33
6717,14.81,13.68,190,980,74.90,14.00,2.30,42,0.00,5.95,0.00,0,-8.71,5.39,0.00,0.00,0.0,0,0.33
6790,14.81,13.60,190,976,74.90,14.00,2.29,42,0.00,5.95,0.00,0,-8.71,5.39,0.00,0.00,0.0,0,0.33
6863,14.93,13.68,190,978,74.90,14.50,2.29,42,0.00,5.95,0.00,0,-8.71,5.39,0.00,0.00,0.0,0,0.33
6937,14.93,13.60,190,978,74.90,14.00,2.29,42,0.00,5.95,0.00,0,-8.71,5.41,0.00,0.00,0.0,0,0.33
7010,14.93,13.60,190,973,74.90,14.00,2.28,42,0.00,5.95,0.00,0,-8.71,5.41,0.00,0.00,0.0,0,0.33
7081,15.04,13.52,190,979,74.90,13.50,2.30,42,0.00,5.95,0.00,0,-8.71,5.39,0.00,0.00,0.0,0,0.33
7155,14.93,13.60,190,973,74.90,14.00,2.28,42,0.00,5.95,0.00,0,-8.71,5.39,0.00,0.00,0.0,0,0.34
7228,15.04,13.52,190,976,74.90,14.00,2.29,42,0.00,5.95,0.00,0,-8.71,5.39,0.00,0.00,0.0,0,0.33
7301,14.81,13.60,190,979,74.90,13.50,2.30,42,0.00,5.95,0.00,0,-8.71,5.39,0.00,0.00,0.0,0,0.33
7374,14.81,13.60,190,979,74.90,13.50,2.30,42,0.00,5.95,0.00,0,-8.71,5.39,0.00,0.00,0.0,0,0.33
7448,14.93,13.60,190,979,74.90,13.00,2.30,42,0.00,5.95,0.00,0,-8.71,5.39,0.00,0.00,0.0,0,0.33
7520,14.81,13.60,190,983,74.90,13.00,2.31,42,0.00,5.95,0.00,0,-8.71,5.32,0.00,0.00,0.0,0,0.33
7593,14.81,13.52,190,972,74.90,13.00,2.28,42,0.00,5.95,0.00,0,-8.71,5.39,0.00,0.00,0.0,0,0.33
7667,14.70,13.60,190,974,74.90,14.00,2.29,42,0.00,5.95,0.00,0,-8.71,5.35,0.00,0.00,0.0,0,0.33
7740,14.81,13.52,190,971,74.90,14.00,2.28,42,0.00,5.95,0.00,0,-8.71,5.35,0.00,0.00,0.0,0,0.33
7813,14.81,13.60,190,974,74.90,14.00,2.29,42,0.00,5.95,0.00,0,-8.71,5.39,0.00,0.00,0.0,0,0.33
7885,14.81,13.68,190,969,74.90,14.00,2.27,42,0.00,5.95,0.00,0,-8.71,5.39,0.00,0.00,0.0,0,0.33
7958,14.81,13.60,190,973,74.90,14.00,2.28,42,0.00,5.95,0.00,0,-8.71,5.39,0.00,0.00,0.0,0,0.33
8031,14.81,13.60,190,975,74.90,13.50,2.29,42,0.00,5.95,0.00,0,-8.71,5.35,0.00,0.00,0.0,0,0.33
8105,14.81,13.52,190,980,74.90,13.00,2.30,42,0.00,5.95,0.00,0,-8.71,5.32,0.00,0.00,0.0,0,0.33
8177,14.81,13.60,190,984,74.90,13.00,2.31,42,0.00,5.95,0.00,0,-8.71,5.32,0.00,0.00,0.0,0,0.32
8250,14.81,13.60,190,980,74.90,13.50,2.30,42,0.00,5.95,0.00,0,-8.71,5.32,0.00,0.00,0.0,0,0.33
8323,14.93,13.68,190,980,74.90,13.50,2.30,42,0.00,5.95,0.00,0,-8.71,5.32,0.00,0.00,0.0,0,0.33
8395,14.81,13.60,190,983,74.90,13.00,2.31,42,0.00,5.95,0.00,0,-8.71,5.32,0.00,0.00,0.0,0,0.33
8469,14.93,13.60,190,985,74.90,13.00,2.31,42,0.00,5.95,0.00,0,-8.71,5.32,0.00,0.00,0.0,0,0.33
8542,14.93,13.52,190,985,74.90,13.50,2.31,42,0.00,5.95,0.00,0,-8.71,5.35,0.00,0.00,0.0,0,0.33
8616,14.81,13.68,190,982,74.90,13.00,2.31,42,0.00,5.95,0.00,0,-8.71,5.32,0.00,0.00,0.0,0,0.32
8688,14.93,13.60,190,986,74.90,14.00,2.31,42,0.00,5.95,0.00,0,-8.71,5.35,0.00,0.00,0.0,0,0.32
8761,14.81,13.60,190,980,74.90,14.00,2.30,42,0.00,5.95,0.00,0,-8.71,5.35,0.00,0.00,0.0,0,0.33
8834,14.93,13.60,190,972,74.90,14.50,2.28,42,0.00,5.95,0.00,0,-8.71,5.32,0.00,0.00,0.0,0,0.33
8907,14.93,13.60,190,979,74.90,14.00,2.30,42,0.00,5.95,0.00,0,-8.71,5.35,0.00,0.00,0.0,0,0.33
8981,14.81,13.52,190,986,74.90,14.00,2.31,42,0.00,5.95,0.00,0,-8.71,5.32,0.00,0.00,0.0,0,0.32
9053,14.81,13.60,190,986,74.90,13.00,2.31,42,0.00,5.95,0.00,0,-8.71,5.29,0.00,0.00,0.0,0,0.32
9127,14.81,13.52,190,985,74.90,13.00,2.31,42,0.00,5.95,0.00,0,-8.71,5.29,0.00,0.00,0.0,0,0.32
9200,14.81,13.52,190,980,74.90,14.00,2.30,42,0.00,5.95,0.00,0,-8.71,5.29,0.00,0.00,0.0,0,0.32
9273,14.81,13.60,190,979,74.90,14.00,2.30,42,0.00,5.95,0.00,0,-8.71,5.32,0.00,0.00,0.0,0,0.33
9346,14.81,13.60,190,978,74.90,13.50,2.29,42,0.00,5.95,0.00,0,-8.71,5.32,0.00,0.00,0.0,0,0.33
9419,14.81,13.60,190,980,74.90,13.50,2.30,42,0.00,5.95,0.00,0,-8.71,5.32,0.00,0.00,0.0,0,0.33
9491,14.81,13.52,190,980,74.90,13.50,2.30,42,0.00,5.95,0.00,0,-8.71,5.32,0.00,0.00,0.0,0,0.33
9564,14.81,13.60,190,980,74.90,14.00,2.30,42,0.00,5.95,0.00,0,-8.71,5.32,0.00,0.00,0.0,0,0.32
9638,14.81,13.52,190,978,74.90,14.00,2.30,42,0.00,5.95,0.00,0,-8.71,5.29,0.00,0.00,0.0,0,0.32
9711,14.81,13.60,190,973,74.90,14.50,2.28,42,0.00,5.95,0.00,0,-8.71,5.32,0.00,0.00,0.0,0,0.33
9784,14.81,13.52,190,976,74.90,14.00,2.29,42,0.00,5.95,0.00,0,-8.71,5.32,0.00,0.00,0.0,0,0.33
9857,14.81,13.52,190,970,74.90,14.00,2.28,42,0.00,5.95,0.00,0,-8.71,5.32,0.00,0.00,0.0,0,0.33
9930,14.81,13.60,190,977,74.90,13.00,2.29,42,0.00,5.95,0.00,0,-8.71,5.32,0.00,0.00,0.0,0,0.33
10003,14.81,13.60,190,985,74.90,13.00,2.31,42,0.00,5.95,0.00,0,-8.71,5.29,0.00,0.00,0.0,0,0.32
10076,14.81,13.68,190,987,74.90,13.00,2.32,42,0.00,5.95,0.00,0,-8.71,5.32,0.00,0.00,0.0,0,0.32
10149,14.81,13.60,190,986,74.90,13.00,2.31,42,0.00,5.95,0.00,0,-8.71,5.29,0.00,0.00,0.0,0,0.32
10222,14.81,13.68,190,983,74.90,13.50,2.31,42,0.00,5.95,0.00,0,-8.71,5.32,0.00,0.00,0.0,0,0.33
10295,14.93,13.60,190,982,74.90,13.50,2.30,42,0.00,5.95,0.00,0,-8.71,5.29,0.00,0.00,0.0,0,0.33
10368,14.81,13.60,190,981,74.90,14.00,2.30,42,0.00,5.95,0.00,0,-8.71,5.32,0.00,0.00,0.0,0,0.33
10441,14.81,13.60,190,977,74.90,14.00,2.29,42,0.00,5.95,0.00,0,-8.71,5.32,0.00,0.00,0.0,0,0.32
10515,14.81,13.60,190,981,74.90,14.00,2.30,42,0.00,5.95,0.00,0,-8.71,5.29,0.00,0.00,0.0,0,0.32
10586,14.81,13.60,190,976,74.90,14.00,2.29,42,0.00,5.95,0.00,0,-8.71,5.29,0.00,0.00,0.0,0,0.32
10661,14.81,13.60,190,980,74.90,14.00,2.30,42,0.00,5.95,0.00,0,-8.71,5.26,0.00,0.00,0.0,0,0.32
10733,14.81,13.60,190,978,74.90,14.00,2.29,42,0.00,5.95,0.00,0,-8.71,5.29,0.00,0.00,0.0,0,0.32
10807,14.81,13.52,190,971,74.90,14.50,2.28,42,0.00,5.95,0.00,0,-8.71,5.32,0.00,0.00,0.0,0,0.33
10879,14.81,13.60,190,984,74.90,13.00,2.31,42,0.00,5.95,0.00,0,-8.71,5.29,0.00,0.00,0.0,0,0.33
10952,14.81,13.60,190,987,74.90,13.00,2.32,42,0.00,5.95,0.00,0,-8.71,5.32,0.00,0.00,0.0,0,0.32
11024,14.93,13.60,190,984,74.90,13.00,2.31,42,0.00,5.95,0.00,0,-8.71,5.32,0.00,0.00,0.0,0,0.33
11097,14.93,13.68,190,983,74.90,13.50,2.31,42,0.00,5.95,0.00,0,-8.71,5.32,0.00,0.00,0.0,0,0.33
11173,14.81,13.60,190,983,74.90,13.50,2.31,42,0.00,5.95,0.00,0,-8.71,5.29,0.00,0.00,0.0,0,0.32
11244,14.93,13.60,190,983,74.90,14.00,2.31,42,0.00,5.95,0.00,0,-8.71,5.32,0.00,0.00,0.0,0,0.33
11318,14.81,13.52,190,980,74.90,14.00,2.30,42,0.00,5.95,0.00,0,-8.71,5.32,0.00,0.00,0.0,0,0.32
11391,14.81,13.60,190,980,74.90,14.00,2.30,42,0.00,5.95,0.00,0,-8.71,5.32,0.00,0.00,0.0,0,0.33
11463,14.81,13.52,190,982,74.90,13.50,2.31,42,0.00,5.95,0.00,0,-8.71,5.29,0.00,0.00,0.0,0,0.32
11536,14.70,13.60,190,978,74.90,14.00,2.30,42,0.00,5.95,0.00,0,-8.71,5.32,0.00,0.00,0.0,0,0.33
11609,14.70,13.60,190,981,74.90,14.00,2.30,42,0.00,5.95,0.00,0,-8.71,5.22,0.00,0.00,0.0,0,0.32
11683,14.81,13.60,190,978,74.90,14.00,2.29,42,0.00,5.95,0.00,0,-8.71,5.26,0.00,0.00,0.0,0,0.32
11755,14.70,13.60,190,987,74.90,13.00,2.32,42,0.00,5.95,0.00,0,-8.71,5.29,0.00,0.00,0.0,0,0.32
11828,14.81,13.60,190,986,74.90,13.00,2.31,42,0.00,5.95,0.00,0,-8.71,5.29,0.00,0.00,0.0,0,0.32
11900,14.70,13.52,190,985,74.90,13.00,2.31,42,0.00,5.95,0.00,0,-8.71,5.32,0.00,0.00,0.0,0,0.33
11975,14.81,13.68,190,987,74.90,13.00,2.32,42,0.00,5.95,0.00,0,-8.71,5.29,0.00,0.00,0.0,0,0.32
12048,14.81,13.60,190,987,74.90,13.00,2.32,42,0.00,5.95,0.00,0,-8.71,5.26,0.00,0.00,0.0,0,0.32
12120,14.93,13.68,190,985,74.90,13.50,2.31,42,0.00,5.95,0.00,0,-8.71,5.29,0.00,0.00,0.0,0,0.32
12193,14.81,13.44,190,978,74.90,14.00,2.29,42,0.00,5.95,0.00,0,-8.71,5.29,0.00,0.00,0.0,0,0.32
12267,14.93,13.60,190,975,74.90,14.50,2.29,42,0.00,5.95,0.00,0,-8.71,5.32,0.00,0.00,0.0,0,0.33
12340,14.81,13.68,190,980,74.90,14.00,2.30,42,0.00,5.95,0.00,0,-8.71,5.29,0.00,0.00,0.0,0,0.32
12412,14.81,13.60,190,980,74.90,13.50,2.30,42,0.00,5.95,0.00,0,-8.71,5.29,0.00,0.00,0.0,0,0.32
12485,14.81,13.60,190,983,74.90,14.00,2.31,42,0.00,5.95,0.00,0,-8.71,5.29,0.00,0.00,0.0,0,0.32
12559,14.81,13.60,190,980,74.90,13.00,2.30,42,0.00,5.95,0.00,0,-8.71,5.29,0.00,0.00,0.0,0,0.32
12632,14.81,13.60,190,987,74.90,13.00,2.32,42,0.00,5.95,0.00,0,-8.71,5.29,0.00,0.00,0.0,0,0.33
12704,14.81,13.60,190,992,74.90,13.00,2.33,42,0.00,5.95,0.00,0,-8.71,5.26,0.00,0.00,0.0,0,0.32
12777,14.70,13.68,190,995,74.90,12.50,2.34,42,0.00,5.95,0.00,0,-8.71,5.26,0.00,0.00,0.0,0,0.32
12850,14.81,13.52,190,996,74.90,12.50,2.34,42,0.00,5.95,0.00,0,-8.71,5.26,0.00,0.00,0.0,0,0.32
12923,14.70,13.68,190,986,74.90,13.50,2.31,42,0.00,5.80,0.00,0,-8.85,5.26,0.00,0.00,0.0,0,0.32
12997,14.81,13.52,190,984,74.90,14.00,2.31,42,0.00,5.95,0.00,0,-8.71,5.26,0.00,0.00,0.0,0,0.32
13069,14.81,13.60,190,982,74.90,14.00,2.31,42,0.00,5.95,0.00,0,-8.71,5.26,0.00,0.00,0.0,0,0.32
13142,14.81,13.60,190,980,74.90,14.00,2.30,42,0.00,5.95,0.00,0,-8.71,5.26,0.00,0.00,0.0,0,0.32
13215,14.81,13.60,190,983,74.90,14.00,2.31,42,0.00,5.95,0.00,0,-8.71,5.26,0.00,0.00,0.0,0,0.32
13289,14.81,13.60,190,984,74.90,14.00,2.31,42,0.00,5.95,0.00,0,-8.71,5.22,0.00,0.00,0.0,0,0.32
13362,14.81,13.60,190,978,74.90,14.00,2.30,42,0.00,5.95,0.00,0,-8.71,5.22,0.00,0.00,0.0,0,0.32
13435,14.70,13.68,190,979,74.90,14.00,2.30,42,0.00,5.95,0.00,0,-8.71,5.26,0.00,0.00,0.0,0,0.32
13507,14.70,13.52,190,983,74.90,14.00,2.31,42,0.00,5.95,0.00,0,-8.71,5.26,0.00,0.00,0.0,0,0.32
13582,14.70,13.60,190,980,74.90,14.00,2.30,42,0.00,5.95,0.00,0,-8.71,5.22,0.00,0.00,0.0,0,0.32
13654,14.81,13.60,190,980,74.90,14.00,2.30,42,0.00,5.95,0.00,0,-8.71,5.22,0.00,0.00,0.0,0,0.32
13726,14.70,13.60,190,980,74.90,14.00,2.30,42,0.00,5.95,0.00,0,-8.85,5.26,0.00,0.00,0.0,0,0.32
13799,14.81,13.60,190,977,74.90,14.00,2.29,42,0.00,5.95,0.00,0,-8.71,5.19,0.00,0.00,0.0,0,0.32
13873,14.70,13.60,190,980,74.90,14.00,2.30,42,0.00,5.95,0.00,0,-8.71,5.19,0.00,0.00,0.0,0,0.32
13945,14.70,13.60,190,980,74.90,13.50,2.30,42,0.00,5.95,0.00,0,-8.71,5.22,0.00,0.00,0.0,0,0.32
14019,14.70,13.52,190,974,74.90,14.00,2.28,42,0.00,5.95,0.00,0,-8.71,5.19,0.00,0.00,0.0,0,0.32
14090,14.70,13.60,190,972,74.90,14.50,2.28,42,0.00,5.95,0.00,0,-8.71,5.19,0.00,0.00,0.0,0,0.32
14165,14.70,13.60,190,977,74.90,14.00,2.29,42,0.00,5.95,0.00,0,-8.71,5.19,0.00,0.00,0.0,0,0.32
14237,14.70,13.60,190,971,74.90,14.50,2.28,42,0.00,5.95,0.00,0,-8.71,5.19,0.00,0.00,0.0,0,0.32
14310,14.70,13.68,190,976,74.90,14.50,2.29,42,0.00,5.95,0.00,0,-8.71,5.19,0.00,0.00,0.0,0,0.32
14384,14.70,13.60,190,970,74.90,14.00,2.28,42,0.00,5.80,0.00,0,-8.71,5.19,0.00,0.00,0.0,0,0.32
14457,14.70,13.60,190,974,74.90,14.50,2.29,42,0.00,5.80,0.00,0,-8.85,5.19,0.00,0.00,0.0,0,0.32
14529,14.81,13.52,190,974,74.90,14.00,2.28,42,0.00,5.80,0.00,0,-8.85,5.13,0.00,0.00,0.0,0,0.32
14602,14.70,13.68,190,973,74.90,14.00,2.28,42,0.00,5.80,0.00,0,-8.85,5.13,0.00,0.00,0.0,0,0.32
14676,14.81,13.60,190,977,74.90,13.50,2.29,42,0.00,5.95,0.00,0,-8.71,5.16,0.00,0.00,0.0,0,0.32
14749,14.70,13.60,190,972,74.90,14.00,2.28,42,0.00,5.80,0.00,0,-8.85,5.16,0.00,0.00,0.0,0,0.32
14822,14.70,13.60,190,972,74.90,14.00,2.28,42,0.00,5.80,0.00,0,-8.85,5.16,0.00,0.00,0.0,0,0.32
14896,14.70,13.60,190,968,74.90,14.00,2.27,42,0.00,5.80,0.00,0,-8.85,5.16,0.00,0.00,0.0,0,0.32
14967,14.59,13.60,190,970,74.90,14.00,2.28,42,0.00,5.95,0.00,0,-8.71,5.16,0.00,0.00,0.0,0,0.32
15041,14.70,13.60,190,971,74.90,14.50,2.28,42,0.00,5.95,0.00,0,-8.85,5.16,0.00,0.00,0.0,0,0.32
15114,14.70,13.52,190,965,74.90,14.50,2.26,42,0.00,5.95,0.00,0,-8.71,7.66,0.00,0.00,0.0,0,0.32
15187,14.70,13.60,190,963,74.90,14.50,2.26,42,0.00,5.80,0.00,0,-8.85,5.10,0.00,0.00,0.0,0,0.32
15260,14.59,13.60,190,966,74.90,14.00,2.27,42,0.00,5.80,0.00,0,-8.85,5.10,0.00,0.00,0.0,0,0.32
15334,14.70,13.68,190,962,74.90,14.50,2.05,42,0.00,5.80,0.00,0,-8.85,5.07,0.00,0.00,0.0,0,0.31
15407,14.59,13.52,190,967,74.90,14.00,2.27,42,0.00,5.80,0.00,0,-8.85,5.10,0.00,0.00,0.0,0,0.31
15478,14.70,13.68,190,963,74.90,14.50,2.05,42,0.00,5.80,0.00,0,-8.85,5.07,0.00,0.00,0.0,0,0.32
15552,14.70,13.60,190,960,74.90,14.50,2.25,42,0.00,5.80,0.00,0,-8.85,5.13,0.00,0.00,0.0,0,0.31
15624,14.70,13.52,190,960,74.90,14.00,2.25,42,0.00,5.80,0.00,0,-8.85,5.10,0.00,0.00,0.0,0,0.32
15700,14.70,13.60,190,966,74.90,14.00,2.27,42,0.00,5.80,0.00,0,-8.85,5.10,0.00,0.00,0.0,0,0.32
15771,14.81,13.52,190,965,74.90,14.00,2.27,42,0.00,5.95,0.00,0,-8.71,5.10,0.00,0.00,0.0,0,0.32
15844,14.70,13.60,190,961,74.90,14.00,2.26,42,0.00,5.80,0.00,0,-8.85,5.10,0.00,0.00,0.0,0,0.32
15917,14.81,13.52,190,960,74.90,14.50,2.25,42,0.00,5.95,0.00,0,-8.71,5.10,0.00,0.00,0.0,0,0.32
15990,14.70,13.60,190,961,74.90,14.00,2.26,42,0.00,5.95,0.00,0,-8.71,5.10,0.00,0.00,0.0,0,0.32
16063,14.70,13.52,190,962,74.90,14.00,2.26,42,0.00,5.95,0.00,0,-8.71,5.07,0.00,0.00,0.0,0,0.32
16136,14.59,13.68,190,962,74.90,14.00,2.26,42,0.00,5.80,0.00,0,-8.85,5.10,0.00,0.00,0.0,0,0.32
16208,14.59,13.60,190,962,74.90,14.00,2.26,42,0.00,5.95,0.00,0,-8.71,5.10,0.00,0.00,0.0,0,0.32
16282,14.70,13.52,190,958,74.90,14.00,2.25,42,0.00,5.95,0.00,0,-8.71,5.10,0.00,0.00,0.0,0,0.32
16355,14.59,13.60,190,952,74.90,15.00,2.23,42,0.00,5.95,0.00,0,-8.71,5.10,0.00,0.00,0.0,0,0.32
16427,14.59,13.52,190,951,74.90,15.00,2.23,42,0.00,5.95,0.00,0,-8.71,5.07,0.00,0.00,0.0,0,0.32
16500,14.59,13.60,190,950,74.90,15.00,2.23,42,0.00,5.95,0.00,0,-8.71,5.07,0.00,0.00,0.0,0,0.32
16574,14.70,13.52,190,946,74.90,15.50,2.22,42,0.00,5.95,0.00,0,-8.71,5.07,0.00,0.00,0.0,0,0.32
16646,14.59,13.60,190,948,74.90,15.00,2.23,42,0.00,5.95,0.00,0,-8.71,5.07,0.00,0.00,0.0,0,0.32
16719,14.59,13.60,190,947,74.90,15.00,2.22,42,0.00,5.95,0.00,0,-8.71,5.10,0.00,0.00,0.0,0,0.32
16793,14.59,13.60,190,945,74.90,15.50,2.22,42,0.00,5.95,0.00,0,-8.71,5.07,0.00,0.00,0.0,0,0.32
16865,14.59,13.68,190,944,74.90,14.50,2.21,42,0.00,5.95,0.00,0,-8.71,5.07,0.00,0.00,0.0,0,0.32
16938,14.70,13.60,190,948,74.90,14.50,2.22,42,0.00,5.95,0.00,0,-8.71,5.07,0.00,0.00,0.0,0,0.33
17011,14.59,13.60,190,946,74.90,14.00,2.22,42,0.00,5.95,0.00,0,-8.71,7.63,0.00,0.00,0.0,0,0.32
17084,14.70,13.60,190,950,74.90,14.00,2.23,42,0.00,5.95,0.00,0,-8.71,5.10,0.00,0.00,0.0,0,0.32
17156,14.70,13.60,190,954,74.90,14.00,2.24,42,0.00,5.95,0.00,0,-8.71,5.13,0.00,0.00,0.0,0,0.32
17230,14.70,13.60,190,952,74.90,14.00,2.24,42,0.00,5.95,0.00,0,-8.71,5.10,0.00,0.00,0.0,0,0.33
17303,14.81,13.60,190,954,74.90,13.50,2.24,42,0.00,5.95,0.00,0,-8.71,5.07,0.00,0.00,0.0,0,0.32
17376,14.70,13.52,190,955,74.90,13.50,2.24,42,0.00,5.95,0.00,0,-8.71,5.10,0.00,0.00,0.0,0,0.32
17449,14.70,13.60,190,952,74.90,14.00,2.24,42,0.00,5.95,0.00,0,-8.71,5.07,0.00,0.00,0.0,0,0.32
17521,14.70,13.60,190,950,74.90,14.00,2.23,42,0.00,5.95,0.00,0,-8.71,5.07,0.00,0.00,0.0,0,0.32
17595,14.59,13.60,190,952,74.90,13.50,2.24,42,0.00,5.95,0.00,0,-8.71,5.07,0.00,0.00,0.0,0,0.32
17669,14.70,13.60,190,954,74.90,13.50,2.24,42,0.00,5.95,0.00,0,-8.71,5.10,0.00,0.00,0.0,0,0.32
17741,14.47,13.60,190,956,74.90,13.00,2.24,42,0.00,5.95,0.00,0,-8.71,5.13,0.00,0.00,0.0,0,0.32
17815,14.70,13.60,190,958,74.90,13.00,2.25,42,0.00,5.95,0.00,0,-8.71,5.07,0.00,0.00,0.0,0,0.32
17887,14.70,13.60,190,962,74.90,12.50,2.26,42,0.00,5.95,0.00,0,-8.71,5.07,0.00,0.00,0.0,0,0.32
17960,14.70,13.60,190,951,74.90,13.00,2.03,42,0.00,5.95,0.00,0,-8.71,5.07,0.00,0.00,0.0,0,0.32
18033,14.59,13.52,190,952,74.90,14.00,2.23,42,0.00,5.95,0.00,0,-8.71,5.04,0.00,0.00,0.0,0,0.32
18108,14.70,13.60,190,948,74.90,14.00,2.22,42,0.00,5.95,0.00,0,-8.71,5.07,0.00,0.00,0.0,0,0.32
18179,14.70,13.60,190,948,74.90,14.50,2.22,42,0.00,5.95,0.00,0,-8.71,5.07,0.00,0.00,0.0,0,0.32
18252,14.70,13.60,190,946,74.90,14.00,2.22,42,0.00,5.95,0.00,0,-8.71,5.10,0.00,0.00,0.0,0,0.32
18325,14.81,13.60,190,946,74.90,14.50,2.22,42,0.00,5.95,0.00,0,-8.71,2.57,0.00,0.00,0.0,0,0.32
18398,14.70,13.60,190,945,74.90,14.50,2.22,42,0.00,5.95,0.00,0,-8.71,5.07,0.00,0.00,0.0,0,0.32
18471,14.81,13.60,190,943,74.90,14.50,2.21,42,0.00,5.95,0.00,0,-8.71,5.10,0.00,0.00,0.0,0,0.32
18544,14.70,13.60,190,943,74.90,14.50,2.21,42,0.00,5.95,0.00,0,-8.71,5.13,0.00,0.00,0.0,0,0.33
18618,14.70,13.52,190,941,74.90,14.50,2.21,42,0.00,5.95,0.00,0,-8.71,5.13,0.00,0.00,0.0,0,0.32
18692,14.70,13.68,190,946,74.90,14.00,2.22,42,0.00,5.95,0.00,0,-8.71,5.13,0.00,0.00,0.0,0,0.32
18763,14.70,13.68,190,947,74.90,14.00,2.22,42,0.00,5.95,0.00,0,-8.71,5.10,0.00,0.00,0.0,0,0.32
18836,14.70,13.52,190,948,74.90,14.00,2.22,42,0.00,5.95,0.00,0,-8.71,5.07,0.00,0.00,0.0,0,0.32
18909,14.70,13.60,190,954,74.90,13.50,2.24,42,0.00,5.95,0.00,0,-8.71,5.07,0.00,0.00,0.0,0,0.32
18982,14.59,13.52,190,954,74.90,13.00,2.24,42,0.00,5.95,0.00,0,-8.71,5.04,0.00,0.00,0.0,0,0.32
19055,14.70,13.60,190,956,74.90,13.00,2.24,42,0.00,5.95,0.00,0,-8.71,5.07,0.00,0.00,0.0,0,0.32
19128,14.59,13.44,190,958,74.90,13.00,2.04,42,0.00,5.95,0.00,0,-8.71,5.04,0.00,0.00,0.0,0,0.32
19202,14.70,13.60,190,959,74.90,13.00,2.25,42,0.00,5.95,0.00,0,-8.71,5.07,0.00,0.00,0.0,0,0.32
19273,14.59,13.52,190,959,74.90,13.00,2.05,42,0.00,5.95,0.00,0,-8.71,5.07,0.00,0.00,0.0,0,0.32
19347,14.70,13.60,190,957,74.90,13.50,2.25,42,0.00,5.95,0.00,0,-8.71,5.07,0.00,0.00,0.0,0,0.32
19420,14.81,13.68,190,954,74.90,13.50,2.24,42,0.00,5.95,0.00,0,-8.71,5.07,0.00,0.00,0.0,0,0.32
19493,14.70,13.60,190,954,74.90,13.50,2.24,42,0.00,5.95,0.00,0,-8.71,5.07,0.00,0.00,0.0,0,0.32
19566,14.70,13.60,190,954,74.90,13.50,2.24,42,0.00,5.95,0.00,0,-8.71,5.04,0.00,0.00,0.0,0,0.32
19639,14.81,13.52,190,946,74.90,14.00,2.22,42,0.00,5.95,0.00,0,-8.71,5.07,0.00,0.00,0.0,0,0.32
19712,14.81,13.60,190,946,74.90,14.00,2.22,42,0.00,5.95,0.00,0,-8.71,5.07,0.00,0.00,0.0,0,0.32
19786,14.81,13.52,190,950,74.90,14.00,2.23,42,0.00,5.95,0.00,0,-8.71,5.07,0.00,0.00,0.0,0,0.32
19858,14.81,13.60,190,947,74.90,14.00,2.22,42,0.00,5.95,0.00,0,-8.71,5.07,0.00,0.00,0.0,0,0.32
19932,14.70,13.60,190,949,74.90,14.00,2.23,42,0.00,5.95,0.00,0,-8.71,5.04,0.00,0.00,0.0,0,0.32
20004,14.70,13.60,190,949,74.90,13.50,2.23,42,0.00,5.95,0.00,0,-8.71,5.07,0.00,0.00,0.0,0,0.32
20077,14.70,13.60,190,954,74.90,14.00,2.24,42,0.00,5.95,0.00,0,-8.71,5.07,0.00,0.00,0.0,0,0.32
20150,14.81,13.60,190,950,74.90,13.50,2.23,42,0.00,5.95,0.00,0,-8.71,5.04,0.00,0.00,0.0,0,0.32
20224,14.81,13.60,190,954,74.90,14.00,2.24,42,0.00,5.95,0.00,0,-8.71,5.07,0.00,0.00,0.0,0,0.32
20297,14.81,13.60,190,954,74.90,13.50,2.24,42,0.00,5.95,0.00,0,-8.71,5.04,0.00,0.00,0.0,0,0.32
20368,14.81,13.68,190,943,74.90,14.50,2.21,42,0.00,5.95,0.00,0,-8.71,5.07,0.00,0.00,0.0,0,0.32
20442,14.81,13.52,190,947,74.90,14.00,2.22,42,0.00,5.95,0.00,0,-8.71,5.00,0.00,0.00,0.0,0,0.32
20514,14.81,13.60,190,954,74.90,14.00,2.24,42,0.00,5.95,0.00,0,-8.71,5.00,0.00,0.00,0.0,0,0.32
20588,14.81,13.52,190,954,74.90,13.50,2.04,42,0.00,5.95,0.00,0,-8.71,5.00,0.00,0.00,0.0,0,0.31
20662,14.81,13.60,190,952,74.90,13.50,2.03,42,0.00,5.95,0.00,0,-8.71,4.97,0.00,0.00,0.0,0,0.31
20734,14.70,13.60,190,954,74.90,13.50,2.03,42,0.00,5.95,0.00,0,-8.71,4.97,0.00,0.00,0.0,0,0.32
20807,14.70,13.60,190,954,74.90,13.50,2.04,42,0.00,5.95,0.00,0,-8.71,5.00,0.00,0.00,0.0,0,0.32
20881,14.59,13.60,190,955,74.90,13.00,2.04,42,0.00,5.95,0.00,0,-8.71,5.00,0.00,0.00,0.0,0,0.31
20953,14.70,13.68,190,953,74.90,13.50,2.03,42,0.00,5.95,0.00,0,-8.71,5.00,0.00,0.00,0.0,0,0.32
21027,14.70,13.68,190,946,74.90,14.00,2.02,42,0.00,5.95,0.00,0,-8.71,4.97,0.00,0.00,0.0,0,0.32
21099,14.70,13.68,190,950,74.90,14.00,2.03,42,0.00,5.95,0.00,0,-8.71,5.00,0.00,0.00,0.0,0,0.32
21171,14.70,13.68,190,948,74.90,14.00,2.22,42,0.00,5.95,0.00,0,-8.71,5.07,0.00,0.00,0.0,0,0.32
21245,14.81,13.68,190,950,74.90,13.50,2.23,42,0.00,5.95,0.00,0,-8.71,5.04,0.00,0.00,0.0,0,0.32
21320,14.81,13.60,190,948,74.90,13.00,2.23,42,0.00,5.95,0.00,0,-8.71,5.07,0.00,0.00,0.0,0,0.32
21392,14.81,13.60,190,952,74.90,14.00,2.24,42,0.00,5.95,0.00,0,-8.71,5.00,0.00,0.00,0.0,0,0.32
21464,14.81,13.60,190,948,74.90,15.00,2.23,42,0.00,5.95,0.00,0,-8.71,5.04,0.00,0.00,0.0,0,0.32
21538,14.70,13.60,190,946,74.90,14.00,2.22,42,0.00,5.95,0.00,0,-8.71,5.04,0.00,0.00,0.0,0,0.32
21610,14.81,13.60,190,945,74.90,14.00,2.22,42,0.00,5.95,0.00,0,-8.71,5.07,0.00,0.00,0.0,0,0.32
21683,14.81,13.60,190,948,74.90,14.00,2.22,42,0.00,5.95,0.00,0,-8.71,5.00,0.00,0.00,0.0,0,0.32
21756,14.81,13.60,190,943,74.90,14.00,2.21,42,0.00,5.95,0.00,0,-8.71,5.07,0.00,0.00,0.0,0,0.32
21829,14.81,13.60,190,949,74.90,14.00,2.23,42,0.00,5.95,0.00,0,-8.71,5.07,0.00,0.00,0.0,0,0.32
21903,14.70,13.60,190,948,74.90,13.00,2.23,42,0.00,5.95,0.00,0,-8.71,5.07,0.00,0.00,0.0,0,0.32
21974,14.70,13.60,190,953,74.90,14.00,2.24,42,0.00,5.95,0.00,0,-8.71,5.04,0.00,0.00,0.0,0,0.32
22048,14.70,13.60,190,950,74.90,13.50,2.03,42,0.00,5.95,0.00,0,-8.71,5.00,0.00,0.00,0.0,0,0.32
22121,14.70,13.60,190,952,74.90,14.00,2.23,42,0.00,5.95,0.00,0,-8.71,5.00,0.00,0.00,0.0,0,0.31
22194,14.70,13.52,190,949,74.90,14.00,2.03,42,0.00,5.95,0.00,0,-8.71,5.00,0.00,0.00,0.0,0,0.32
22267,14.59,13.60,190,946,74.90,15.00,2.22,42,0.00,5.95,0.00,0,-8.71,5.04,0.00,0.00,0.0,0,0.32
22341,14.81,13.44,190,947,74.90,14.00,2.22,42,0.00,5.95,0.00,0,-8.71,5.04,0.00,0.00,0.0,0,0.32
22414,14.70,13.60,190,946,74.90,14.00,2.22,42,0.00,5.95,0.00,0,-8.71,5.07,0.00,0.00,0.0,0,0.32
22488,14.81,13.52,190,952,74.90,13.00,2.23,42,0.00,5.95,0.00,0,-8.71,5.04,0.00,0.00,0.0,0,0.32
22559,14.81,13.52,190,954,74.90,13.00,2.03,42,0.00,5.95,0.00,0,-8.71,5.00,0.00,0.00,0.0,0,0.32
22632,14.70,13.68,190,958,74.90,13.00,2.04,42,0.00,5.95,0.00,0,-8.71,5.00,0.00,0.00,0.0,0,0.31
22706,14.81,13.52,190,958,74.90,12.50,2.04,42,0.00,5.80,0.00,0,-8.85,4.97,0.00,0.00,0.0,0,0.31
22777,14.59,13.68,190,960,74.90,13.00,2.05,42,0.00,5.95,0.00,0,-8.71,4.97,0.00,0.00,0.0,0,0.31
22851,14.70,13.60,190,959,74.90,13.00,2.05,42,0.00,5.80,0.00,0,-8.85,4.94,0.00,0.00,0.0,0,0.31
22924,14.59,13.60,190,954,74.90,13.50,2.04,42,0.00,5.80,0.00,0,-8.85,4.97,0.00,0.00,0.0,0,0.31
22997,14.81,13.60,190,958,74.90,13.00,2.04,42,0.00,5.80,0.00,0,-8.85,4.97,0.00,0.00,0.0,0,0.31
23070,14.70,13.60,190,952,74.90,13.00,2.03,42,0.00,5.80,0.00,0,-8.85,5.00,0.00,0.00,0.0,0,0.32
23144,14.70,13.52,190,948,74.90,14.00,2.02,42,0.00,5.80,0.00,0,-8.85,4.94,0.00,0.00,0.0,0,0.31
23216,14.70,13.52,190,952,74.90,14.00,2.03,42,0.00,5.80,0.00,0,-8.85,4.94,0.00,0.00,0.0,0,0.31
23289,14.81,13.60,190,947,74.90,14.00,2.02,42,0.00,5.80,0.00,0,-8.85,4.97,0.00,0.00,0.0,0,0.31
23362,14.81,13.60,190,948,74.90,14.00,2.22,42,0.00,5.80,0.00,0,-8.85,4.94,0.00,0.00,0.0,0,0.31
23435,14.70,13.60,190,952,74.90,13.50,2.03,42,0.00,5.80,0.00,0,-8.85,4.94,0.00,0.00,0.0,0,0.31
23507,14.81,13.60,190,950,74.90,14.00,2.03,42,0.00,5.80,0.00,0,-8.85,4.94,0.00,0.00,0.0,0,0.31
23582,14.81,13.60,190,951,74.90,14.00,2.03,42,0.00,5.80,0.00,0,-8.85,4.97,0.00,0.00,0.0,0,0.31
23653,14.81,13.60,190,944,74.90,14.50,2.01,42,0.00,5.80,0.00,0,-8.85,4.94,0.00,0.00,0.0,0,0.31
23726,14.81,13.60,190,947,74.90,14.00,2.02,42,0.00,5.95,0.00,0,-8.71,4.94,0.00,0.00,0.0,0,0.31
23800,14.81,13.60,190,943,74.90,15.00,2.01,42,0.00,5.80,0.00,0,-8.85,5.00,0.00,0.00,0.0,0,0.32
23873,14.81,13.60,190,940,74.90,15.00,2.21,42,0.00,5.95,0.00,0,-8.71,5.00,0.00,0.00,0.0,0,0.32
23945,14.81,13.60,190,940,74.90,14.00,2.01,42,0.00,5.80,0.00,0,-8.85,5.00,0.00,0.00,0.0,0,0.32
24018,14.70,13.60,190,949,74.90,13.50,2.03,42,0.00,5.80,0.00,0,-8.85,4.97,0.00,0.00,0.0,0,0.31
24091,14.81,13.60,190,953,74.90,13.00,2.03,42,0.00,5.95,0.00,0,-8.71,4.97,0.00,0.00,0.0,0,0.32
24165,14.70,13.60,190,950,74.90,13.50,2.03,42,0.00,5.95,0.00,0,-8.71,4.97,0.00,0.00,0.0,0,0.31
24238,14.81,13.60,190,948,74.90,14.00,2.02,42,0.00,5.95,0.00,0,-8.71,4.97,0.00,0.00,0.0,0,0.31
24311,14.70,13.60,190,952,74.90,13.50,2.03,42,0.00,5.95,0.00,0,-8.71,5.00,0.00,0.00,0.0,0,0.32
24384,14.81,13.60,190,958,74.90,13.00,2.04,42,0.00,5.95,0.00,0,-8.71,4.94,0.00,0.00,0.0,0,0.31
24456,14.70,13.60,190,958,74.90,13.00,2.04,42,0.00,5.80,0.00,0,-8.85,4.97,0.00,0.00,0.0,0,0.31
24530,14.59,13.60,190,957,74.90,13.00,2.04,42,0.00,5.80,0.00,0,-8.85,4.94,0.00,0.00,0.0,0,0.31
24603,14.70,13.60,190,954,74.90,13.00,2.04,42,0.00,5.80,0.00,0,-8.85,4.88,0.00,0.00,0.0,0,0.31
24677,14.59,13.68,190,954,74.90,14.00,2.04,42,0.00,5.80,0.00,0,-8.85,4.91,0.00,0.00,0.0,0,0.31
24748,14.70,13.60,190,951,74.90,13.50,2.03,42,0.00,5.80,0.00,0,-8.85,4.91,0.00,0.00,0.0,0,0.31
24822,14.70,13.60,190,948,74.90,13.50,2.02,42,0.00,5.80,0.00,0,-8.85,4.94,0.00,0.00,0.0,0,0.31
24894,14.81,13.52,190,942,74.90,14.50,2.01,42,0.00,5.80,0.00,0,-8.85,4.88,0.00,0.00,0.0,0,0.31
24967,14.70,13.60,190,944,74.90,14.00,2.01,42,0.00,5.80,0.00,0,-8.85,4.94,0.00,0.00,0.0,0,0.31
25040,14.81,13.52,190,940,74.90,14.50,2.01,42,0.00,5.80,0.00,0,-8.85,4.91,0.00,0.00,0.0,0,0.31
25113,14.81,13.52,190,942,74.90,14.00,2.01,42,0.00,5.80,0.00,0,-8.85,4.91,0.00,0.00,0.0,0,0.31
25187,14.81,13.60,190,942,74.90,14.00,2.01,42,0.00,5.80,0.00,0,-8.85,4.91,0.00,0.00,0.0,0,0.31
25259,14.70,13.52,190,944,74.90,14.50,2.01,42,0.00,5.80,0.00,0,-8.85,4.88,0.00,0.00,0.0,0,0.31
25332,14.70,13.60,190,941,74.90,14.00,2.01,42,0.00,5.80,0.00,0,-8.85,4.88,0.00,0.00,0.0,0,0.31
25407,14.81,13.60,190,942,74.90,14.00,2.01,42,0.00,5.80,0.00,0,-8.85,4.88,0.00,0.00,0.0,0,0.31
25478,14.70,13.68,190,940,74.90,14.50,2.01,42,0.00,5.80,0.00,0,-8.85,4.88,0.00,0.00,0.0,0,0.31
25552,14.70,13.52,190,936,74.90,15.00,2.00,42,0.00,5.80,0.00,0,-8.85,4.88,0.00,0.00,0.0,0,0.31
25625,14.70,13.60,190,938,74.90,14.50,2.00,42,0.00,5.80,0.00,0,-8.85,4.88,0.00,0.00,0.0,0,0.31
25698,14.70,13.60,190,932,74.90,15.50,1.99,42,0.00,5.80,0.00,0,-8.85,4.91,0.00,0.00,0.0,0,0.32
25771,14.70,13.60,190,932,74.90,15.00,2.19,42,0.00,5.80,0.00,0,-8.85,4.94,0.00,0.00,0.0,0,0.31
25843,14.70,13.60,190,931,74.90,14.50,1.99,42,0.00,5.80,0.00,0,-8.85,4.88,0.00,0.00,0.0,0,0.31
25917,14.70,13.52,190,936,74.90,14.50,2.00,42,0.00,5.80,0.00,0,-8.85,4.91,0.00,0.00,0.0,0,0.32
25990,14.81,13.60,190,941,74.90,13.50,2.01,42,0.00,5.80,0.00,0,-8.85,4.91,0.00,0.00,0.0,0,0.31
26064,14.70,13.52,190,944,74.90,13.50,2.01,42,0.00,5.80,0.00,0,-8.85,4.91,0.00,0.00,0.0,0,0.31
26136,14.70,13.60,190,946,74.90,13.00,2.02,42,0.00,5.80,0.00,0,-8.85,4.91,0.00,0.00,0.0,0,0.31
26209,14.70,13.52,190,948,74.90,13.00,2.02,42,0.00,5.80,0.00,0,-8.85,4.91,0.00,0.00,0.0,0,0.31
26283,14.81,13.60,190,948,74.90,13.00,2.02,42,0.00,5.80,0.00,0,-8.85,4.88,0.00,0.00,0.0,0,0.31
26355,14.70,13.60,190,947,74.90,13.50,2.02,42,0.00,5.80,0.00,0,-8.85,4.91,0.00,0.00,0.0,0,0.31
26431,14.70,13.52,190,946,74.90,13.50,2.02,42,0.00,5.80,0.00,0,-8.85,4.88,0.00,0.00,0.0,0,0.31
26501,14.70,13.60,190,943,74.90,13.00,2.01,42,0.00,5.80,0.00,0,-8.85,4.85,0.00,0.00,0.0,0,0.31
26575,14.70,13.60,190,948,74.90,13.00,2.02,42,0.00,5.80,0.00,0,-8.85,4.82,0.00,0.00,0.0,0,0.30
26647,14.81,13.60,190,945,74.90,13.50,2.02,42,0.00,5.80,0.00,0,-8.85,4.85,0.00,0.00,0.0,0,0.31
26720,14.70,13.60,190,941,74.90,14.00,2.01,42,0.00,5.80,0.00,0,-8.85,4.82,0.00,0.00,0.0,0,0.31
26793,14.81,13.60,190,936,74.90,14.00,2.00,42,0.00,5.80,0.00,0,-8.85,4.85,0.00,0.00,0.0,0,0.31
26866,14.81,13.60,190,934,74.90,14.50,1.99,42,0.00,5.80,0.00,0,-8.85,4.85,0.00,0.00,0.0,0,0.31
26938,14.81,13.60,190,933,74.90,14.50,1.99,42,0.00,5.80,0.00,0,-8.85,4.91,0.00,0.00,0.0,0,0.32
27012,14.81,13.60,190,929,74.90,14.50,1.98,42,0.00,5.80,0.00,0,-8.85,4.85,0.00,0.00,0.0,0,0.31
27085,14.81,13.60,190,931,74.90,14.00,1.99,42,0.00,5.80,0.00,0,-8.85,4.85,0.00,0.00,0.0,0,0.31
27158,14.93,13.60,190,934,74.90,14.00,1.99,42,0.00,5.80,0.00,0,-8.85,4.85,0.00,0.00,0.0,0,0.31
27231,14.70,13.60,190,936,74.90,13.50,2.00,42,0.00,5.80,0.00,0,-8.85,4.85,0.00,0.00,0.0,0,0.31
27305,14.81,13.60,190,930,74.90,13.50,1.98,42,0.00,5.80,0.00,0,-8.85,4.85,0.00,0.00,0.0,0,0.31
27378,14.70,13.60,190,933,74.90,14.00,1.99,42,0.00,5.80,0.00,0,-8.85,4.88,0.00,0.00,0.0,0,0.31
27452,14.70,13.60,190,930,74.90,14.50,1.98,42,0.00,5.80,0.00,0,-8.85,4.88,0.00,0.00,0.0,0,0.31
27523,14.70,13.60,190,930,74.90,14.50,1.98,42,0.00,5.80,0.00,0,-8.85,4.88,0.00,0.00,0.0,0,0.31
27596,14.70,13.60,190,930,74.90,14.00,1.98,42,0.00,5.80,0.00,0,-8.85,4.91,0.00,0.00,0.0,0,0.31
27668,14.70,13.60,190,934,74.90,14.00,1.99,42,0.00,5.80,0.00,0,-8.85,4.88,0.00,0.00,0.0,0,0.31
27743,14.70,13.60,190,931,74.90,14.00,1.99,42,0.00,5.80,0.00,0,-8.85,4.85,0.00,0.00,0.0,0,0.31
27814,14.70,13.60,190,933,74.90,14.00,1.99,42,0.00,5.80,0.00,0,-8.85,4.88,0.00,0.00,0.0,0,0.31
27889,14.70,13.60,190,936,74.90,13.50,2.00,42,0.00,5.80,0.00,0,-8.85,4.88,0.00,0.00,0.0,0,0.31
27960,14.70,13.60,190,936,74.90,14.00,2.00,42,0.00,5.80,0.00,0,-8.85,4.88,0.00,0.00,0.0,0,0.31
28034,14.70,13.60,190,935,74.90,14.00,1.99,42,0.00,5.80,0.00,0,-8.85,4.88,0.00,0.00,0.0,0,0.31
28107,14.70,13.60,190,934,74.90,14.00,1.99,42,0.00,5.80,0.00,0,-8.85,4.91,0.00,0.00,0.0,0,0.31
28179,14.70,13.68,190,933,74.90,14.00,1.99,42,0.00,5.80,0.00,0,-8.85,4.88,0.00,0.00,0.0,0,0.31
28253,14.70,13.60,190,930,74.90,14.50,1.98,42,0.00,5.80,0.00,0,-8.85,4.88,0.00,0.00,0.0,0,0.31
28326,14.70,13.60,190,928,74.90,14.50,1.98,42,0.00,5.80,0.00,0,-8.85,4.91,0.00,0.00,0.0,0,0.32
28398,14.70,13.60,190,928,74.90,14.00,1.98,42,0.00,5.80,0.00,0,-8.85,4.91,0.00,0.00,0.0,0,0.32
28471,14.70,13.60,190,932,74.90,14.50,1.99,42,0.00,5.80,0.00,0,-8.85,4.94,0.00,0.00,0.0,0,0.32
28545,14.59,13.60,190,934,74.90,14.00,1.99,42,0.00,5.80,0.00,0,-8.85,4.88,0.00,0.00,0.0,0,0.31
28620,14.70,13.52,190,933,74.90,14.00,1.99,42,0.00,5.80,0.00,0,-8.85,4.82,0.00,0.00,0.0,0,0.31
28691,14.70,13.60,190,932,74.90,14.00,1.99,42,0.00,5.80,0.00,0,-8.85,4.82,0.00,0.00,0.0,0,0.31
28763,14.81,13.44,190,925,74.90,15.00,1.97,42,0.00,5.80,0.00,0,-8.85,4.82,0.00,0.00,0.0,0,0.31
28836,14.70,13.60,190,930,74.90,14.00,1.98,42,0.00,5.80,0.00,0,-8.85,4.85,0.00,0.00,0.0,0,0.31
28910,14.59,13.44,190,928,74.90,15.00,1.98,42,0.00,5.80,0.00,0,-8.85,4.85,0.00,0.00,0.0,0,0.31
28982,14.70,13.52,190,930,74.90,14.00,1.98,42,0.00,5.80,0.00,0,-8.85,4.88,0.00,0.00,0.0,0,0.32
29056,14.70,13.60,190,932,74.90,14.00,1.99,42,0.00,5.80,0.00,0,-8.85,4.85,0.00,0.00,0.0,0,0.31
29129,14.70,13.52,190,932,74.90,13.50,1.99,42,0.00,5.80,0.00,0,-8.85,4.82,0.00,0.00,0.0,0,0.31
29202,14.81,13.60,190,935,74.90,13.50,2.00,42,0.00,5.80,0.00,0,-8.85,4.88,0.00,0.00,0.0,0,0.31
29274,14.70,13.52,190,933,74.90,13.50,1.99,42,0.00,5.80,0.00,0,-8.85,4.85,0.00,0.00,0.0,0,0.31
29347,14.81,13.60,190,933,74.90,13.50,1.99,42,0.00,5.80,0.00,0,-8.85,4.88,0.00,0.00,0.0,0,0.31
29421,14.70,13.60,190,933,74.90,13.50,1.99,42,0.00,5.80,0.00,0,-8.85,4.85,0.00,0.00,0.0,0,0.31
29494,14.81,13.60,190,936,74.90,13.00,2.00,42,0.00,5.80,0.00,0,-8.85,4.91,0.00,0.00,0.0,0,0.31
29567,14.70,13.60,190,936,74.90,13.00,2.00,42,0.00,5.80,0.00,0,-8.85,4.85,0.00,0.00,0.0,0,0.31
29639,14.59,13.60,190,937,74.90,13.00,2.00,42,0.00,5.80,0.00,0,-8.85,4.88,0.00,0.00,0.0,0,0.31
29713,14.70,13.60,190,938,74.90,13.00,2.00,42,0.00,5.80,0.00,0,-8.85,4.91,0.00,0.00,0.0,0,0.31
29786,14.59,13.60,190,936,74.90,13.00,2.00,42,0.00,5.80,0.00,0,-8.85,4.85,0.00,0.00,0.0,0,0.31
29858,14.70,13.60,190,942,74.90,13.00,2.01,42,0.00,5.80,0.00,0,-8.85,4.91,0.00,0.00,0.0,0,0.31
29932,14.59,13.60,190,939,74.90,13.00,2.00,42,0.00,5.80,0.00,0,-8.85,4.88,0.00,0.00,0.0,0,0.31
30004,14.70,13.60,190,938,74.90,13.00,2.00,42,0.00,5.80,0.00,0,-8.85,4.85,0.00,0.00,0.0,0,0.31
30077,14.59,13.60,190,938,74.90,13.00,2.00,42,0.00,5.80,0.00,0,-8.85,4.85,0.00,0.00,0.0,0,0.31
30150,14.70,13.60,190,939,74.90,13.00,2.00,42,0.00,5.80,0.00,0,-8.85,4.85,0.00,0.00,0.0,0,0.31
30223,14.70,13.60,190,936,74.90,13.50,2.00,42,0.00,5.80,0.00,0,-8.85,4.85,0.00,0.00,0.0,0,0.31
30297,14.59,13.60,190,937,74.90,13.50,2.00,42,0.00,5.80,0.00,0,-8.85,4.91,0.00,0.00,0.0,0,0.31
30369,14.70,13.60,190,937,74.90,13.50,2.00,42,0.00,5.80,0.00,0,-8.85,4.91,0.00,0.00,0.0,0,0.31
30441,14.70,13.60,190,936,74.90,13.50,2.00,42,0.00,5.80,0.00,0,-8.85,4.91,0.00,0.00,0.0,0,0.31
30515,14.81,13.60,190,931,74.90,13.00,1.99,42,0.00,5.80,0.00,0,-8.85,4.88,0.00,0.00,0.0,0,0.32
30588,14.70,13.60,190,930,74.90,13.50,1.98,42,0.00,5.80,0.00,0,-8.85,4.85,0.00,0.00,0.0,0,0.31
30661,14.70,13.60,190,930,74.90,14.00,1.98,42,0.00,5.80,0.00,0,-8.85,4.85,0.00,0.00,0.0,0,0.31
30733,14.70,13.60,190,935,74.90,13.50,1.99,42,0.00,5.80,0.00,0,-8.85,4.85,0.00,0.00,0.0,0,0.31
30809,14.70,13.60,190,927,74.90,14.50,1.98,42,0.00,5.80,0.00,0,-8.85,4.88,0.00,0.00,0.0,0,0.32
30880,14.70,13.60,190,926,74.90,14.50,1.97,42,0.00,5.80,0.00,0,-8.85,4.85,0.00,0.00,0.0,0,0.31
30953,14.70,13.60,190,924,74.90,14.00,1.97,42,0.00,5.80,0.00,0,-8.85,4.88,0.00,0.00,0.0,0,0.31
31026,14.70,13.60,190,928,74.90,14.50,1.98,42,0.00,5.80,0.00,0,-8.85,4.88,0.00,0.00,0.0,0,0.32
31099,14.70,13.60,190,924,74.90,14.50,1.97,42,0.00,5.80,0.00,0,-8.85,4.91,0.00,0.00,0.0,0,0.32
31173,14.81,13.60,190,924,74.90,14.50,2.17,42,0.00,5.80,0.00,0,-8.85,4.91,0.00,0.00,0.0,0,0.32
31246,14.70,13.60,190,931,74.90,13.50,1.99,42,0.00,5.80,0.00,0,-8.85,4.88,0.00,0.00,0.0,0,0.31
31318,14.70,13.60,190,929,74.90,14.00,1.98,42,0.00,5.80,0.00,0,-8.85,4.88,0.00,0.00,0.0,0,0.32
31391,14.70,13.60,190,933,74.90,13.50,1.99,42,0.00,5.80,0.00,0,-8.85,4.91,0.00,0.00,0.0,0,0.32
31465,14.70,13.60,190,930,74.90,14.00,1.98,42,0.00,5.80,0.00,0,-8.85,4.91,0.00,0.00,0.0,0,0.31
31539,14.70,13.60,190,931,74.90,14.00,1.99,42,0.00,5.80,0.00,0,-8.85,4.88,0.00,0.00,0.0,0,0.31
31611,14.59,13.60,190,925,74.90,14.00,1.97,42,0.00,5.80,0.00,0,-8.85,4.91,0.00,0.00,0.0,0,0.32
31683,14.70,13.52,190,925,74.90,14.00,1.97,42,0.00,5.80,0.00,0,-8.85,4.88,0.00,0.00,0.0,0,0.31
31756,14.59,13.68,190,930,74.90,14.00,1.98,42,0.00,5.80,0.00,0,-8.85,4.88,0.00,0.00,0.0,0,0.31
31830,14.59,13.60,190,924,74.90,14.50,1.97,42,0.00,5.80,0.00,0,-8.85,4.88,0.00,0.00,0.0,0,0.32
31903,14.59,13.68,190,928,74.90,14.00,1.98,42,0.00,5.80,0.00,0,-8.85,4.94,0.00,0.00,0.0,0,0.32
31975,14.59,13.52,190,925,74.90,14.00,1.97,42,0.00,5.80,0.00,0,-8.85,4.94,0.00,0.00,0.0,0,0.32
32049,14.59,13.60,190,927,74.90,14.00,1.98,42,0.00,5.80,0.00,0,-8.85,4.91,0.00,0.00,0.0,0,0.32
32122,14.59,13.60,190,926,74.90,14.00,1.97,42,0.00,5.80,0.00,0,-8.85,4.97,0.00,0.00,0.0,0,0.32
32195,14.70,13.60,190,928,74.90,14.50,1.98,42,0.00,5.95,0.00,0,-8.71,4.94,0.00,0.00,0.0,0,0.32
32268,14.70,13.60,190,922,74.90,14.00,2.16,42,0.00,5.95,0.00,0,-8.71,4.91,0.00,0.00,0.0,0,0.32
32340,14.70,13.60,190,924,74.90,14.00,1.97,42,0.00,5.95,0.00,0,-8.71,4.94,0.00,0.00,0.0,0,0.32
32416,14.59,13.60,190,930,74.90,13.50,2.18,42,0.00,5.95,0.00,0,-8.71,4.94,0.00,0.00,0.0,0,0.32
32486,14.59,13.52,190,938,74.90,13.50,2.00,42,0.00,5.95,0.00,0,-8.71,4.91,0.00,0.00,0.0,0,0.31
32560,14.81,13.60,190,934,74.90,14.00,1.99,42,0.00,5.95,0.00,0,-8.71,4.91,0.00,0.00,0.0,0,0.32
32633,14.70,13.52,190,934,74.90,13.50,2.19,42,0.00,5.80,0.00,0,-8.85,4.91,0.00,0.00,0.0,0,0.32
32706,14.70,13.60,190,936,74.90,13.00,2.00,42,0.00,5.95,0.00,0,-8.71,4.88,0.00,0.00,0.0,0,0.31
32778,14.70,13.60,190,940,74.90,13.00,2.00,42,0.00,5.95,0.00,0,-8.71,4.88,0.00,0.00,0.0,0,0.31
32852,14.70,13.52,190,940,74.90,13.00,2.00,42,0.00,5.80,0.00,0,-8.85,4.88,0.00,0.00,0.0,0,0.31
32927,14.81,13.60,190,939,74.90,13.50,2.00,42,0.00,5.80,0.00,0,-8.85,4.85,0.00,0.00,0.0,0,0.31
32998,14.59,13.52,190,932,74.90,14.00,1.99,42,0.00,5.80,0.00,0,-8.85,4.85,0.00,0.00,0.0,0,0.31
33071,14.70,13.60,190,933,74.90,13.50,1.99,42,0.00,5.80,0.00,0,-8.85,4.91,0.00,0.00,0.0,0,0.32
33144,14.59,13.52,190,927,74.90,14.00,1.98,42,0.00,5.80,0.00,0,-8.85,4.91,0.00,0.00,0.0,0,0.32
33217,14.81,13.60,190,920,74.90,15.00,2.16,42,0.00,5.80,0.00,0,-8.85,4.91,0.00,0.00,0.0,0,0.32
33290,14.59,13.60,190,924,74.90,14.00,2.17,42,0.00,5.80,0.00,0,-8.85,4.94,0.00,0.00,0.0,0,0.32
33363,14.70,13.60,190,927,74.90,14.00,2.18,42,0.00,5.95,0.00,0,-8.71,4.97,0.00,0.00,0.0,0,0.32
33436,14.81,13.60,190,928,74.90,13.00,1.98,42,0.00,5.95,0.00,0,-8.71,4.91,0.00,0.00,0.0,0,0.32
33509,14.70,13.60,190,934,74.90,13.00,1.99,42,0.00,5.95,0.00,0,-8.71,4.94,0.00,0.00,0.0,0,0.32
33582,14.81,13.60,190,934,74.90,13.50,1.99,42,0.00,5.95,0.00,0,-8.71,4.91,0.00,0.00,0.0,0,0.32
33655,14.70,13.60,190,932,74.90,13.50,2.19,42,0.00,5.95,0.00,0,-8.71,4.91,0.00,0.00,0.0,0,0.32
33728,14.70,13.60,190,932,74.90,13.00,2.19,42,0.00,5.95,0.00,0,-8.71,4.97,0.00,0.00,0.0,0,0.32
33801,14.59,13.60,190,934,74.90,13.00,2.19,42,0.00,5.95,0.00,0,-8.71,4.97,0.00,0.00,0.0,0,0.32
33875,14.70,13.60,190,936,74.90,13.00,2.20,42,0.00,5.95,0.00,0,-8.71,4.97,0.00,0.00,0.0,0,0.32
33948,14.59,13.68,190,934,74.90,13.00,1.99,42,0.00,5.95,0.00,0,-8.71,4.97,0.00,0.00,0.0,0,0.32
34020,14.47,13.68,190,934,74.90,13.50,1.99,42,0.00,5.95,0.00,0,-8.71,4.91,0.00,0.00,0.0,0,0.32
34093,14.59,13.60,190,932,74.90,13.00,1.99,42,0.00,5.95,0.00,0,-8.71,4.97,0.00,0.00,0.0,0,0.32
34165,14.47,13.68,190,935,74.90,13.00,1.99,42,0.00,5.95,0.00,0,-8.71,4.97,0.00,0.00,0.0,0,0.32
34239,14.70,13.60,190,936,74.90,13.00,2.00,42,0.00,5.95,0.00,0,-8.71,4.97,0.00,0.00,0.0,0,0.32
34313,14.47,13.68,190,938,74.90,13.00,2.00,42,0.00,5.95,0.00,0,-8.71,4.94,0.00,0.00,0.0,0,0.32
34386,14.70,13.60,190,940,74.90,12.50,2.01,42,0.00,5.95,0.00,0,-8.71,4.97,0.00,0.00,0.0,0,0.32
34458,14.59,13.60,190,936,74.90,13.00,2.00,42,0.00,5.95,0.00,0,-8.71,4.94,0.00,0.00,0.0,0,0.32
34532,14.70,13.60,190,936,74.90,12.50,2.00,42,0.00,5.95,0.00,0,-8.71,4.94,0.00,0.00,0.0,0,0.32
34604,14.70,13.60,190,938,74.90,13.00,2.00,42,0.00,5.95,0.00,0,-8.71,4.94,0.00,0.00,0.0,0,0.32
34677,14.70,13.60,190,934,74.90,14.00,1.99,42,0.00,5.95,0.00,0,-8.71,4.88,0.00,0.00,0.0,0,0.31
34750,14.81,13.60,190,934,74.90,14.50,1.99,42,0.00,5.95,0.00,0,-8.85,4.88,0.00,0.00,0.0,0,0.31
34823,14.70,13.60,190,925,74.90,14.50,1.97,42,0.00,5.95,0.00,0,-8.71,4.88,0.00,0.00,0.0,0,0.32
34895,14.81,13.60,190,924,74.90,15.00,1.97,42,0.00,5.95,0.00,0,-8.71,4.91,0.00,0.00,0.0,0,0.31
34969,14.70,13.60,190,924,74.90,14.50,2.17,42,0.00,5.95,0.00,0,-8.71,4.97,0.00,0.00,0.0,0,0.32
35042,14.81,13.52,190,922,74.90,14.50,2.16,42,0.00,5.95,0.00,0,-8.71,4.97,0.00,0.00,0.0,0,0.32
35115,14.81,13.60,190,925,74.90,14.00,2.17,42,0.00,5.95,0.00,0,-8.71,4.94,0.00,0.00,0.0,0,0.32
35188,14.81,13.52,190,926,74.90,14.00,2.17,42,0.00,5.95,0.00,0,-8.71,4.91,0.00,0.00,0.0,0,0.32
35261,14.81,13.52,190,931,74.90,14.00,1.99,42,0.00,5.95,0.00,0,-8.71,4.94,0.00,0.00,0.0,0,0.32
35334,14.70,13.60,190,929,74.90,13.50,1.98,42,0.00,5.95,0.00,0,-8.71,4.94,0.00,0.00,0.0,0,0.31
35407,14.81,13.52,190,933,74.90,14.00,1.99,42,0.00,5.95,0.00,0,-8.71,4.94,0.00,0.00,0.0,0,0.31
35482,14.70,13.60,190,931,74.90,14.00,1.99,42,0.00,5.95,0.00,0,-8.71,4.97,0.00,0.00,0.0,0,0.32
35553,14.70,13.52,190,927,74.90,14.00,1.98,42,0.00,5.95,0.00,0,-8.71,4.94,0.00,0.00,0.0,0,0.32
35627,14.59,13.60,190,926,74.90,14.00,1.98,42,0.00,5.95,0.00,0,-8.71,4.94,0.00,0.00,0.0,0,0.32
35699,14.70,13.60,190,928,74.90,14.00,1.98,42,0.00,5.95,0.00,0,-8.71,5.00,0.00,0.00,0.0,0,0.32
35772,14.70,13.60,190,927,74.90,14.00,2.17,42,0.00,5.95,0.00,0,-8.71,4.97,0.00,0.00,0.0,0,0.32
35847,14.70,13.60,190,923,74.90,14.50,1.97,42,0.00,5.95,0.00,0,-8.71,4.94,0.00,0.00,0.0,0,0.32
35919,14.70,13.60,190,926,74.90,14.00,2.17,42,0.00,5.95,0.00,0,-8.71,4.97,0.00,0.00,0.0,0,0.32
35993,14.70,13.60,190,924,74.90,14.00,2.17,42,0.00,5.95,0.00,0,-8.71,4.97,0.00,0.00,0.0,0,0.32
36065,14.70,13.52,190,926,74.90,14.00,2.17,42,0.00,5.95,0.00,0,-8.71,4.97,0.00,0.00,0.0,0,0.32
36139,14.70,13.60,190,927,74.90,13.50,2.18,42,0.00,5.95,0.00,0,-8.71,4.94,0.00,0.00,0.0,0,0.32
36212,14.70,13.60,190,928,74.90,14.00,1.98,42,0.00,5.95,0.00,0,-8.71,4.97,0.00,0.00,0.0,0,0.32
36284,14.70,13.60,190,929,74.90,14.00,2.18,42,0.00,5.95,0.00,0,-8.71,5.00,0.00,0.00,0.0,0,0.32
36358,14.59,13.52,190,938,74.90,14.00,2.00,42,0.00,5.95,0.00,0,-8.71,4.97,0.00,0.00,0.0,0,0.32
36430,14.70,13.60,190,936,74.90,13.00,2.00,42,0.00,5.95,0.00,0,-8.71,4.97,0.00,0.00,0.0,0,0.32
36503,14.47,13.52,190,936,74.90,13.00,2.00,42,0.00,5.95,0.00,0,-8.71,4.97,0.00,0.00,0.0,0,0.32
36576,14.70,13.60,190,937,74.90,13.00,2.00,42,0.00,5.95,0.00,0,-8.71,4.97,0.00,0.00,0.0,0,0.32
36650,14.81,13.60,190,938,74.90,13.00,2.00,42,0.00,5.95,0.00,0,-8.71,4.97,0.00,0.00,0.0,0,0.32
36723,14.70,13.52,190,941,74.90,13.50,2.01,42,0.00,5.95,0.00,0,-8.71,4.91,0.00,0.00,0.0,0,0.32
36795,14.81,13.52,190,933,74.90,13.00,1.99,42,0.00,5.95,0.00,0,-8.71,4.91,0.00,0.00,0.0,0,0.31
36868,14.70,13.52,190,935,74.90,13.50,1.99,42,0.00,5.95,0.00,0,-8.71,4.91,0.00,0.00,0.0,0,0.32
36941,14.70,13.60,190,932,74.90,14.00,1.99,42,0.00,5.95,0.00,0,-8.71,4.91,0.00,0.00,0.0,0,0.32
37014,14.59,13.60,190,932,74.90,14.00,1.99,42,0.00,5.95,0.00,0,-8.71,4.91,0.00,0.00,0.0,0,0.32
37088,14.70,13.60,190,936,74.90,13.00,2.00,42,0.00,5.95,0.00,0,-8.71,4.94,0.00,0.00,0.0,0,0.32
37160,14.59,13.60,190,938,74.90,13.00,2.00,43,0.00,5.95,0.00,0,-8.71,4.91,0.00,0.00,0.0,0,0.32
37233,14.70,13.60,190,940,74.90,14.00,2.01,43,0.00,5.95,0.00,0,-8.71,4.91,0.00,0.00,0.0,0,0.32
37307,14.81,13.60,190,932,74.90,13.50,1.99,43,0.00,5.95,0.00,0,-8.71,4.91,0.00,0.00,0.0,0,0.32
37379,14.70,13.68,190,934,74.90,14.00,1.99,43,0.00,5.95,0.00,0,-8.71,4.97,0.00,0.00,0.0,0,0.32
37452,14.81,13.60,190,934,74.90,13.50,1.99,43,0.00,5.95,0.00,0,-8.71,4.94,0.00,0.00,0.0,0,0.32
37526,14.70,13.68,190,938,74.90,13.00,2.00,43,0.00,5.95,0.00,0,-8.71,4.97,0.00,0.00,0.0,0,0.32
37598,14.81,13.60,190,938,74.90,13.00,2.00,43,0.00,5.95,0.00,0,-8.71,4.94,0.00,0.00,0.0,0,0.32
37671,14.70,13.68,190,937,74.90,13.00,2.00,43,0.00,5.95,0.00,0,-8.71,4.91,0.00,0.00,0.0,0,0.32
37745,14.81,13.60,190,938,74.90,13.00,2.00,43,0.00,5.95,0.00,0,-8.71,4.94,0.00,0.00,0.0,0,0.32
37816,14.81,13.60,190,938,74.90,13.00,2.00,43,0.00,5.95,0.00,0,-8.71,4.97,0.00,0.00,0.0,0,0.32
37891,14.70,13.60,190,940,74.90,13.00,2.01,43,0.00,5.95,0.00,0,-8.71,4.97,0.00,0.00,0.0,0,0.31
37964,14.81,13.60,190,936,74.90,13.50,2.00,43,0.00,5.95,0.00,0,-8.71,4.91,0.00,0.00,0.0,0,0.32
38036,14.70,13.60,190,931,74.90,13.00,1.99,43,0.00,5.95,0.00,0,-8.71,4.94,0.00,0.00,0.0,0,0.32
38110,14.70,13.52,190,936,74.90,13.50,2.00,43,0.00,5.95,0.00,0,-8.71,4.94,0.00,0.00,0.0,0,0.31
38182,14.70,13.60,190,932,74.90,14.00,1.99,43,0.00,5.95,0.00,0,-8.71,4.97,0.00,0.00,0.0,0,0.32
38256,14.70,13.52,190,931,74.90,14.00,1.99,43,0.00,5.95,0.00,0,-8.71,4.97,0.00,0.00,0.0,0,0.32
38328,14.70,13.60,190,937,74.90,13.50,2.00,43,0.00,5.95,0.00,0,-8.71,5.00,0.00,0.00,0.0,0,0.32
38402,14.81,13.52,190,933,74.90,14.00,2.19,43,0.00,5.95,0.00,0,-8.71,5.00,0.00,0.00,0.0,0,0.32
38474,14.81,13.52,190,935,74.90,14.00,1.99,43,0.00,5.95,0.00,0,-8.71,5.00,0.00,0.00,0.0,0,0.32
38548,14.70,13.60,190,934,74.90,13.50,1.99,43,0.00,5.95,0.00,0,-8.71,4.97,0.00,0.00,0.0,0,0.32
38620,14.70,13.52,190,936,74.90,14.00,2.00,43,0.00,5.95,0.00,0,-8.71,4.97,0.00,0.00,0.0,0,0.32
38693,14.70,13.60,190,934,74.90,14.00,1.99,43,0.00,5.95,0.00,0,-8.71,4.94,0.00,0.00,0.0,0,0.32
38768,14.70,13.52,190,933,74.90,14.00,1.99,43,0.00,5.95,0.00,0,-8.71,4.88,0.00,0.00,0.0,0,0.31
38840,14.70,13.60,190,935,74.90,14.00,1.99,43,0.00,5.95,0.00,0,-8.71,4.94,0.00,0.00,0.0,0,0.32
38912,14.70,13.60,190,931,74.90,14.00,1.99,43,0.00,5.95,0.00,0,-8.71,4.91,0.00,0.00,0.0,0,0.31
38986,14.70,13.60,189,932,74.90,14.00,1.99,43,0.00,5.95,0.00,0,-8.71,4.91,0.00,0.00,0.0,0,0.32
39059,14.70,13.60,189,923,74.90,15.00,1.97,43,0.00,5.95,0.00,0,-8.71,4.91,0.00,0.00,0.0,0,0.32
39133,14.81,13.60,190,927,74.90,14.50,1.98,43,0.00,5.95,0.00,0,-8.71,4.94,0.00,0.00,0.0,0,0.32
39205,14.81,13.60,190,928,74.90,14.00,1.98,43,0.00,5.95,0.00,0,-8.71,4.91,0.00,0.00,0.0,0,0.32
39279,14.81,13.60,189,930,74.90,14.00,1.98,43,0.00,5.95,0.00,0,-8.71,4.94,0.00,0.00,0.0,0,0.32
39351,14.70,13.60,189,933,74.90,14.00,1.99,43,0.00,5.95,0.00,0,-8.71,4.94,0.00,0.00,0.0,0,0.32
39424,14.81,13.52,189,933,74.90,14.00,1.99,43,0.00,5.95,0.00,0,-8.71,4.91,0.00,0.00,0.0,0,0.32
39497,14.81,13.60,189,938,74.90,14.00,2.00,43,0.00,5.95,0.00,0,-8.71,4.88,0.00,0.00,0.0,0,0.31
39569,14.70,13.52,189,939,74.90,14.00,2.00,43,0.00,5.95,0.00,0,-8.71,4.97,0.00,0.00,0.0,0,0.32
39643,14.81,13.60,189,938,74.90,13.00,2.00,43,0.00,5.95,0.00,0,-8.71,4.94,0.00,0.00,0.0,0,0.32
39716,14.70,13.60,189,936,74.90,13.50,2.00,43,0.00,5.95,0.00,0,-8.71,4.91,0.00,0.00,0.0,0,0.32
39789,14.70,13.52,189,936,74.90,13.00,2.00,43,0.00,5.95,0.00,0,-8.71,4.91,0.00,0.00,0.0,0,0.32
39861,14.81,13.60,189,940,74.90,13.00,2.01,43,0.00,5.95,0.00,0,-8.71,4.91,0.00,0.00,0.0,0,0.32
39935,14.70,13.60,190,941,74.90,13.00,2.01,43,0.00,5.95,0.00,0,-8.71,4.97,0.00,0.00,0.0,0,0.32
40009,14.81,13.60,190,942,74.90,13.00,2.01,43,0.00,5.95,0.00,0,-8.71,4.97,0.00,0.00,0.0,0,0.32
40082,14.70,13.60,190,939,74.90,13.00,2.00,43,0.00,5.95,0.00,0,-8.71,4.88,0.00,0.00,0.0,0,0.31
40155,14.81,13.60,190,939,74.90,13.50,2.00,43,0.00,5.95,0.00,0,-8.71,4.91,0.00,0.00,0.0,0,0.31
40227,14.70,13.60,190,939,74.90,13.00,2.00,43,0.00,5.95,0.00,0,-8.71,4.91,0.00,0.00,0.0,0,0.32
40300,14.81,13.60,190,940,74.90,13.00,2.01,43,0.00,5.95,0.00,0,-8.71,4.91,0.00,0.00,0.0,0,0.32
40374,14.81,13.60,190,938,74.90,13.00,2.00,43,0.00,5.95,0.00,0,-8.71,4.97,0.00,0.00,0.0,0,0.32
40447,14.70,13.68,189,940,74.90,13.00,2.01,43,0.00,5.95,0.00,0,-8.71,4.97,0.00,0.00,0.0,0,0.32
40520,14.81,13.60,189,941,74.90,13.00,2.01,43,0.00,5.95,0.00,0,-8.71,4.94,0.00,0.00,0.0,0,0.31
40593,14.81,13.68,189,944,74.90,13.00,2.01,43,0.00,5.95,0.00,0,-8.71,4.91,0.00,0.00,0.0,0,0.32
40666,14.81,13.60,189,946,74.90,13.00,2.02,43,0.00,5.95,0.00,0,-8.71,4.91,0.00,0.00,0.0,0,0.32
40739,14.81,13.68,189,946,74.90,13.00,2.02,43,0.00,5.95,0.00,0,-8.71,4.88,0.00,0.00,0.0,0,0.31
40812,14.81,13.60,189,939,74.90,13.00,2.00,43,0.00,5.80,0.00,0,-8.85,4.88,0.00,0.00,0.0,0,0.31
40885,14.81,13.60,189,939,74.90,13.00,2.00,43,0.00,5.80,0.00,0,-8.85,4.88,0.00,0.00,0.0,0,0.31
40958,14.81,13.60,189,938,74.90,14.00,2.00,43,0.00,5.80,0.00,0,-8.85,4.85,0.00,0.00,0.0,0,0.31
41031,14.81,13.60,189,936,74.90,14.50,2.00,43,0.00,5.80,0.00,0,-8.85,4.88,0.00,0.00,0.0,0,0.31
41103,14.70,13.60,189,932,74.90,14.00,1.99,43,0.00,5.80,0.00,0,-8.85,4.88,0.00,0.00,0.0,0,0.31
41177,14.81,13.60,189,934,74.90,14.50,1.99,43,0.00,5.80,0.00,0,-8.85,4.91,0.00,0.00,0.0,0,0.31
41250,14.81,13.60,189,930,74.90,14.50,1.98,43,0.00,5.95,0.00,0,-8.71,4.88,0.00,0.00,0.0,0,0.31
41322,14.93,13.60,189,931,74.90,14.50,1.99,43,0.00,5.80,0.00,0,-8.85,4.88,0.00,0.00,0.0,0,0.31
41395,14.81,13.60,189,934,74.90,14.00,1.99,43,0.00,5.80,0.00,0,-8.85,4.88,0.00,0.00,0.0,0,0.31
41469,14.93,13.60,189,932,74.90,14.00,1.99,43,0.00,5.80,0.00,0,-8.85,4.91,0.00,0.00,0.0,0,0.32
41542,14.81,13.60,189,933,74.90,14.00,1.99,43,0.00,5.95,0.00,0,-8.71,4.88,0.00,0.00,0.0,0,0.31
41615,14.81,13.60,189,938,74.90,13.50,2.00,43,0.00,5.80,0.00,0,-8.85,4.85,0.00,0.00,0.0,0,0.31
41687,14.81,13.60,189,939,74.90,14.00,2.00,43,0.00,5.95,0.00,0,-8.71,4.88,0.00,0.00,0.0,0,0.31
41761,14.70,13.68,189,936,74.90,14.00,2.00,43,0.00,5.80,0.00,0,-8.85,4.88,0.00,0.00,0.0,0,0.31
41833,14.81,13.52,189,936,74.90,14.00,2.00,43,0.00,5.80,0.00,0,-8.85,4.88,0.00,0.00,0.0,0,0.31
41907,14.81,13.60,189,937,74.90,14.00,2.00,43,0.00,5.80,0.00,0,-8.85,4.88,0.00,0.00,0.0,0,0.31
41979,14.81,13.60,189,933,74.90,14.00,1.99,43,0.00,5.80,0.00,0,-8.85,4.85,0.00,0.00,0.0,0,0.31
42053,14.81,13.60,189,936,74.90,14.00,2.00,43,0.00,5.80,0.00,0,-8.85,4.88,0.00,0.00,0.0,0,0.31
42125,14.93,13.52,189,933,74.90,14.00,1.99,43,0.00,5.80,0.00,0,-8.85,4.88,0.00,0.00,0.0,0,0.31
42199,14.81,13.60,189,942,74.90,14.00,2.01,43,0.00,5.80,0.00,0,-8.85,4.88,0.00,0.00,0.0,0,0.31
42272,14.81,13.60,189,944,74.90,13.50,2.01,43,0.00,5.80,0.00,0,-8.85,4.85,0.00,0.00,0.0,0,0.31
42344,14.70,13.52,189,941,74.90,13.00,2.01,43,0.00,5.95,0.00,0,-8.85,4.88,0.00,0.00,0.0,0,0.31
42417,14.81,13.60,189,944,74.90,13.50,2.01,43,0.00,5.80,0.00,0,-8.71,4.91,0.00,0.00,0.0,0,0.32
42492,14.81,13.52,189,941,74.90,13.50,2.01,43,0.00,5.80,0.00,0,-8.85,4.91,0.00,0.00,0.0,0,0.31
42563,14.81,13.60,189,940,74.90,13.50,2.00,43,0.00,5.95,0.00,0,-8.71,4.91,0.00,0.00,0.0,0,0.31
42637,14.81,13.52,189,942,74.90,13.00,2.01,43,0.00,5.95,0.00,0,-8.71,4.91,0.00,0.00,0.0,0,0.31
42710,14.93,13.60,189,942,74.90,13.50,2.01,43,0.00,5.80,0.00,0,-8.85,4.88,0.00,0.00,0.0,0,0.31
42785,14.70,13.52,189,938,74.90,14.00,2.00,43,0.00,5.80,0.00,0,-8.85,4.88,0.00,0.00,0.0,0,0.31
42856,14.81,13.60,189,938,74.90,14.00,2.00,43,0.00,5.80,0.00,0,-8.85,4.88,0.00,0.00,0.0,0,0.31
42929,14.70,13.60,189,939,74.90,14.00,2.00,43,0.00,5.80,0.00,0,-8.85,4.85,0.00,0.00,0.0,0,0.31
43006,14.70,13.60,189,938,74.90,13.00,2.00,43,0.00,5.80,0.00,0,-8.85,4.85,0.00,0.00,0.0,0,0.31
43076,14.81,13.60,189,941,74.90,13.00,2.01,43,0.00,5.80,0.00,0,-8.85,4.85,0.00,0.00,0.0,0,0.31
43149,14.70,13.60,189,941,74.90,13.00,2.01,43,0.00,5.80,0.00,0,-8.85,4.85,0.00,0.00,0.0,0,0.31
43221,14.70,13.68,189,939,74.90,13.50,2.00,43,0.00,5.80,0.00,0,-8.85,4.82,0.00,0.00,0.0,0,0.31
43295,14.70,13.60,189,934,74.90,14.00,1.99,43,0.00,5.80,0.00,0,-8.85,4.82,0.00,0.00,0.0,0,0.31
43369,14.81,13.60,189,930,74.90,14.50,1.98,43,0.00,5.80,0.00,0,-8.85,4.85,0.00,0.00,0.0,0,0.32
43440,14.81,13.60,189,933,74.90,14.00,1.99,43,0.00,5.80,0.00,0,-8.85,4.85,0.00,0.00,0.0,0,0.31
43515,14.81,13.60,189,935,74.90,14.00,1.99,43,0.00,5.80,0.00,0,-8.85,4.85,0.00,0.00,0.0,0,0.31
43587,14.81,13.60,189,934,74.90,14.00,1.99,43,0.00,5.80,0.00,0,-8.85,4.85,0.00,0.00,0.0,0,0.31
43660,14.81,13.60,189,927,74.90,14.00,1.98,43,0.00,5.80,0.00,0,-8.85,4.85,0.00,0.00,0.0,0,0.31
43732,14.81,13.52,189,927,74.90,14.50,1.98,43,0.00,5.80,0.00,0,-8.85,4.88,0.00,0.00,0.0,0,0.31
43806,14.70,13.60,189,925,74.90,14.50,1.97,43,0.00,5.95,0.00,0,-8.71,4.88,0.00,0.00,0.0,0,0.32
43879,14.70,13.60,189,922,74.90,15.00,1.97,43,0.00,5.95,0.00,0,-8.71,4.94,0.00,0.00,0.0,0,0.32
43952,14.81,13.60,189,927,74.90,14.00,1.98,43,0.00,5.95,0.00,0,-8.71,4.91,0.00,0.00,0.0,0,0.32
44025,14.81,13.60,189,928,74.90,14.00,1.98,43,0.00,5.80,0.00,0,-8.85,4.91,0.00,0.00,0.0,0,0.32
44098,14.70,13.60,189,930,74.90,14.00,1.99,43,0.00,5.95,0.00,0,-8.71,4.88,0.00,0.00,0.0,0,0.31
44172,14.70,13.60,189,930,74.90,14.00,1.98,43,0.00,5.95,0.00,0,-8.71,4.91,0.00,0.00,0.0,0,0.31
44244,14.70,13.60,189,930,74.90,14.00,1.98,43,0.00,5.95,0.00,0,-8.71,4.88,0.00,0.00,0.0,0,0.31
44316,14.70,13.60,189,927,74.90,14.00,1.98,43,0.00,5.95,0.00,0,-8.71,4.91,0.00,0.00,0.0,0,0.32
44390,14.81,13.60,189,928,74.90,14.00,1.98,43,0.00,5.80,0.00,0,-8.85,4.91,0.00,0.00,0.0,0,0.32
44464,14.70,13.60,189,930,74.90,14.00,1.98,43,0.00,5.95,0.00,0,-8.71,4.88,0.00,0.00,0.0,0,0.31
44539,14.81,13.60,189,925,74.90,14.50,1.97,43,0.00,5.95,0.00,0,-8.71,4.91,0.00,0.00,0.0,0,0.32
44610,14.70,13.60,189,922,74.90,14.50,1.97,43,0.00,5.95,0.00,0,-8.71,4.94,0.00,0.00,0.0,0,0.32
44682,14.70,13.60,189,924,74.90,14.50,1.97,43,0.00,5.95,0.00,0,-8.71,4.94,0.00,0.00,0.0,0,0.32
44755,14.70,13.60,189,925,74.90,14.00,1.97,43,0.00,5.95,0.00,0,-8.71,4.91,0.00,0.00,0.0,0,0.32
44829,14.70,13.60,189,925,74.90,13.50,1.97,43,0.00,5.95,0.00,0,-8.71,4.91,0.00,0.00,0.0,0,0.32
44902,14.81,13.60,189,932,74.90,14.00,1.99,43,0.00,5.95,0.00,0,-8.71,4.88,0.00,0.00,0.0,0,0.31
44975,14.70,13.60,189,930,74.90,13.00,1.98,43,0.00,5.95,0.00,0,-8.71,4.85,0.00,0.00,0.0,0,0.31
45048,14.81,13.52,189,934,74.90,14.00,1.99,43,0.00,5.80,0.00,0,-8.85,4.88,0.00,0.00,0.0,0,0.31
45123,14.70,13.60,189,930,74.90,14.00,1.98,43,0.00,5.95,0.00,0,-8.71,4.88,0.00,0.00,0.0,0,0.31
45193,14.70,13.52,189,926,74.90,14.00,1.98,43,0.00,5.95,0.00,0,-8.71,4.88,0.00,0.00,0.0,0,0.32
45266,14.70,13.60,189,924,74.90,14.50,1.97,43,0.00,5.95,0.00,0,-8.71,4.88,0.00,0.00,0.0,0,0.31
45338,14.70,13.60,189,925,74.90,14.00,1.97,43,0.00,5.95,0.00,0,-8.71,4.91,0.00,0.00,0.0,0,0.32
45411,14.70,13.60,189,927,74.90,14.00,1.98,43,0.00,5.95,0.00,0,-8.71,4.94,0.00,0.00,0.0,0,0.32
45485,14.70,13.60,189,928,74.90,14.00,1.98,43,0.00,5.95,0.00,0,-8.71,4.94,0.00,0.00,0.0,0,0.31
45558,14.81,13.52,189,931,74.90,14.00,1.99,43,0.00,5.95,0.00,0,-8.71,4.88,0.00,0.00,0.0,0,0.32
45631,14.93,13.60,189,927,74.90,13.50,1.98,43,0.00,5.95,0.00,0,-8.71,4.88,0.00,0.00,0.0,0,0.31
45704,14.81,13.52,189,940,74.90,12.50,2.01,43,0.00,5.80,0.00,0,-8.85,4.88,0.00,0.00,0.0,0,0.31
45777,14.81,13.60,189,939,74.90,13.00,2.00,43,0.00,5.95,0.00,0,-8.71,4.85,0.00,0.00,0.0,0,0.31
45850,14.70,13.52,189,931,74.90,14.00,1.99,43,0.00,5.80,0.00,0,-8.85,4.85,0.00,0.00,0.0,0,0.31
45922,14.81,13.60,189,931,74.90,14.00,1.99,43,0.00,5.95,0.00,0,-8.71,4.91,0.00,0.00,0.0,0,0.32
45996,14.70,13.52,189,928,74.90,14.00,1.98,43,0.00,5.95,0.00,0,-8.71,4.91,0.00,0.00,0.0,0,0.32
46069,14.70,13.52,189,929,74.90,14.00,1.98,43,0.00,5.95,0.00,0,-8.71,4.91,0.00,0.00,0.0,0,0.32
46141,14.81,13.60,189,929,74.90,14.00,1.98,43,0.00,5.95,0.00,0,-8.71,4.91,0.00,0.00,0.0,0,0.32
46216,14.70,13.52,189,930,74.90,13.50,1.98,43,0.00,5.95,0.00,0,-8.71,4.94,0.00,0.00,0.0,0,0.32
46288,14.81,13.60,189,932,74.90,13.50,1.99,43,0.00,5.95,0.00,0,-8.71,4.97,0.00,0.00,0.0,0,0.32
46360,14.70,13.52,189,936,74.90,13.00,2.00,43,0.00,5.95,0.00,0,-8.71,4.94,0.00,0.00,0.0,0,0.32
46434,14.70,13.60,189,942,74.90,12.50,2.01,43,0.00,5.95,0.00,0,-8.71,4.94,0.00,0.00,0.0,0,0.31
46508,14.70,13.60,189,940,74.90,13.00,2.00,43,0.00,5.95,0.00,0,-8.71,4.94,0.00,0.00,0.0,0,0.32
46580,14.70,13.60,189,942,74.90,12.50,2.01,43,0.00,5.95,0.00,0,-8.71,4.91,0.00,0.00,0.0,0,0.32
