Time (msec),A/F Sensor #1 (AFR),Battery Voltage (V),Coolant Temperature (F),Engine Speed (rpm),Fuel Pump Duty (%),Ignition Total Timing (degrees),Injector Duty Cycle (%),Intake Air Temperature (C),Knock Correction Advance (degrees),Manifold Absolute Pressure (psi),Throttle Opening Angle (%),Vehicle Speed (mph),Engine Load*  (g/rev),Feedback Knock Correction* (degrees),Knock Count (Combined) (Knock Events),MAF/SD Blend Percentage (%),Manifold Relative Pressure (psi),Mass Airflow (g/s),Primary Wastegate Duty Cycle (%),Throttle Sensor Voltage (V)
0,14.93,13.84,181,1866,74.90,32.00,5.57,18,0.00,7.84,7.45,9,0.51,0.00,0,0.0,-6.96,15.83,0.00,0.80
75,14.93,13.92,181,1896,74.90,32.50,5.68,18,0.00,7.69,7.84,9,0.52,0.00,0,0.0,-6.82,16.11,0.00,0.80
150,14.81,13.92,181,1900,74.90,33.00,5.72,18,0.00,7.84,7.84,9,0.51,0.00,0,0.0,-6.82,16.52,0.00,0.80
227,14.81,13.84,181,1915,74.90,33.00,5.80,18,0.00,7.84,8.24,9,0.51,0.00,0,0.0,-6.82,16.52,0.00,0.80
301,14.70,13.84,181,1968,74.90,33.50,5.88,18,0.00,7.84,8.24,9,0.52,0.00,0,0.0,-6.82,16.80,0.00,0.82
376,14.70,13.92,181,2006,74.90,34.00,5.99,18,0.00,7.84,8.63,9,0.53,0.00,0,0.0,-6.82,17.36,0.00,0.82
452,14.81,14.00,181,2024,74.90,34.00,6.05,18,0.00,7.98,9.41,10,0.56,0.00,0,0.0,-6.38,18.05,0.00,0.86
527,14.93,13.84,181,2043,74.90,33.50,7.07,18,0.00,8.27,10.20,10,0.59,0.00,0,0.0,-6.24,19.49,0.00,0.88
603,14.81,13.84,181,2073,74.90,33.50,7.24,18,0.00,8.42,10.20,10,0.60,0.00,0,0.0,-5.95,20.50,0.00,0.88
677,14.70,13.92,181,2121,74.90,33.50,7.29,18,0.00,8.71,10.59,10,0.62,0.00,0,0.0,-5.80,21.89,0.00,0.88
753,14.36,13.84,181,2135,74.90,33.50,7.33,18,0.00,9.00,10.59,10,0.61,0.00,0,0.0,-5.66,22.06,0.00,0.88
827,14.47,13.92,181,2194,74.90,34.00,7.49,18,0.00,9.14,10.59,10,0.60,0.00,0,0.0,-5.51,22.24,0.00,0.88
904,14.70,13.84,181,2226,74.90,34.00,7.60,18,0.00,9.00,10.98,11,0.60,0.00,0,0.0,-5.66,22.41,0.00,0.90
980,14.81,13.84,181,2260,74.90,34.00,7.71,18,0.00,9.00,10.98,11,0.60,0.00,0,0.0,-5.66,22.78,0.00,0.90
1055,14.81,13.76,181,2279,74.90,34.00,7.93,18,0.00,9.00,11.37,11,0.62,0.00,0,0.0,-5.51,23.16,0.00,0.92
1130,14.93,13.84,181,2324,74.90,34.00,8.54,18,0.00,9.14,12.16,11,0.65,0.00,0,0.0,-5.37,23.85,0.00,0.94
1206,15.04,13.92,181,2354,74.90,34.00,9.25,18,0.00,9.58,12.55,11,0.69,0.00,0,0.0,-5.08,27.66,0.00,0.96
1280,14.81,13.76,181,2432,74.90,33.50,9.34,18,0.00,9.72,12.94,11,0.70,0.00,0,0.0,-4.93,28.39,0.00,0.96
1356,14.47,13.84,181,2451,74.90,33.50,9.41,18,0.00,9.87,12.94,12,0.70,0.00,0,0.0,-4.79,28.72,0.00,0.96
1431,14.47,13.76,181,2502,74.90,34.00,9.61,18,0.00,10.01,12.94,12,0.69,0.00,0,0.0,-4.64,28.92,0.00,0.96
1507,14.81,13.84,181,2552,74.90,34.00,9.86,18,0.00,10.01,12.94,12,0.69,0.00,0,0.0,-4.64,29.36,0.00,0.96
1582,14.93,13.84,181,2568,74.90,34.00,9.98,18,0.00,10.01,12.94,12,0.70,0.00,0,0.0,-4.79,29.69,0.00,0.96
1657,14.93,13.92,181,2600,74.90,34.00,10.18,18,0.00,9.87,12.94,12,0.69,0.00,0,0.0,-4.79,30.47,0.00,0.96
1732,14.93,13.84,181,2652,74.90,34.50,10.41,18,0.00,9.87,13.33,12,0.68,0.00,0,0.0,-4.79,31.24,0.00,0.96
1809,14.93,13.84,181,2742,74.90,34.50,10.53,18,0.00,9.87,13.33,12,0.69,0.00,0,0.0,-4.79,31.24,0.00,0.98
1883,14.81,13.84,181,2774,74.90,34.50,10.65,18,0.00,9.87,13.33,13,0.68,0.00,0,0.0,-4.79,32.13,0.00,0.98
1959,14.70,13.92,181,2816,74.90,34.50,10.81,18,0.00,9.87,13.33,13,0.69,0.00,0,0.0,-4.79,32.13,0.00,0.98
2033,14.70,13.84,181,2861,74.90,35.00,11.12,18,0.00,9.87,13.33,13,0.68,0.00,0,0.0,-4.79,33.07,0.00,0.98
2110,14.81,13.84,181,2896,74.90,35.00,11.27,18,0.00,9.87,13.33,13,0.67,0.00,0,0.0,-4.79,32.82,0.00,0.98
2185,14.81,13.92,181,2934,74.90,35.50,11.41,18,0.00,9.87,13.33,13,0.68,0.00,0,0.0,-4.79,33.32,0.00,0.98
2262,14.81,13.84,181,2972,74.90,35.50,11.59,18,0.00,9.87,13.33,13,0.67,0.00,0,0.0,-4.79,33.69,0.00,0.98
2335,14.70,13.92,181,3061,74.90,35.50,11.10,18,0.00,9.72,13.73,15,0.65,0.00,0,0.0,-4.93,33.69,0.00,0.98
2411,14.70,13.84,181,3100,74.90,35.50,11.24,18,0.00,9.87,13.73,15,0.66,0.00,0,0.0,-4.79,33.56,0.00,0.98
2486,14.81,13.84,181,3120,74.90,36.00,11.31,18,0.00,9.72,13.73,15,0.66,0.00,0,0.0,-4.93,34.29,0.00,0.98
2562,14.70,13.84,181,3171,74.90,36.00,11.57,18,0.00,9.72,13.73,15,0.65,0.00,0,0.0,-4.93,34.54,0.00,0.98
2639,14.70,13.92,181,3190,74.90,36.50,11.74,18,0.00,9.72,13.73,15,0.65,0.00,0,0.0,-4.93,34.66,0.00,0.98
2713,14.70,13.92,181,3238,74.90,36.50,11.85,18,0.00,9.72,13.73,15,0.64,0.00,0,0.0,-4.93,35.15,0.00,0.98
2788,14.81,13.84,183,3324,74.90,36.50,12.06,18,0.00,9.58,13.73,16,0.64,0.00,0,0.0,-5.08,35.39,0.00,0.98
2863,14.70,13.84,183,3346,74.90,36.50,12.14,18,0.00,9.43,5.88,16,0.54,0.00,0,0.0,-5.22,34.91,0.00,0.56
2939,14.47,13.84,183,3340,74.90,38.00,0.00,18,0.00,6.38,0.00,16,0.34,0.00,0,0.0,-8.27,10.05,0.00,0.54
3014,12.63,13.92,183,3232,74.90,32.00,0.00,18,0.00,5.08,0.00,16,0.28,0.00,0,0.0,-10.16,15.30,0.00,0.54
3092,12.40,13.92,183,3112,74.90,28.50,0.00,18,0.00,4.50,0.00,16,0.24,0.00,0,0.0,-10.45,11.21,0.00,0.54
3165,15.85,14.00,181,3082,74.90,26.00,0.00,18,0.00,4.21,0.00,16,0.21,0.00,0,0.0,-10.59,13.42,0.00,0.54
3240,19.75,13.92,181,3024,74.90,23.50,0.00,18,0.00,3.92,0.00,17,0.26,0.00,0,0.0,-10.74,8.95,0.00,0.54
3315,22.85,13.92,183,2771,74.90,21.00,0.00,18,0.00,3.92,0.00,17,0.22,0.00,0,0.0,-10.74,12.64,0.00,0.54
3391,23.77,13.92,183,2658,74.90,19.00,0.00,18,0.00,3.92,0.00,17,0.23,0.00,0,0.0,-10.74,7.52,0.00,0.54
3466,23.43,13.92,183,2573,74.90,16.50,0.00,18,0.00,3.92,0.00,17,0.27,0.00,0,0.0,-10.74,9.20,0.00,0.54
3542,23.54,13.92,183,2453,74.90,15.00,0.00,18,0.00,3.92,0.00,17,0.20,0.00,0,0.0,-10.74,8.18,0.00,0.54
3616,23.77,13.92,183,2339,74.90,14.50,0.00,18,0.00,3.92,0.00,17,0.28,0.00,0,0.0,-10.59,7.96,0.00,0.56
3692,23.43,13.84,183,2241,74.90,14.00,0.00,18,0.00,4.06,0.78,17,0.30,0.00,0,0.0,-10.45,9.67,0.00,0.58
3767,23.54,13.92,183,2121,74.90,14.00,4.33,18,0.00,4.50,2.75,17,0.30,0.00,0,0.0,-10.16,10.33,0.00,0.64
3842,23.66,13.84,183,1964,74.90,15.50,3.77,18,0.00,4.64,3.14,17,0.27,0.00,0,0.0,-10.01,9.39,0.00,0.66
3917,23.66,13.84,183,1974,74.90,17.50,3.37,18,0.00,4.79,3.53,17,0.27,0.00,0,0.0,-9.87,8.65,0.00,0.66
3993,23.54,13.84,183,1977,74.90,22.50,3.78,18,0.00,4.79,3.92,17,0.28,0.00,0,0.0,-9.87,8.82,0.00,0.68
4070,23.20,13.92,183,1966,74.90,27.00,4.45,18,0.00,4.79,4.71,17,0.32,0.00,0,0.0,-9.58,9.09,0.00,0.72
4144,19.06,13.92,183,1898,74.90,30.50,4.69,18,0.00,5.08,5.88,17,0.39,0.00,0,0.0,-9.29,10.58,0.00,0.74
4220,16.19,13.92,183,1831,74.90,32.00,5.16,18,0.00,5.37,6.67,18,0.44,0.00,0,0.0,-8.85,13.24,0.00,0.78
4294,14.70,13.92,183,1884,74.90,32.50,5.63,18,0.00,6.38,7.84,18,0.52,0.00,0,0.0,-8.27,15.36,0.00,0.82
4369,13.78,13.84,183,1845,74.90,31.50,5.90,18,0.00,6.96,8.63,18,0.57,0.00,0,0.0,-7.69,16.87,0.00,0.84
4444,13.21,13.84,183,1875,74.90,32.00,6.00,19,0.00,7.55,10.98,18,0.67,0.00,0,0.0,-6.09,18.74,0.00,0.92
4520,12.98,13.84,183,1892,74.90,28.50,7.99,19,0.00,8.56,12.55,18,0.80,0.00,0,0.0,-5.08,22.52,0.00,0.96
4595,13.32,13.84,183,1873,74.90,28.50,8.17,19,0.00,9.58,13.33,18,0.83,0.00,0,0.0,-4.35,25.38,0.00,0.98
4671,13.90,13.92,183,1915,74.90,27.50,8.62,19,0.00,10.30,14.12,18,0.87,0.00,0,0.0,-3.63,28.08,0.00,1.02
4746,13.67,14.00,183,1924,74.90,27.00,8.67,19,0.00,11.61,14.90,18,0.89,0.00,0,0.0,-3.05,28.72,0.00,1.02
4822,14.24,13.92,183,1972,74.90,28.00,8.83,19,0.00,11.90,15.29,18,0.89,0.00,0,0.0,-2.76,28.92,0.00,1.04
4897,14.59,13.84,183,1964,74.90,27.00,9.22,19,0.00,12.19,15.69,18,0.91,0.00,0,0.0,-2.47,29.69,0.00,1.06
4972,14.93,13.84,183,1992,74.90,27.00,9.35,19,0.00,12.48,16.47,18,0.92,0.00,0,0.0,-1.89,30.24,0.00,1.08
5048,15.04,13.84,183,2014,74.90,26.00,9.86,19,0.00,12.77,16.86,18,0.95,0.00,0,0.0,-1.74,31.24,0.00,1.10
5122,15.04,13.92,183,2010,74.90,26.50,10.12,19,0.00,12.91,16.86,19,0.93,0.00,0,0.0,-1.60,31.69,0.00,1.10
5198,15.04,13.84,183,2064,74.90,26.50,10.15,19,0.00,13.06,16.86,19,0.93,0.00,0,0.0,-1.45,32.02,0.00,1.10
5274,15.04,13.92,181,2068,74.90,26.50,10.20,19,0.00,13.35,16.86,19,0.93,0.00,0,0.0,-1.31,32.35,0.00,1.10
5350,15.04,13.84,181,2123,74.90,26.50,10.42,19,0.00,13.35,17.25,19,0.94,0.00,0,0.0,-1.31,32.95,0.00,1.10
5425,15.16,13.92,181,2132,74.90,26.00,10.91,19,0.00,13.49,17.65,19,0.93,0.00,0,0.0,-1.16,33.81,0.00,1.12
5503,15.16,13.92,181,2158,74.90,26.50,11.05,19,0.00,13.49,17.65,19,0.96,0.00,0,0.0,-1.02,33.92,0.00,1.12
5575,15.04,13.84,181,2187,74.90,26.00,11.27,19,0.00,13.64,17.65,19,0.96,0.00,0,0.0,-1.02,34.66,0.00,1.12
5650,15.04,13.92,181,2200,74.90,26.00,11.37,19,0.00,13.64,17.65,19,0.97,0.00,0,0.0,-1.02,35.75,0.00,1.12
5726,15.04,13.84,181,2220,74.90,26.00,11.52,19,0.00,13.78,17.65,19,0.96,0.00,0,0.0,-0.87,36.12,0.00,1.12
5801,14.93,13.92,181,2259,74.90,26.00,12.05,19,0.00,13.78,17.65,19,0.98,0.00,0,0.0,-0.87,36.85,0.00,1.12
5877,14.93,13.92,181,2304,74.90,26.00,12.29,19,0.00,13.78,17.65,19,0.98,0.00,0,0.0,-0.87,37.46,0.00,1.12
5952,14.81,14.00,181,2300,74.90,26.00,12.27,19,0.00,13.93,17.65,19,0.99,0.00,0,0.0,-0.73,37.59,0.00,1.12
6026,14.70,13.84,181,2338,74.90,25.50,12.56,19,0.00,13.93,18.04,19,0.99,0.00,0,0.0,-0.73,38.20,0.00,1.12
6103,14.81,13.84,181,2354,74.90,25.50,13.18,19,0.00,13.93,17.65,21,1.01,0.00,0,0.0,-0.73,38.88,0.00,1.12
6178,14.81,13.92,181,2376,74.90,25.50,13.39,19,0.00,13.93,18.04,21,1.01,0.00,0,0.0,-0.58,40.39,0.00,1.12
6252,14.70,13.92,181,2414,74.90,25.00,13.45,19,0.00,14.07,17.65,21,1.00,0.00,0,0.0,-0.58,40.66,0.00,1.12
6329,14.59,13.92,181,2451,74.90,25.00,13.59,19,0.00,13.93,17.65,21,0.99,0.00,0,0.0,-0.73,40.94,0.00,1.12
6404,14.47,13.92,181,2496,74.90,26.00,13.31,19,0.00,13.93,17.65,21,1.00,0.00,0,0.0,-0.73,41.21,0.00,1.12
6479,14.36,13.84,181,2493,74.90,25.00,13.83,19,0.00,13.93,17.65,21,1.00,0.00,0,0.0,-0.73,41.90,0.00,1.12
6554,14.70,13.84,181,2533,74.90,25.50,14.23,19,0.00,13.93,17.25,22,1.00,0.00,0,0.0,-0.73,41.76,0.00,1.10
6631,14.59,13.92,181,2565,74.90,25.50,14.23,19,0.00,13.93,17.25,22,1.00,0.00,0,0.0,-0.73,42.86,0.00,1.10
6705,14.70,13.92,181,2565,74.90,26.00,13.96,19,0.00,13.93,17.25,22,0.98,0.00,0,0.0,-0.73,42.86,0.00,1.10
6781,14.59,13.92,181,2617,74.90,26.00,13.96,19,0.00,13.78,17.25,22,1.00,0.00,0,0.0,-0.87,43.68,0.00,1.10
6857,14.70,13.92,181,2631,74.90,26.00,14.59,19,0.00,13.78,17.25,22,0.99,0.00,0,0.0,-0.87,43.68,0.00,1.10
6932,14.59,13.92,181,2679,74.90,26.00,14.29,19,0.00,13.78,17.25,22,1.00,0.00,0,0.0,-0.87,43.96,0.00,1.10
7007,14.47,13.84,181,2669,74.90,25.50,14.80,19,0.00,13.78,17.25,24,0.99,0.00,0,0.0,-0.87,44.64,0.00,1.10
7082,14.59,13.84,181,2722,74.90,26.00,15.16,19,0.00,13.78,17.25,24,0.99,0.00,0,0.0,-0.87,44.93,0.00,1.10
7158,14.59,13.76,181,2734,74.90,26.00,15.29,19,0.00,13.78,17.25,24,0.98,0.00,0,0.0,-0.87,45.53,0.00,1.10
7234,14.47,13.92,181,2756,74.90,26.50,14.91,19,0.00,13.78,17.25,24,0.99,0.00,0,0.0,-0.87,45.68,0.00,1.10
7309,14.59,13.84,181,2800,74.90,26.00,15.53,19,0.00,13.78,17.25,24,0.99,0.00,0,0.0,-0.87,46.44,0.00,1.10
7384,14.59,13.84,181,2830,74.90,26.00,15.70,19,0.00,13.78,17.25,24,0.99,0.00,0,0.0,-0.87,47.05,0.00,1.10
7459,14.47,13.84,181,2864,74.90,26.00,15.88,19,0.00,13.78,17.25,24,1.00,0.00,0,0.0,-0.87,47.49,0.00,1.10
7535,14.36,13.84,181,2883,74.90,26.00,16.21,19,0.00,13.78,17.65,25,1.01,0.00,0,0.0,-0.73,47.95,0.00,1.12
7610,14.47,13.84,181,2922,74.90,25.00,16.93,19,0.00,13.93,18.82,25,1.05,0.00,0,11.7,-0.58,48.71,0.00,1.16
7686,14.59,13.76,181,2939,74.90,22.00,17.65,19,0.00,14.07,20.00,25,1.11,0.00,0,35.0,0.00,54.28,0.00,1.20
7761,14.70,13.92,181,2955,100.00,20.00,18.46,19,0.00,14.95,21.18,25,1.16,0.00,0,38.9,0.29,56.63,0.00,1.24
7836,14.13,13.76,181,3019,100.00,19.00,20.61,19,0.00,15.53,22.35,25,1.19,0.00,0,42.3,0.87,59.13,0.00,1.28
7911,14.01,13.76,181,3054,100.00,17.50,22.15,19,0.00,15.82,23.14,25,1.24,0.00,0,45.9,1.16,61.94,0.00,1.32
7987,12.98,13.76,181,3058,100.00,16.00,22.84,19,0.00,16.40,25.10,27,1.31,0.00,0,51.4,2.32,64.26,3.53,1.40
8063,12.52,13.76,181,3109,100.00,15.00,26.84,19,0.00,16.98,29.80,27,1.42,0.00,0,59.7,3.34,68.18,3.53,1.54
8138,12.52,13.76,181,3146,100.00,14.00,29.85,19,0.00,17.99,34.12,27,1.54,0.00,0,66.9,4.50,74.63,12.94,1.70
8212,12.29,13.68,181,3180,100.00,13.00,32.09,19,0.00,19.15,40.78,27,1.64,0.00,0,76.3,5.51,86.56,12.94,1.92
8287,12.06,13.68,181,3201,100.00,13.00,35.62,19,0.00,21.18,48.63,27,1.75,0.00,0,83.5,6.53,93.40,18.04,2.18
8363,11.60,13.68,181,3292,100.00,12.50,37.22,19,0.00,21.91,56.08,27,1.84,0.00,0,89.5,7.25,98.36,18.04,2.44
8439,11.37,13.68,181,3332,100.00,11.50,39.80,19,0.00,22.64,67.45,29,1.91,0.00,0,94.9,7.98,103.60,18.04,2.84
8514,11.14,13.68,181,3401,100.00,10.50,43.75,19,0.00,23.36,82.75,29,1.97,0.00,0,98.1,9.14,109.43,41.57,3.30
8589,11.14,13.68,181,3418,100.00,10.50,46.05,19,0.00,23.80,92.55,29,1.99,0.00,0,100.0,9.29,112.24,41.57,3.62
8664,11.02,13.68,181,3482,100.00,10.50,49.12,19,0.00,23.94,100.00,29,2.08,0.00,0,100.0,10.01,121.28,49.80,3.94
8740,10.80,13.68,181,3542,100.00,10.50,54.19,19,0.00,25.83,100.00,29,2.19,0.00,0,100.0,11.17,128.98,49.80,3.94
8815,10.68,13.68,181,3655,100.00,10.50,59.26,19,0.00,27.13,100.00,29,2.33,0.00,0,100.0,12.48,138.95,49.80,3.94
8891,10.68,13.68,181,3702,100.00,10.50,63.18,19,0.00,28.29,100.00,32,2.46,0.00,0,100.0,13.64,147.61,49.80,3.94
8966,10.91,13.60,181,3755,100.00,10.50,67.29,19,0.00,29.31,100.00,32,2.55,0.00,0,100.0,15.09,156.05,49.80,3.94
9041,11.14,13.60,181,3832,100.00,10.50,71.42,19,0.00,29.75,100.00,32,2.59,0.00,0,100.0,15.53,163.13,46.67,3.94
9116,11.14,13.60,181,3848,100.00,10.50,73.95,19,0.00,30.18,100.00,32,2.62,0.00,0,100.0,15.67,166.58,46.67,3.94
9192,11.14,13.60,181,3939,100.00,10.50,75.29,19,0.00,30.33,100.00,32,2.60,0.00,0,100.0,15.53,174.22,46.27,3.94
9267,11.14,13.68,181,4010,100.00,10.50,74.95,19,0.00,30.04,100.00,32,2.57,0.00,0,100.0,15.38,173.91,46.27,3.94
9343,11.14,13.60,181,4157,100.00,11.00,75.38,19,0.00,29.75,100.00,32,2.54,0.00,0,100.0,15.09,176.93,49.02,3.94
9419,11.14,13.68,181,4166,100.00,11.50,75.55,19,0.00,29.60,100.00,35,2.53,0.00,0,100.0,14.95,176.12,49.02,3.94
9495,11.14,13.60,181,4254,100.00,11.50,77.14,19,0.00,29.45,100.00,35,2.52,0.00,0,100.0,14.65,179.20,49.80,3.94
9570,11.14,13.60,181,4315,100.00,12.00,78.98,19,0.00,29.31,100.00,35,2.53,0.00,0,100.0,14.80,181.16,49.80,3.94
9646,11.14,13.60,181,4355,100.00,12.00,81.23,19,0.00,29.45,100.00,35,2.53,0.00,0,100.0,14.95,183.67,49.80,3.94
9721,11.14,13.60,181,4427,100.00,12.00,81.68,19,0.00,29.75,100.00,35,2.52,0.00,0,100.0,15.09,189.17,50.20,3.94
9797,11.14,13.60,181,4559,100.00,12.00,82.67,19,0.00,29.89,100.00,35,2.50,0.00,0,100.0,15.24,190.73,50.20,3.94
9872,11.14,13.60,181,4629,100.00,12.00,82.96,19,0.00,29.89,100.00,39,2.47,0.00,0,100.0,15.24,191.24,50.20,3.94
9948,11.14,13.60,181,4670,100.00,12.00,83.68,19,0.00,29.89,100.00,39,2.44,0.00,0,100.0,15.24,191.73,50.20,3.94
10025,11.14,13.60,181,4732,100.00,12.00,84.20,19,0.00,29.89,100.00,39,2.41,0.00,0,100.0,15.24,192.15,50.20,3.94
10100,11.14,13.60,181,4814,100.00,12.00,84.59,19,0.00,29.89,100.00,39,2.38,0.00,0,100.0,15.24,192.80,50.20,3.94
10174,11.14,13.60,181,4836,100.00,12.50,84.60,19,0.00,29.89,100.00,39,2.34,0.00,0,100.0,15.24,192.83,50.20,3.94
10250,11.14,13.52,181,4957,100.00,12.50,84.65,19,0.00,29.89,100.00,39,2.32,0.00,0,100.0,15.24,192.28,50.20,3.94
10325,11.14,13.60,181,4960,100.00,12.50,83.02,19,0.00,29.75,100.00,43,2.26,0.00,0,100.0,15.09,191.77,50.20,3.94
10401,11.14,13.52,181,5092,100.00,13.00,83.64,19,0.00,29.75,100.00,43,2.24,0.00,0,100.0,15.09,191.45,50.20,3.94
10477,11.14,13.52,181,5154,100.00,12.50,83.57,19,0.00,29.75,100.00,43,2.20,0.00,0,100.0,15.09,191.02,50.20,3.94
10551,11.25,13.52,181,5219,100.00,12.50,83.50,19,0.00,29.75,100.00,43,2.18,0.00,0,100.0,15.09,190.69,50.20,3.94
10627,11.48,13.60,181,5270,100.00,12.50,84.33,19,0.00,29.60,100.00,43,2.15,0.00,0,100.0,14.80,190.97,47.45,3.94
10703,11.48,13.52,181,5353,100.00,13.00,84.08,19,0.00,29.45,100.00,43,2.12,0.00,0,100.0,14.80,191.38,47.45,3.94
10778,11.60,13.52,181,5399,100.00,13.00,83.96,19,0.00,29.45,100.00,47,2.10,0.00,0,100.0,14.65,191.44,44.71,3.94
10854,11.60,13.60,181,5466,100.00,13.00,83.90,19,0.00,29.31,100.00,47,2.08,0.00,0,100.0,14.36,191.58,44.71,3.94
10929,11.83,13.52,181,5539,100.00,14.00,84.02,19,0.00,29.02,100.00,47,2.05,0.00,0,100.0,14.07,191.61,41.18,3.94
11005,11.60,13.60,181,5626,100.00,14.00,83.19,19,0.00,28.73,88.24,47,2.02,0.00,0,100.0,12.33,191.58,41.18,2.50
11080,11.71,13.52,181,5652,100.00,14.00,83.19,19,0.00,26.99,0.39,47,1.00,0.00,0,0.0,-2.90,191.36,5.10,0.54
11156,10.34,13.76,181,5285,74.90,31.50,0.00,19,0.00,11.75,0.00,47,0.72,0.00,0,0.0,-7.40,44.46,5.10,0.54
11230,10.68,13.92,181,5510,74.90,36.00,0.00,19,0.00,7.25,0.00,47,0.60,0.00,0,0.0,-7.40,31.30,5.10,0.54
11306,14.01,13.84,181,5564,74.90,34.00,0.00,20,0.00,5.37,0.00,50,0.37,0.00,0,0.0,-9.29,34.16,0.00,0.54
11382,16.65,13.84,181,5407,74.90,32.00,0.00,20,0.00,4.93,0.00,50,0.21,0.00,0,0.0,-9.72,43.76,0.00,0.54
11458,16.65,13.84,181,5407,74.90,29.00,0.00,20,0.00,4.93,0.00,50,0.44,0.00,0,0.0,-9.72,19.95,0.00,0.56
11533,23.66,13.92,181,5006,74.90,26.00,0.00,20,0.00,4.93,0.39,50,0.33,0.00,0,0.0,-9.72,15.78,0.00,0.56
11609,23.77,13.92,181,4820,74.90,23.00,0.00,20,0.00,4.79,0.39,50,0.20,0.00,0,0.0,-9.87,34.42,0.00,0.56
11685,24.00,13.92,181,4670,74.90,20.00,0.00,20,0.00,4.64,0.39,50,0.24,0.00,0,0.0,-10.01,30.49,0.00,0.56
11760,23.77,13.92,180,4507,74.90,18.50,0.00,20,0.00,4.50,0.39,53,0.36,0.00,0,0.0,-10.16,19.97,0.00,0.58
11835,23.66,13.84,180,4350,74.90,20.00,10.82,20,0.00,4.50,2.35,53,0.20,0.00,0,0.0,-10.30,12.55,0.00,0.64
11912,23.89,13.84,180,4225,74.90,28.50,10.75,20,0.00,4.35,8.24,53,0.36,0.00,0,0.0,-9.72,21.01,0.00,0.90
11988,23.66,13.92,180,4199,74.90,39.00,17.27,20,0.00,4.93,16.86,53,0.66,0.00,0,0.0,-7.25,41.57,6.27,1.16
12062,15.27,13.76,180,4261,74.90,36.50,22.79,20,0.00,10.16,22.35,53,0.91,0.00,0,0.0,-4.50,59.10,6.27,1.32
12138,12.63,13.84,180,3750,74.90,24.00,24.00,20,0.00,12.77,28.24,53,1.11,0.00,0,35.4,-1.89,68.77,14.12,1.64
12213,11.94,13.76,180,4114,100.00,21.50,29.84,20,0.00,15.24,54.51,55,1.34,0.00,0,52.2,0.58,80.00,14.12,2.42
12289,13.09,13.68,180,3906,100.00,16.50,38.69,20,0.00,17.41,66.67,55,1.53,0.00,0,67.3,4.50,93.15,20.39,2.84
12363,12.29,13.68,180,4030,100.00,15.50,45.71,20,0.00,19.15,85.88,55,1.71,0.00,0,81.2,6.24,103.61,42.35,3.50
12439,11.94,13.68,180,4043,100.00,13.00,50.72,20,0.00,20.89,100.00,55,1.94,0.00,0,96.9,8.27,127.69,42.35,3.94
12514,11.25,13.68,180,4030,100.00,11.00,57.64,20,0.00,24.81,100.00,55,2.14,0.00,0,100.0,10.16,141.02,50.59,3.94
12590,11.14,13.60,180,4080,100.00,11.50,64.41,20,0.00,27.13,100.00,55,2.35,0.00,0,100.0,12.48,153.50,50.59,3.94
12665,11.14,13.60,180,4152,100.00,11.50,71.76,20,0.00,28.87,100.00,55,2.53,0.00,0,100.0,14.22,168.30,50.59,3.94
12740,11.25,13.60,180,4114,100.00,11.50,76.36,20,0.00,30.18,100.00,55,2.62,0.00,0,100.0,16.11,176.64,41.96,3.94
12816,11.25,13.60,180,4202,100.00,11.50,79.51,20,0.00,30.76,100.00,55,2.66,0.00,0,100.0,16.54,183.93,41.96,3.94
12891,11.25,13.60,180,4188,100.00,12.00,79.95,20,0.00,31.20,100.00,55,2.64,0.00,0,100.0,16.25,185.83,41.18,3.94
12967,11.14,13.60,180,4259,100.00,11.50,78.31,20,0.00,30.91,100.00,55,2.59,0.00,0,100.0,15.67,184.73,41.18,3.94
13043,10.91,13.60,180,4268,100.00,12.00,78.58,20,0.00,29.75,100.00,55,2.53,0.00,0,100.0,15.09,181.84,43.92,3.94
13117,10.68,13.60,180,4340,100.00,12.00,77.77,20,0.00,29.31,100.00,55,2.49,0.00,0,100.0,14.65,181.34,43.92,3.94
13192,10.80,13.60,180,4350,100.00,12.00,77.02,21,0.00,29.02,100.00,57,2.47,0.00,0,100.0,14.36,179.10,49.80,3.94
13268,10.91,13.60,180,4398,100.00,12.50,76.94,21,0.00,28.87,100.00,57,2.47,0.00,0,100.0,14.22,180.36,50.59,3.94
13343,11.02,13.60,180,4396,100.00,12.50,78.48,21,0.00,28.87,100.00,57,2.47,0.00,0,100.0,14.51,180.37,50.59,3.94
13419,11.14,13.52,178,4432,100.00,12.50,81.00,21,0.00,29.16,100.00,57,2.49,0.00,0,100.0,14.80,182.68,50.59,3.94
13493,11.14,13.52,178,4467,100.00,12.50,81.63,21,0.00,29.45,100.00,57,2.52,0.00,0,100.0,15.09,187.96,50.59,3.94
13569,11.14,13.60,178,4502,100.00,12.50,82.99,21,0.00,30.04,100.00,57,2.52,0.00,0,100.0,15.38,189.87,49.02,3.94
13646,11.14,13.52,178,4587,100.00,12.50,83.18,21,0.00,30.33,100.00,58,2.51,0.00,0,100.0,15.67,191.42,49.02,3.94
13721,11.14,13.52,178,4564,100.00,12.50,83.74,21,0.00,30.62,100.00,58,2.49,0.00,0,100.0,15.96,191.91,48.24,3.94
13797,11.14,13.52,178,4646,100.00,12.50,83.90,21,0.00,30.62,100.00,58,2.50,0.00,0,100.0,15.96,192.42,48.24,3.94
13872,11.14,13.60,178,4627,100.00,12.50,83.15,21,0.00,30.62,100.00,58,2.47,0.00,0,100.0,15.96,192.55,48.24,3.94
13946,11.14,13.52,178,4696,100.00,12.50,83.84,20,0.00,30.62,100.00,58,2.46,0.00,0,100.0,15.82,192.18,48.63,3.94
14022,11.02,13.52,178,4678,100.00,12.50,83.73,20,0.00,30.33,100.00,58,2.43,0.00,0,100.0,15.67,191.95,48.63,3.94
14096,11.14,13.52,178,4744,100.00,12.50,84.00,20,0.00,30.18,100.00,62,2.42,0.00,0,100.0,15.53,191.89,49.41,3.94
14173,11.14,13.52,178,4795,100.00,12.50,83.88,20,0.00,30.18,100.00,62,2.39,0.00,0,100.0,15.53,192.03,49.41,3.94
14248,11.14,13.60,178,4826,100.00,12.50,84.42,20,0.00,30.18,100.00,62,2.39,0.00,0,100.0,15.53,191.97,50.59,3.94
14323,11.14,13.52,178,4817,100.00,13.00,83.55,20,0.00,30.18,100.00,62,2.37,0.00,0,100.0,15.67,192.04,50.59,3.94
14399,11.14,13.52,178,4896,100.00,13.00,84.48,20,0.00,30.33,100.00,62,2.35,0.00,0,100.0,15.67,191.88,50.59,3.94
14475,11.14,13.60,178,4889,100.00,13.00,83.76,20,0.00,30.33,100.00,62,2.31,0.00,0,100.0,15.67,191.63,50.59,3.94
14551,11.14,13.60,178,4970,100.00,13.00,83.48,20,0.00,30.33,100.00,64,2.31,0.00,0,100.0,15.82,191.78,50.59,3.94
14626,11.14,13.60,178,4954,100.00,13.00,84.43,20,0.00,30.47,100.00,64,2.30,0.00,0,100.0,15.82,191.49,50.59,3.94
14701,11.14,13.60,178,5006,100.00,13.00,84.38,20,0.00,30.62,100.00,64,2.30,0.00,0,100.0,15.96,191.52,50.59,3.94
14776,11.14,13.52,178,5074,100.00,13.00,83.35,20,0.00,30.62,100.00,64,2.25,0.00,0,100.0,15.96,191.11,50.59,3.94
14852,11.14,13.60,178,5057,100.00,13.00,84.15,20,0.00,30.62,100.00,64,2.23,0.00,0,100.0,15.96,191.23,50.59,3.94
14927,11.25,13.52,178,5140,100.00,13.00,83.86,20,0.00,30.62,100.00,64,2.23,0.00,0,100.0,15.96,190.64,50.59,3.94
15003,11.25,13.60,178,5105,100.00,13.00,83.92,20,0.00,30.62,100.00,67,2.19,0.00,0,100.0,15.96,190.91,50.59,3.94
15078,11.37,13.60,178,5176,100.00,13.00,82.93,20,0.00,30.62,100.00,67,2.19,0.00,0,100.0,15.82,190.33,50.59,3.94
15154,11.37,13.60,176,5183,100.00,13.00,83.56,20,0.00,30.47,100.00,67,2.18,0.00,0,100.0,15.82,190.28,50.20,3.94
15229,11.37,13.60,176,5222,100.00,13.00,83.97,20,0.00,30.47,100.00,67,2.16,0.00,0,100.0,15.82,190.47,50.20,3.94
15305,11.60,13.52,176,5248,100.00,13.00,83.73,20,0.00,30.47,100.00,67,2.16,0.00,0,100.0,15.82,190.82,49.02,3.94
15380,11.60,13.52,176,5304,100.00,13.00,84.15,20,0.00,30.47,100.00,67,2.15,0.00,0,100.0,15.82,191.00,49.02,3.94
15456,11.60,13.52,176,5338,100.00,13.00,84.27,20,0.00,30.33,100.00,67,2.14,0.00,0,100.0,15.67,191.03,46.27,3.94
15532,11.71,13.52,176,5388,100.00,13.00,83.91,20,0.00,30.18,100.00,70,2.12,0.00,0,100.0,15.53,191.28,46.27,3.94
15606,11.83,13.60,176,5384,100.00,13.00,83.84,20,0.00,30.04,100.00,70,2.11,0.00,0,100.0,15.38,191.17,45.88,3.94
15683,11.60,13.52,176,5438,100.00,13.00,83.54,20,0.00,29.75,100.00,70,2.11,0.00,0,100.0,15.09,191.27,45.88,3.94
15759,11.71,13.60,176,5482,100.00,13.00,84.21,20,0.00,29.75,100.00,70,2.09,0.00,0,100.0,15.09,191.36,44.71,3.94
15834,11.60,13.60,176,5506,100.00,13.50,84.58,20,0.00,29.45,100.00,70,2.08,0.00,0,100.0,14.80,191.30,44.71,3.94
15909,11.48,13.60,176,5551,100.00,14.00,84.08,20,0.00,29.31,100.00,70,2.07,0.00,0,100.0,14.65,191.30,42.35,3.94
15986,11.48,13.60,176,5572,100.00,14.00,84.39,20,0.00,29.16,100.00,73,2.05,0.00,0,100.0,14.51,191.21,42.35,2.72
16060,11.48,13.52,176,5572,100.00,14.00,77.26,20,0.00,23.94,0.00,73,0.95,0.00,0,0.0,9.29,189.59,33.73,0.54
16137,11.37,13.76,176,5296,74.90,38.00,0.00,20,0.00,9.87,0.00,73,0.73,0.00,0,0.0,-4.79,58.07,33.73,0.54
16212,11.94,13.92,176,5588,74.90,36.50,0.00,20,0.00,6.38,0.00,73,0.51,0.00,0,0.0,-8.27,65.74,0.00,0.54
16288,11.94,13.84,176,5588,74.90,33.50,0.00,20,0.00,5.37,0.00,73,0.38,0.00,0,0.0,-9.29,44.87,0.00,0.54
16363,14.01,13.84,176,5622,74.90,31.00,0.00,20,0.00,5.37,0.00,73,0.31,0.00,0,0.0,-9.72,44.87,0.00,0.54
16439,17.23,13.92,176,5486,74.90,28.50,0.00,20,0.00,4.93,0.39,75,0.52,0.00,0,0.0,-9.72,23.80,0.00,0.56
16515,23.66,13.92,176,5274,74.90,25.50,0.00,20,0.00,4.93,0.39,75,0.32,0.00,0,0.0,-9.72,45.91,0.00,0.56
16591,24.23,13.84,176,5060,74.90,22.50,0.00,20,0.00,4.93,0.39,75,0.23,0.00,0,0.0,-9.87,21.37,0.00,0.56
16666,23.77,13.92,176,4864,74.90,19.50,0.00,20,0.00,4.79,0.39,75,0.28,0.00,0,0.0,-10.01,18.94,0.00,0.58
16742,23.89,13.92,176,4714,74.90,18.50,15.55,20,0.00,4.64,1.18,75,0.32,0.00,0,0.0,-10.01,29.39,0.00,0.60
16816,24.35,13.92,176,4494,74.90,21.00,16.30,20,0.00,4.50,1.96,75,0.27,0.00,0,0.0,-10.16,31.54,0.00,0.62
16892,21.94,13.84,176,4448,74.90,23.50,7.59,20,0.00,4.50,2.75,76,0.39,0.00,0,0.0,-10.16,20.94,0.00,0.64
16967,14.24,13.92,176,4376,74.90,26.50,4.67,20,0.00,4.50,2.75,76,0.23,0.00,0,0.0,-10.16,12.26,0.00,0.64
17043,13.55,13.92,176,3945,74.90,32.00,7.41,20,0.00,4.50,2.75,76,0.27,0.00,0,0.0,-10.16,13.26,0.00,0.64
17118,13.32,13.84,176,3858,74.90,35.50,6.89,20,0.00,4.50,2.75,76,0.19,0.00,0,0.0,-10.59,22.13,0.00,0.64
17193,12.86,13.84,176,4034,74.90,38.00,4.05,20,0.00,4.06,2.75,76,0.19,0.00,0,0.0,-10.59,10.44,0.00,0.62
17269,11.48,13.84,176,3796,74.90,39.00,5.12,20,0.00,3.92,2.35,76,0.17,0.00,0,0.0,-10.74,17.99,0.00,0.60
17344,12.06,13.84,176,3908,74.90,38.00,0.00,20,0.00,3.77,0.00,76,0.25,0.00,0,0.0,-10.88,11.28,0.00,0.54
17420,13.44,13.84,176,3774,74.90,35.50,0.00,20,0.00,3.48,0.00,75,0.14,0.00,0,0.0,-11.17,9.82,0.00,0.54
17494,16.31,13.92,176,3964,74.90,33.00,0.00,20,0.00,3.34,0.00,75,0.16,0.00,0,0.0,-11.32,13.49,0.00,0.54
17571,21.25,13.92,176,3854,74.90,27.50,0.00,20,0.00,3.34,0.00,75,0.19,0.00,0,0.0,-11.32,7.95,0.00,0.54
17645,24.00,13.92,176,3886,74.90,25.00,0.00,20,0.00,3.34,0.00,75,0.12,0.00,0,0.0,-11.32,13.83,0.00,0.54
17721,24.00,13.92,176,3850,74.90,22.50,0.00,20,0.00,3.34,0.00,75,0.17,0.00,0,0.0,-11.32,12.15,0.00,0.54
17797,23.89,13.92,176,3882,74.90,20.00,0.00,20,0.00,3.34,0.00,75,0.20,0.00,0,0.0,-11.32,10.99,0.00,0.54
17872,24.35,13.92,176,3852,74.90,18.50,0.00,20,0.00,3.34,0.00,76,0.14,0.00,0,0.0,-11.32,8.58,0.00,0.54
17947,24.23,13.92,176,3807,74.90,18.50,0.00,20,0.00,3.19,0.00,76,0.19,0.00,0,0.0,-11.46,12.36,0.00,0.54
18022,23.89,13.92,176,3824,74.90,18.50,0.00,20,0.00,3.19,0.00,76,0.16,0.00,0,0.0,-11.46,7.57,0.00,0.54
18098,24.12,13.92,176,3803,74.90,18.50,0.00,20,0.00,3.19,0.00,76,0.15,0.00,0,0.0,-11.46,11.57,0.00,0.54
18174,23.89,13.92,176,3828,74.90,18.50,0.00,20,0.00,3.19,0.00,76,0.15,0.00,0,0.0,-11.46,10.03,0.00,0.54
18248,24.12,13.92,176,3813,74.90,18.50,0.00,20,0.00,3.19,0.00,76,0.15,0.00,0,0.0,-11.46,8.99,0.00,0.54
18325,23.89,13.92,176,3794,74.90,18.50,0.00,20,0.00,3.19,0.00,75,0.13,0.00,0,0.0,-11.46,9.26,0.00,0.54
18401,24.35,13.92,176,3786,74.90,18.50,0.00,20,0.00,2.90,0.00,75,0.22,0.00,0,0.0,-11.75,9.63,0.00,0.54
18476,24.12,13.92,176,3774,74.90,18.50,0.00,20,0.00,3.63,0.00,75,0.15,0.00,0,0.0,-11.32,11.50,0.00,0.54
18551,23.89,13.92,174,3782,74.90,18.50,0.00,20,0.00,3.34,0.00,75,0.14,0.00,0,0.0,-11.32,9.35,0.00,0.54
18627,24.35,13.92,174,3780,74.90,18.50,0.00,20,0.00,3.34,0.00,75,0.14,0.00,0,0.0,-11.46,9.26,0.00,0.54
18702,24.23,13.92,174,3772,74.90,18.50,0.00,20,0.00,3.19,0.00,75,0.14,0.00,0,0.0,-11.46,8.74,0.00,0.54
18777,24.00,13.92,174,3763,74.90,18.50,0.00,20,0.00,3.19,0.00,74,0.14,0.00,0,0.0,-11.46,8.91,0.00,0.54
18851,24.23,13.92,174,3738,74.90,18.50,0.00,20,0.00,3.19,0.00,74,0.14,0.00,0,0.0,-11.46,8.69,0.00,0.54
18927,24.23,13.92,174,3731,74.90,18.50,0.00,20,0.00,3.19,0.00,74,0.14,0.00,0,0.0,-11.46,8.82,0.00,0.54
19003,23.89,13.92,174,3729,74.90,18.50,0.00,20,0.00,3.19,0.00,74,0.14,0.00,0,0.0,-11.46,8.65,0.00,0.54
19078,23.89,13.92,174,3722,74.90,18.50,0.00,20,0.00,3.19,0.00,74,0.14,0.00,0,0.0,-11.46,8.73,0.00,0.54
19153,23.89,13.92,174,3718,74.90,18.50,0.00,20,0.00,3.19,0.00,74,0.14,0.00,0,0.0,-11.46,8.56,0.00,0.54
19229,23.89,13.92,174,3712,74.90,18.50,0.00,20,0.00,3.19,0.00,74,0.14,0.00,0,0.0,-11.46,8.47,0.00,0.54
19305,23.89,13.92,174,3712,74.90,18.50,0.00,20,0.00,3.19,0.00,73,0.13,0.00,0,0.0,-11.46,8.39,0.00,0.54
19380,23.89,13.92,174,3705,74.90,18.50,0.00,20,0.00,3.05,0.00,73,0.13,0.00,0,0.0,-11.61,8.10,0.00,0.54
19455,23.89,13.92,174,3702,74.90,18.50,0.00,20,0.00,3.05,0.00,73,0.13,0.00,0,0.0,-11.61,8.14,0.00,0.54
19531,24.35,13.92,174,3698,74.90,18.50,0.00,20,0.00,3.05,0.00,73,0.13,0.00,0,0.0,-11.61,8.03,0.00,0.54
19607,24.23,13.92,174,3689,74.90,18.50,0.00,20,0.00,3.05,0.00,73,0.13,0.00,0,0.0,-11.61,7.70,0.00,0.54
19682,24.00,13.92,174,3685,74.90,18.50,0.00,20,0.00,3.05,0.00,73,0.13,0.00,0,0.0,-11.61,7.82,0.00,0.54
19758,24.12,13.84,174,3680,74.90,18.50,0.00,20,0.00,3.05,0.00,72,0.13,0.00,0,0.0,-11.61,7.70,0.00,0.54
19832,23.77,13.92,174,3666,74.90,18.50,0.00,20,0.00,3.05,0.00,72,0.12,0.00,0,0.0,-11.61,7.57,0.00,0.54
19909,23.77,13.92,174,3658,74.90,18.50,0.00,20,0.00,3.05,0.00,72,0.13,0.00,0,0.0,-11.61,7.57,0.00,0.54
19984,24.35,13.92,174,3651,74.90,18.50,0.00,20,0.00,3.05,0.00,72,0.13,0.00,0,0.0,-11.61,7.57,0.00,0.54
20059,24.00,13.92,174,3640,74.90,18.50,0.00,20,0.00,3.05,0.00,72,0.12,0.00,0,0.0,-11.61,7.50,0.00,0.54
20134,23.77,13.92,174,3621,74.90,18.50,0.00,20,0.00,3.05,0.00,72,0.12,0.00,0,0.0,-11.61,7.62,0.00,0.54
20209,23.77,13.92,174,3604,74.90,18.50,0.00,20,0.00,3.05,0.00,71,0.12,0.00,0,0.0,-11.61,7.41,0.00,0.54
20286,24.35,13.92,174,3583,74.90,18.50,0.00,20,0.00,3.05,0.00,71,0.13,0.00,0,0.0,-11.61,7.41,0.00,0.54
20360,23.89,13.92,174,3571,74.90,18.50,0.00,20,0.00,3.05,0.00,71,0.13,0.00,0,0.0,-11.61,7.54,0.00,0.54
20436,24.00,13.92,174,3556,74.90,18.50,0.00,20,0.00,3.05,0.00,71,0.13,0.00,0,0.0,-11.61,7.50,0.00,0.54
20511,24.00,13.92,174,3548,74.90,18.50,0.00,20,0.00,3.05,0.00,71,0.13,0.00,0,0.0,-11.61,7.33,0.00,0.54
20586,23.89,13.92,174,3532,74.90,18.50,0.00,20,0.00,3.05,0.00,71,0.13,0.00,0,0.0,-11.61,7.50,0.00,0.54
20662,23.89,13.92,174,3532,74.90,18.50,0.00,20,0.00,3.05,0.00,70,0.13,0.00,0,0.0,-11.61,7.50,0.00,0.54
20737,24.46,13.92,174,3512,74.90,18.50,0.00,20,0.00,3.19,0.00,70,0.13,0.00,0,0.0,-11.46,7.45,0.00,0.54
20813,24.12,13.92,174,3478,74.90,18.50,0.00,20,0.00,3.19,0.00,70,0.13,0.00,0,0.0,-11.46,7.46,0.00,0.54
20889,23.77,13.92,174,3469,74.90,18.50,0.00,20,0.00,3.19,0.00,70,0.13,0.00,0,0.0,-11.46,7.53,0.00,0.54
20963,23.89,13.92,174,3466,74.90,18.50,0.00,20,0.00,3.19,0.00,70,0.13,0.00,0,0.0,-11.46,7.49,0.00,0.54
21039,23.89,13.92,174,3453,74.90,18.50,0.00,20,0.00,3.19,0.00,70,0.13,0.00,0,0.0,-11.46,7.46,0.00,0.54
21114,24.35,13.92,174,3421,74.90,18.50,0.00,20,0.00,3.19,0.00,70,0.13,0.00,0,0.0,-11.46,7.50,0.00,0.54
21190,24.46,13.84,174,3407,74.90,18.50,0.00,20,0.00,3.19,0.00,69,0.13,0.00,0,0.0,-11.46,7.54,0.00,0.54
21265,23.77,13.92,174,3414,74.90,18.50,0.00,20,0.00,3.19,0.00,69,0.13,0.00,0,0.0,-11.46,7.49,0.00,0.54
21341,24.00,13.92,174,3363,74.90,18.50,0.00,20,0.00,3.19,0.00,69,0.13,0.00,0,0.0,-11.46,7.49,0.00,0.54
21416,24.12,13.92,174,3363,74.90,18.50,0.00,20,0.00,3.34,0.00,69,0.13,0.00,0,0.0,-11.32,7.49,0.00,0.54
21493,24.00,13.92,174,3352,74.90,18.50,0.00,20,0.00,3.34,0.00,69,0.14,0.00,0,0.0,-11.32,7.65,0.00,0.54
21568,23.66,13.92,174,3328,74.90,18.50,0.00,20,0.00,3.34,0.00,69,0.13,0.00,0,0.0,-11.32,7.53,0.00,0.54
21643,24.46,13.92,174,3328,74.90,18.50,0.00,20,0.00,3.34,0.00,67,0.14,0.00,0,0.0,-11.32,7.45,0.00,0.54
21718,24.23,13.92,174,3310,74.90,18.50,0.00,20,0.00,3.34,0.00,67,0.14,0.00,0,0.0,-11.32,7.57,0.00,0.54
21794,24.35,13.92,174,3286,74.90,18.50,0.00,20,0.00,3.34,0.00,67,0.14,0.00,0,0.0,-11.32,7.70,0.00,0.54
21870,23.89,13.92,174,3259,74.90,18.50,0.00,20,0.00,3.34,0.00,67,0.14,0.00,0,0.0,-11.32,7.57,0.00,0.54
21945,24.12,13.92,174,3259,74.90,18.50,0.00,20,0.00,3.34,0.00,67,0.14,0.00,0,0.0,-11.32,7.49,0.00,0.54
22021,24.12,13.92,174,3228,74.90,18.50,0.00,20,0.00,3.34,0.00,67,0.14,0.00,0,0.0,-11.17,7.54,0.00,0.54
22095,23.66,13.92,174,3231,74.90,18.50,0.00,20,0.00,3.48,0.00,65,0.14,0.00,0,0.0,-11.17,7.49,0.00,0.54
22172,24.12,13.92,176,3205,74.90,18.50,0.00,20,0.00,3.48,0.00,65,0.14,0.00,0,0.0,-11.17,7.46,0.00,0.54
22248,23.77,13.92,176,3208,74.90,18.50,0.00,20,0.00,3.48,0.00,65,0.14,0.00,0,0.0,-11.17,7.62,0.00,0.54
22323,23.66,13.92,176,3174,74.90,18.50,0.00,20,0.00,3.48,0.00,65,0.14,0.00,0,0.0,-11.17,7.57,0.00,0.54
22397,24.00,13.92,176,3155,74.90,18.50,0.00,20,0.00,3.48,0.00,65,0.15,0.00,0,0.0,-11.17,7.62,0.00,0.54
22473,23.66,13.92,176,3154,74.90,18.50,0.00,20,0.00,3.48,0.00,65,0.15,0.00,0,0.0,-11.17,7.57,0.00,0.54
22549,24.12,13.92,176,3131,74.90,18.50,0.00,20,0.00,3.48,0.00,63,0.15,0.00,0,0.0,-11.17,7.62,0.00,0.54
22623,23.89,13.84,176,3131,74.90,18.50,0.00,20,0.00,3.48,0.00,63,0.15,0.00,0,0.0,-11.17,7.65,0.00,0.54
22699,24.12,13.92,176,3096,74.90,18.50,0.00,20,0.00,3.48,0.00,63,0.15,0.00,0,0.0,-11.17,7.66,0.00,0.54
22775,23.77,13.92,176,3088,74.90,18.50,0.00,20,0.00,3.48,0.00,63,0.15,0.00,0,0.0,-11.17,7.57,0.00,0.54
22851,24.12,13.92,176,3058,74.90,18.50,0.00,20,0.00,3.48,0.00,63,0.15,0.00,0,0.0,-11.17,7.57,0.00,0.54
22926,24.12,13.92,176,3051,74.90,18.50,0.00,20,0.00,3.48,0.00,63,0.15,0.00,0,0.0,-11.17,7.78,0.00,0.54
23002,24.00,13.92,176,3048,74.90,18.50,0.00,20,0.00,3.48,0.00,63,0.15,0.00,0,0.0,-11.17,7.66,0.00,0.54
23076,24.00,13.92,176,3030,74.90,18.50,0.00,20,0.00,3.48,0.00,61,0.15,0.00,0,0.0,-11.17,7.65,0.00,0.54
23152,23.66,13.92,176,3010,74.90,18.50,0.00,20,0.00,3.48,0.00,61,0.15,0.00,0,0.0,-11.17,7.78,0.00,0.54
23227,24.00,13.92,176,3016,74.90,18.00,0.00,20,0.00,3.48,0.00,61,0.15,0.00,0,0.0,-11.17,7.57,0.00,0.54
23302,23.89,13.92,176,2978,74.90,18.00,0.00,20,0.00,3.48,0.00,61,0.15,0.00,0,0.0,-11.17,7.70,0.00,0.54
23378,23.66,13.84,176,2966,74.90,18.00,0.00,20,0.00,3.48,0.00,61,0.15,0.00,0,0.0,-11.17,7.65,0.00,0.54
23453,23.89,13.92,176,2965,74.90,18.00,0.00,20,0.00,3.48,0.00,61,0.16,0.00,0,0.0,-11.17,7.57,0.00,0.54
23529,24.00,13.92,176,2956,74.90,17.50,0.00,20,0.00,3.48,0.00,60,0.15,0.00,0,0.0,-11.17,7.70,0.00,0.54
23604,24.00,13.92,176,2924,74.90,17.50,0.00,20,0.00,3.48,0.00,60,0.16,0.00,0,0.0,-11.17,7.57,0.00,0.54
23679,23.77,13.92,176,2915,74.90,17.50,0.00,20,0.00,3.48,0.00,60,0.16,0.00,0,0.0,-11.17,7.65,0.00,0.54
23755,24.00,13.92,176,2914,74.90,17.50,0.00,20,0.00,3.48,0.00,60,0.16,0.00,0,0.0,-11.17,7.65,0.00,0.54
23831,23.89,13.92,176,2894,74.90,17.50,0.00,20,0.00,3.48,0.00,60,0.16,0.00,0,0.0,-11.17,7.74,0.00,0.54
23906,23.89,13.92,176,2857,74.90,17.50,0.00,20,0.00,3.48,0.00,60,0.16,0.00,0,0.0,-11.17,7.82,0.00,0.54
23981,23.89,13.92,176,2845,74.90,17.50,0.00,20,0.00,3.48,0.00,58,0.16,0.00,0,0.0,-11.17,7.70,0.00,0.54
24056,23.77,13.92,176,2838,74.90,17.50,0.00,20,0.00,3.48,0.00,58,0.16,0.00,0,0.0,-11.17,7.74,0.00,0.54
24132,24.12,13.92,176,2833,74.90,17.50,0.00,20,0.00,3.48,0.00,58,0.16,0.00,0,0.0,-11.17,7.78,0.00,0.54
24208,23.66,13.92,176,2820,74.90,17.50,0.00,20,0.00,3.48,0.00,58,0.17,0.00,0,0.0,-11.17,7.79,0.00,0.54
24283,23.89,13.92,176,2806,74.90,17.50,0.00,20,0.00,3.48,0.00,58,0.17,0.00,0,0.0,-11.17,7.78,0.00,0.54
24358,23.77,13.92,176,2790,74.90,17.50,0.00,20,0.00,3.48,0.00,58,0.17,0.00,0,0.0,-11.17,7.70,0.00,0.54
24433,24.00,13.92,176,2776,74.90,17.00,0.00,20,0.00,3.48,0.00,56,0.17,0.00,0,0.0,-11.17,7.74,0.00,0.54
24509,23.54,13.92,176,2770,74.90,17.00,0.00,20,0.00,3.48,0.00,56,0.17,0.00,0,0.0,-11.17,7.66,0.00,0.54
24584,23.77,13.92,176,2757,74.90,17.00,0.00,20,0.00,3.48,0.00,56,0.17,0.00,0,0.0,-11.17,7.66,0.00,0.54
24659,24.00,13.84,176,2743,74.90,17.00,0.00,20,0.00,3.48,0.00,56,0.17,0.00,0,0.0,-11.17,7.57,0.00,0.54
24734,24.00,13.92,176,2730,74.90,17.00,0.00,20,0.00,3.48,0.00,56,0.17,0.00,0,0.0,-11.17,7.57,0.00,0.54
24809,23.77,13.92,176,2713,74.90,16.50,0.00,20,0.00,3.48,0.00,56,0.17,0.00,0,0.0,-11.17,7.57,0.00,0.54
24886,23.54,13.92,176,2706,74.90,16.50,0.00,20,0.00,3.48,0.00,56,0.17,0.00,0,0.0,-11.17,7.49,0.00,0.54
24960,23.89,13.84,176,2680,74.90,16.50,0.00,20,0.00,3.48,0.00,54,0.17,0.00,0,0.0,-11.17,7.57,0.00,0.54
25036,23.77,13.92,176,2674,74.90,16.50,0.00,20,0.00,3.48,0.00,54,0.17,0.00,0,0.0,-11.17,7.50,0.00,0.54
25112,23.89,13.92,176,2658,74.90,16.50,0.00,20,0.00,3.48,0.00,54,0.17,0.00,0,0.0,-11.17,7.50,0.00,0.54
25186,23.77,13.92,176,2654,74.90,16.50,0.00,20,0.00,3.48,0.00,54,0.17,0.00,0,0.0,-11.17,7.54,0.00,0.54
25263,23.66,13.92,176,2639,74.90,16.50,0.00,20,0.00,3.48,0.00,54,0.17,0.00,0,0.0,-11.17,7.46,0.00,0.54
25337,23.66,13.92,176,2636,74.90,16.50,0.00,20,0.00,3.48,0.00,54,0.17,0.00,0,0.0,-11.17,7.46,0.00,0.54
25413,23.66,13.92,176,2628,74.90,16.50,0.00,20,0.00,3.48,0.00,53,0.17,0.00,0,0.0,-11.17,7.45,0.00,0.54
25489,23.54,13.92,176,2613,74.90,16.50,0.00,20,0.00,3.48,0.00,53,0.18,0.00,0,0.0,-11.17,7.50,0.00,0.54
25565,23.89,13.92,176,2597,74.90,16.50,0.00,20,0.00,3.48,0.00,53,0.17,0.00,0,0.0,-11.17,7.57,0.00,0.54
25640,23.43,13.92,176,2590,74.90,16.50,0.00,20,0.00,3.48,0.00,53,0.17,0.00,0,0.0,-11.17,7.33,0.00,0.54
25716,24.00,13.92,176,2584,74.90,16.50,0.00,20,0.00,3.48,0.00,53,0.17,0.00,0,0.0,-11.17,7.29,0.00,0.54
25792,23.89,13.92,176,2574,74.90,16.50,0.00,20,0.00,3.48,0.00,53,0.17,0.00,0,0.0,-11.17,7.41,0.00,0.54
25867,23.66,13.92,176,2571,74.90,16.00,0.00,20,0.00,3.48,0.00,52,0.17,0.00,0,0.0,-11.17,7.41,0.00,0.54
25943,23.54,13.92,176,2560,74.90,16.00,0.00,20,0.00,3.48,0.00,52,0.17,0.00,0,0.0,-11.17,7.37,0.00,0.54
26017,23.77,13.92,176,2555,74.90,16.00,0.00,20,0.00,3.48,0.00,52,0.17,0.00,0,0.0,-11.17,7.41,0.00,0.54
26092,23.77,13.92,176,2562,74.90,16.00,0.00,20,0.00,3.48,0.00,52,0.17,0.00,0,0.0,-11.17,7.41,0.00,0.54
26168,23.54,13.92,176,2557,74.90,16.00,0.00,20,0.00,3.48,0.00,52,0.18,0.00,0,0.0,-11.17,7.41,0.00,0.54
26243,23.66,13.92,176,2554,74.90,16.00,0.00,20,0.00,3.48,0.00,52,0.18,0.00,0,0.0,-11.17,7.32,0.00,0.54
26318,23.54,13.92,176,2528,74.90,16.00,0.00,20,0.00,3.48,0.00,50,0.17,0.00,0,0.0,-11.17,7.41,0.00,0.54
26394,23.89,13.92,178,2547,74.90,16.00,0.00,20,0.00,3.48,0.00,50,0.18,0.00,0,0.0,-11.17,7.41,0.00,0.54
26470,23.77,13.92,178,2538,74.90,16.00,0.00,20,0.00,3.48,0.00,50,0.17,0.00,0,0.0,-11.17,7.41,0.00,0.54
26545,23.77,13.92,178,2523,74.90,16.00,0.00,20,0.00,3.48,0.00,50,0.17,0.00,0,0.0,-11.17,7.33,0.00,0.54
26620,23.77,13.92,178,2518,74.90,16.00,0.00,20,0.00,3.48,0.00,50,0.17,0.00,0,0.0,-11.17,7.24,0.00,0.54
26696,23.54,13.92,178,2527,74.90,16.00,0.00,20,0.00,3.48,0.00,50,0.17,0.00,0,0.0,-11.17,7.24,0.00,0.54
26770,23.54,13.92,178,2505,74.90,16.00,0.00,20,0.00,3.48,0.00,49,0.17,0.00,0,0.0,-11.17,7.21,0.00,0.54
26847,23.89,13.92,178,2505,74.90,16.00,0.00,20,0.00,3.48,0.00,49,0.17,0.00,0,0.0,-11.17,7.24,0.00,0.54
26922,23.77,13.92,178,2512,74.90,16.00,0.00,20,0.00,3.48,0.00,49,0.17,0.00,0,0.0,-11.17,7.24,0.00,0.54
26997,23.66,13.92,178,2507,74.90,15.50,0.00,20,0.00,3.48,0.00,49,0.17,0.00,0,0.0,-11.17,7.24,0.00,0.54
27073,23.43,13.92,178,2490,74.90,16.00,0.00,20,0.00,3.48,0.00,49,0.17,0.00,0,0.0,-11.17,7.21,0.00,0.54
27147,23.54,13.92,178,2491,74.90,15.50,0.00,20,0.00,3.48,0.00,49,0.17,0.00,0,0.0,-11.17,7.17,0.00,0.54
27222,23.43,13.92,178,2497,74.90,15.50,0.00,20,0.00,3.48,0.00,49,0.17,0.00,0,0.0,-11.17,7.24,0.00,0.54
27298,23.31,13.92,178,2479,74.90,15.50,0.00,20,0.00,3.48,0.00,48,0.17,0.00,0,0.0,-11.17,7.17,0.00,0.54
27373,23.54,13.92,178,2489,74.90,15.50,0.00,20,0.00,3.48,0.00,48,0.18,0.00,0,0.0,-11.17,7.21,0.00,0.54
27449,23.54,13.92,178,2485,74.90,15.50,0.00,20,0.00,3.48,0.00,48,0.18,0.00,0,0.0,-11.17,7.24,0.00,0.54
27524,23.43,13.92,178,2470,74.90,15.50,0.00,20,0.00,3.48,0.00,48,0.17,0.00,0,0.0,-11.17,7.24,0.00,0.54
27599,23.43,13.92,178,2468,74.90,15.50,0.00,20,0.00,3.48,0.00,48,0.18,0.00,0,0.0,-11.17,7.24,0.00,0.54
27676,23.66,13.92,178,2473,74.90,15.50,0.00,20,0.00,3.48,0.00,48,0.18,0.00,0,0.0,-11.17,7.24,0.00,0.54
27751,23.54,13.92,178,2458,74.90,15.50,0.00,20,0.00,3.48,0.00,48,0.17,0.00,0,0.0,-11.17,7.24,0.00,0.54
27827,23.54,13.92,178,2466,74.90,15.50,0.00,20,0.00,3.48,0.00,48,0.18,0.00,0,0.0,-11.17,7.17,0.00,0.54
27902,23.54,13.92,178,2448,74.90,15.50,0.00,20,0.00,3.48,0.00,48,0.18,0.00,0,0.0,-11.17,7.24,0.00,0.54
27977,23.66,13.92,178,2440,74.90,15.50,0.00,20,0.00,3.48,0.00,48,0.19,0.00,0,0.0,-11.03,7.37,0.00,0.56
28052,23.66,13.92,178,2456,74.90,15.50,3.66,20,0.00,3.63,1.18,48,0.21,0.00,0,0.0,-10.88,7.74,0.00,0.58
28127,23.43,13.84,178,2450,74.90,17.50,3.63,20,0.00,3.77,1.96,48,0.23,0.00,0,0.0,-10.74,9.21,0.00,0.62
28203,23.31,13.92,178,2432,74.90,19.50,4.17,20,0.00,4.06,2.75,48,0.26,0.00,0,0.0,-10.59,10.13,0.00,0.64
28279,23.54,13.84,178,2453,74.90,21.00,4.19,20,0.00,4.21,3.14,48,0.27,0.00,0,0.0,-10.45,10.54,0.00,0.64
28354,23.31,13.92,178,2422,74.90,23.50,4.13,20,0.00,4.21,3.14,48,0.27,0.00,0,0.0,-10.45,10.89,0.00,0.66
28429,22.39,13.92,178,2447,74.90,26.00,4.18,20,0.00,4.35,3.92,48,0.28,0.00,0,0.0,-10.16,10.89,0.00,0.68
28504,17.92,13.92,178,2428,74.90,31.50,4.67,20,0.00,4.50,3.92,48,0.30,0.00,0,0.0,-10.16,11.61,0.00,0.68
28580,15.50,13.92,178,2432,74.90,31.50,4.69,20,0.00,4.50,3.92,48,0.30,0.00,0,0.0,-10.01,12.04,0.00,0.68
28655,15.16,13.84,178,2445,74.90,31.50,4.66,20,0.00,4.64,3.92,48,0.30,0.00,0,0.0,-10.01,12.15,0.00,0.68
28731,15.04,13.92,178,2427,74.90,32.00,4.65,20,0.00,4.79,4.31,48,0.31,0.00,0,0.0,-9.87,12.37,0.00,0.68
28805,14.70,13.84,178,2422,74.90,32.00,4.65,20,0.00,4.79,4.71,48,0.32,0.00,0,0.0,-9.87,12.47,0.00,0.70
28881,14.70,14.00,178,2412,74.90,32.00,4.63,20,0.00,4.93,4.71,48,0.32,0.00,0,0.0,-9.72,12.79,0.00,0.70
28956,14.59,13.92,178,2420,74.90,32.50,5.16,20,0.00,4.93,4.71,48,0.32,0.00,0,0.0,-9.58,13.01,0.00,0.70
29032,14.59,13.92,178,2422,74.90,32.50,5.13,20,0.00,5.08,4.71,48,0.33,0.00,0,0.0,-9.58,13.12,0.00,0.70
29106,14.70,13.92,178,2407,74.90,33.00,5.19,20,0.00,5.08,4.71,48,0.33,0.00,0,0.0,-9.58,13.12,0.00,0.70
29182,14.59,13.84,178,2433,74.90,33.00,5.15,20,0.00,5.08,4.71,47,0.33,0.00,0,0.0,-9.43,13.36,0.00,0.70
29258,14.59,13.92,178,2412,74.90,33.00,5.14,20,0.00,5.22,5.10,47,0.33,0.00,0,0.0,-9.43,13.36,0.00,0.70
29333,14.70,13.92,178,2421,74.90,33.00,5.16,20,0.00,5.22,4.71,47,0.34,0.00,0,0.0,-9.43,13.36,0.00,0.70
29408,14.70,13.92,178,2413,74.90,33.00,5.15,20,0.00,5.22,5.10,47,0.33,0.00,0,0.0,-9.43,13.48,0.00,0.70
29483,14.59,13.92,178,2406,74.90,33.00,5.13,20,0.00,5.22,4.71,47,0.34,0.00,0,0.0,-9.43,13.48,0.00,0.70
29559,14.59,13.92,178,2404,74.90,33.00,5.14,20,0.00,5.22,5.10,47,0.33,0.00,0,0.0,-9.43,13.36,0.00,0.70
29635,14.47,14.00,178,2412,74.90,33.00,5.09,20,0.00,5.22,4.71,47,0.33,0.00,0,0.0,-9.43,13.19,0.00,0.70
29710,14.59,14.00,178,2384,74.90,32.50,5.15,20,0.00,5.22,4.71,47,0.33,0.00,0,0.0,-9.43,13.12,0.00,0.70
29784,14.81,14.00,178,2402,74.90,33.00,5.12,20,0.00,5.22,4.71,47,0.34,0.00,0,0.0,-9.43,13.24,0.00,0.70
29861,14.81,13.92,178,2407,74.90,33.00,5.13,20,0.00,5.22,5.10,47,0.33,0.00,0,0.0,-9.43,13.36,0.00,0.70
29935,14.81,13.92,178,2420,74.90,33.00,5.16,20,0.00,5.22,5.10,47,0.34,0.00,0,0.0,-9.29,13.24,0.00,0.72
30010,14.81,13.92,178,2376,74.90,33.50,5.20,20,0.00,5.37,5.10,47,0.34,0.00,0,0.0,-9.29,13.54,0.00,0.72
30086,14.70,13.92,178,2436,74.90,34.00,5.09,20,0.00,5.37,5.49,47,0.36,0.00,0,0.0,-9.29,13.78,0.00,0.72
30161,14.70,14.00,178,2388,74.90,34.00,5.13,20,0.00,5.37,5.49,47,0.36,0.00,0,0.0,-9.14,14.37,0.00,0.74
30237,14.70,13.92,178,2406,74.90,34.00,5.14,20,0.00,5.51,5.88,47,0.37,0.00,0,0.0,-9.14,14.66,0.00,0.74
30313,14.59,13.92,178,2384,74.90,35.00,5.60,20,0.00,5.66,5.88,47,0.38,0.00,0,0.0,-9.00,15.10,0.00,0.76
30388,14.59,13.92,178,2418,74.90,35.50,5.67,20,0.00,5.80,6.67,47,0.40,0.00,0,0.0,-8.85,15.64,0.00,0.78
30462,14.59,13.92,178,2410,74.90,36.00,5.66,20,0.00,5.95,7.06,47,0.42,0.00,0,0.0,-8.56,16.38,0.00,0.78
30537,14.59,13.92,178,2406,74.90,36.00,6.17,20,0.00,6.09,7.45,47,0.43,0.00,0,0.0,-8.42,16.93,0.00,0.80
30613,14.13,14.00,178,2412,74.90,36.00,6.15,20,0.00,6.24,7.84,47,0.45,0.00,0,0.0,-8.13,17.37,0.00,0.80
30688,14.13,13.92,178,2404,74.90,36.00,6.14,20,0.00,6.53,8.24,47,0.46,0.00,0,0.0,-7.98,18.28,0.00,0.82
30763,14.47,14.00,178,2400,74.90,35.50,6.68,20,0.00,6.82,8.24,47,0.48,0.00,0,0.0,-7.84,19.11,0.00,0.82
30839,14.70,13.92,178,2407,74.90,35.50,6.67,20,0.00,6.96,8.63,47,0.50,0.00,0,0.0,-7.69,19.74,0.00,0.84
30914,14.81,13.92,178,2422,74.90,35.50,7.23,20,0.00,7.25,9.80,47,0.54,0.00,0,0.0,-7.40,20.43,0.00,0.86
30989,14.81,13.92,178,2410,74.90,35.50,7.72,20,0.00,7.69,10.20,47,0.57,0.00,0,0.0,-6.67,22.51,0.00,0.88
31064,14.70,13.84,178,2414,74.90,35.00,7.74,20,0.00,7.98,10.59,47,0.58,0.00,0,0.0,-6.53,23.08,0.00,0.88
31140,14.59,13.84,178,2420,74.90,35.00,7.75,20,0.00,8.13,10.59,47,0.60,0.00,0,0.0,-6.24,23.55,0.00,0.88
31215,14.24,13.92,178,2422,74.90,35.00,8.23,20,0.00,8.56,10.98,47,0.60,0.00,0,0.0,-6.09,24.13,0.00,0.90
31290,14.81,13.92,178,2431,74.90,35.00,8.30,20,0.00,8.71,10.98,47,0.61,0.00,0,0.0,-5.95,24.32,0.00,0.90
31366,14.93,13.84,178,2414,74.90,35.00,8.24,20,0.00,8.71,10.98,47,0.61,0.00,0,0.0,-5.95,24.32,0.00,0.90
31441,14.93,13.92,178,2414,74.90,34.50,8.24,20,0.00,8.85,10.98,47,0.62,0.00,0,0.0,-5.80,24.88,0.00,0.90
31516,15.04,13.84,178,2449,74.90,34.50,8.22,20,0.00,8.85,10.98,47,0.62,0.00,0,0.0,-5.80,24.99,0.00,0.90
31592,15.04,13.92,178,2408,74.90,34.50,8.30,20,0.00,8.85,11.37,47,0.63,0.00,0,0.0,-5.66,24.99,0.00,0.90
31667,14.81,13.84,178,2432,74.90,34.50,8.35,20,0.00,9.00,11.37,47,0.63,0.00,0,0.0,-5.66,25.27,0.00,0.92
31742,14.93,13.84,178,2448,74.90,34.50,8.78,20,0.00,9.14,11.37,47,0.64,0.00,0,0.0,-5.51,25.67,0.00,0.92
31817,15.16,13.92,178,2451,74.90,34.00,8.89,20,0.00,9.29,11.76,47,0.64,0.00,0,0.0,-5.37,26.40,0.00,0.92
31893,15.50,13.84,178,2440,74.90,34.00,9.37,20,0.00,9.29,11.76,47,0.66,0.00,0,0.0,-5.37,26.72,0.00,0.94
31968,15.27,13.84,178,2451,74.90,34.00,8.89,20,0.00,9.43,12.16,47,0.67,0.00,0,0.0,-5.08,26.82,0.00,0.94
32044,15.04,13.84,178,2444,74.90,34.00,9.43,20,0.00,9.58,12.16,47,0.67,0.00,0,0.0,-4.93,27.33,0.00,0.94
32119,15.04,13.76,178,2455,74.90,34.00,9.43,20,0.00,9.72,12.55,47,0.68,0.00,0,0.0,-4.79,27.54,0.00,0.94
32194,14.93,13.84,178,2457,74.90,33.50,9.40,20,0.00,9.87,12.55,47,0.69,0.00,0,0.0,-4.64,28.58,0.00,0.94
32270,14.81,13.84,178,2475,74.90,34.00,9.50,20,0.00,10.01,12.55,47,0.70,0.00,0,0.0,-4.64,28.58,0.00,0.94
32345,14.81,13.84,178,2452,74.90,33.50,9.41,20,0.00,10.16,12.55,47,0.71,0.00,0,0.0,-4.50,28.70,0.00,0.94
32419,14.93,13.84,178,2464,74.90,33.50,9.99,20,0.00,10.16,12.55,47,0.71,0.00,0,0.0,-4.50,29.24,0.00,0.94
32495,14.93,13.84,178,2481,74.90,33.50,10.06,20,0.00,10.16,12.55,47,0.71,0.00,0,0.0,-4.50,28.81,0.00,0.96
32570,14.81,13.84,178,2477,74.90,33.50,9.53,20,0.00,10.16,12.55,47,0.70,0.00,0,0.0,-4.50,29.13,0.00,0.96
32647,14.81,13.84,178,2482,74.90,33.50,10.02,20,0.00,10.16,12.55,47,0.72,0.00,0,0.0,-4.35,29.24,0.00,0.94
32721,14.93,13.92,178,2473,74.90,33.50,10.09,20,0.00,10.30,12.55,47,0.71,0.00,0,0.0,-4.35,29.57,0.00,0.94
32796,14.81,13.76,178,2483,74.90,33.50,10.07,20,0.00,10.30,12.16,47,0.69,0.00,0,0.0,-4.35,29.13,0.00,0.92
32873,14.81,13.84,178,2486,74.90,34.00,9.55,20,0.00,10.01,10.20,47,0.66,0.00,0,0.0,-4.64,27.13,0.00,0.84
32948,14.59,13.84,178,2490,74.90,34.50,9.03,20,0.00,9.43,9.02,48,0.61,0.00,0,0.0,-5.80,23.84,0.00,0.84
33023,14.59,13.92,178,2497,74.90,35.50,7.99,20,0.00,8.85,9.02,48,0.57,0.00,0,0.0,-6.09,22.41,0.00,0.84
33098,14.24,13.92,178,2496,74.90,35.50,7.97,20,0.00,8.56,9.02,48,0.55,0.00,0,0.0,-6.38,22.14,0.00,0.82
33173,14.36,13.84,178,2492,74.90,35.50,7.48,20,0.00,8.27,8.63,48,0.52,0.00,0,0.0,-6.53,21.71,0.00,0.82
33249,14.70,13.84,178,2503,74.90,35.50,7.41,20,0.00,7.98,8.63,48,0.51,0.00,0,0.0,-6.67,21.19,0.00,0.82
33324,14.81,13.84,178,2503,74.90,36.00,6.94,20,0.00,7.84,8.24,48,0.49,0.00,0,0.0,-6.82,20.61,0.00,0.82
33400,14.93,13.84,178,2507,74.90,36.00,7.49,20,0.00,7.69,7.84,48,0.48,0.00,0,0.0,-6.96,19.82,0.00,0.80
33475,14.93,13.84,178,2502,74.90,36.00,6.94,20,0.00,7.40,7.45,48,0.45,0.00,0,0.0,-7.40,19.18,0.00,0.78
33551,14.93,13.84,178,2507,74.90,36.00,6.38,20,0.00,7.25,7.45,48,0.44,0.00,0,0.0,-7.55,18.88,0.00,0.78
33625,14.93,13.84,178,2492,74.90,36.50,6.99,20,0.00,7.11,7.45,48,0.44,0.00,0,0.0,-7.69,18.36,0.00,0.78
33701,15.16,13.92,178,2519,74.90,36.50,6.43,20,0.00,6.96,7.45,48,0.44,0.00,0,0.0,-7.84,18.13,0.00,0.78
33776,15.04,13.92,178,2508,74.90,36.50,6.42,20,0.00,6.82,7.45,48,0.43,0.00,0,0.0,-7.84,18.05,0.00,0.78
33851,14.81,13.92,178,2500,74.90,36.50,6.40,20,0.00,6.82,7.45,48,0.42,0.00,0,0.0,-7.84,18.05,0.00,0.78
33927,14.93,13.92,178,2518,74.90,36.50,6.44,20,0.00,6.67,7.45,48,0.43,0.00,0,0.0,-7.98,17.59,0.00,0.78
34003,14.81,13.92,178,2518,74.90,36.50,6.41,19,0.00,6.67,7.45,48,0.43,0.00,0,0.0,-7.98,17.82,0.00,0.78
34078,14.81,13.92,178,2505,74.90,36.50,6.42,19,0.00,6.67,7.45,48,0.43,0.00,0,0.0,-7.98,17.82,0.00,0.78
34152,14.81,13.92,178,2506,74.90,36.50,6.43,19,0.00,6.67,7.06,48,0.43,0.00,0,0.0,-8.13,17.82,0.00,0.78
34227,14.70,13.92,178,2512,74.90,36.50,7.01,19,0.00,6.53,7.06,48,0.43,0.00,0,0.0,-8.13,17.74,0.00,0.78
34304,14.59,13.92,178,2501,74.90,36.50,6.94,19,0.00,6.53,7.06,48,0.43,0.00,0,0.0,-8.13,17.74,0.00,0.78
34379,14.24,13.92,178,2506,74.90,36.50,6.42,19,0.00,6.53,7.06,48,0.43,0.00,0,0.0,-8.13,17.97,0.00,0.78
34454,14.36,13.84,178,2519,74.90,36.50,6.45,19,0.00,6.53,7.06,48,0.43,0.00,0,0.0,-8.13,17.66,0.00,0.78
34529,14.13,13.92,178,2520,74.90,36.50,6.40,19,0.00,6.53,7.06,48,0.43,0.00,0,0.0,-8.13,18.12,0.00,0.78
34604,14.24,13.92,178,2501,74.90,36.50,6.45,19,0.00,6.53,7.06,48,0.42,0.00,0,0.0,-8.13,17.89,0.00,0.78
34680,14.47,13.84,178,2519,74.90,36.50,6.40,19,0.00,6.53,7.06,48,0.43,0.00,0,0.0,-8.13,17.90,0.00,0.78
34755,14.24,13.84,178,2500,74.90,36.50,6.48,19,0.00,6.53,7.06,48,0.42,0.00,0,0.0,-8.13,17.82,0.00,0.78
34831,14.59,13.84,178,2486,74.90,36.50,6.36,19,0.00,6.53,7.06,48,0.42,0.00,0,0.0,-8.13,17.66,0.00,0.78
34905,14.36,13.84,178,2515,74.90,36.50,6.44,19,0.00,6.53,7.06,48,0.42,0.00,0,0.0,-8.13,17.66,0.00,0.78
34980,14.59,13.84,178,2506,74.90,36.50,6.41,19,0.00,6.53,7.06,48,0.42,0.00,0,0.0,-8.13,17.82,0.00,0.78
35057,14.70,13.92,178,2510,74.90,36.50,6.40,19,0.00,6.53,7.06,48,0.43,0.00,0,0.0,-8.13,17.66,0.00,0.78
35132,14.47,13.84,178,2502,74.90,36.50,6.44,19,0.00,6.53,7.06,48,0.42,0.00,0,0.0,-8.13,17.97,0.00,0.78
35207,14.59,13.84,178,2518,74.90,36.50,6.43,19,0.00,6.53,7.06,48,0.43,0.00,0,0.0,-8.13,17.59,0.00,0.78
35283,14.47,13.84,178,2512,74.90,36.50,6.41,19,0.00,6.53,7.06,48,0.43,0.00,0,0.0,-8.13,17.74,0.00,0.78
35357,14.47,13.84,178,2506,74.90,36.50,6.41,19,0.00,6.53,7.06,48,0.42,0.00,0,0.0,-8.13,17.82,0.00,0.78
35432,14.47,13.84,178,2508,74.90,36.50,6.42,19,0.00,6.53,7.06,48,0.43,0.00,0,0.0,-8.13,17.90,0.00,0.78
35509,14.47,13.84,178,2520,74.90,36.50,6.38,19,0.00,6.53,7.06,48,0.43,0.00,0,0.0,-8.13,17.97,0.00,0.78
35583,14.70,13.84,178,2491,74.90,36.50,6.42,19,0.00,6.53,7.45,48,0.44,0.00,0,0.0,-8.13,18.05,0.00,0.78
35659,14.47,13.92,178,2507,74.90,36.50,6.45,19,0.00,6.53,7.45,48,0.44,0.00,0,0.0,-8.13,18.28,0.00,0.78
35734,14.59,13.84,178,2519,74.90,36.50,6.42,19,0.00,6.53,7.45,48,0.44,0.00,0,0.0,-8.13,17.89,0.00,0.78
35810,14.59,13.84,178,2512,74.90,36.50,6.43,19,0.00,6.67,7.45,48,0.44,0.00,0,0.0,-7.98,18.27,0.00,0.78
35885,14.81,13.84,178,2502,74.90,36.00,6.94,19,0.00,6.67,7.45,48,0.44,0.00,0,0.0,-7.98,18.43,0.00,0.78
35961,14.81,13.84,178,2508,74.90,36.50,6.42,19,0.00,6.67,7.45,48,0.44,0.00,0,0.0,-7.98,18.27,0.00,0.78
36037,14.70,13.84,178,2512,74.90,36.50,6.41,19,0.00,6.67,7.45,48,0.43,0.00,0,0.0,-7.98,18.27,0.00,0.78
36112,14.70,13.84,178,2503,74.90,36.50,6.94,19,0.00,6.67,7.45,48,0.44,0.00,0,0.0,-7.98,18.12,0.00,0.78
36186,14.47,13.84,178,2502,74.90,36.50,6.44,19,0.00,6.67,7.45,48,0.45,0.00,0,0.0,-7.98,18.43,0.00,0.80
36263,14.70,13.84,178,2518,74.90,36.00,6.97,19,0.00,6.82,7.84,48,0.45,0.00,0,0.0,-7.84,18.74,0.00,0.80
36337,14.59,13.92,178,2505,74.90,36.00,6.95,19,0.00,6.82,8.63,48,0.49,0.00,0,0.0,-7.84,19.42,0.00,0.82
36413,14.59,13.84,178,2510,74.90,36.00,7.50,19,0.00,7.11,8.63,48,0.51,0.00,0,0.0,-7.55,20.85,0.00,0.84
36488,14.47,13.84,178,2509,74.90,36.00,7.49,19,0.00,7.25,9.41,48,0.54,0.00,0,0.0,-7.11,21.45,0.00,0.86
36565,14.47,13.84,178,2516,74.90,35.50,8.02,19,0.00,7.55,9.80,48,0.55,0.00,0,0.0,-6.96,22.41,0.00,0.86
36639,14.36,13.84,178,2506,74.90,35.50,8.03,19,0.00,7.69,9.80,48,0.56,0.00,0,0.0,-6.82,22.97,0.00,0.86
36713,14.36,13.84,178,2510,74.90,35.50,8.05,19,0.00,7.84,9.80,48,0.55,0.00,0,0.0,-6.67,22.97,0.00,0.86
36789,14.59,13.84,178,2499,74.90,35.50,8.00,19,0.00,8.13,9.80,48,0.56,0.00,0,0.0,-6.53,22.97,0.00,0.86
36865,14.59,13.84,178,2512,74.90,35.50,8.04,19,0.00,8.13,10.59,48,0.59,0.00,0,0.0,-6.53,23.55,0.00,0.88
36940,14.81,13.84,178,2513,74.90,35.50,8.58,19,0.00,8.27,10.59,48,0.59,0.00,0,0.0,-6.09,24.80,0.00,0.90
37015,14.70,13.84,178,2518,74.90,34.50,9.11,19,0.00,8.56,11.37,48,0.64,0.00,0,0.0,-5.80,25.38,0.00,0.92
37090,14.59,13.84,178,2512,74.90,34.00,9.05,19,0.00,8.85,11.76,48,0.66,0.00,0,0.0,-5.51,26.93,0.00,0.92
37166,14.59,13.84,178,2495,74.90,34.00,9.18,19,0.00,9.14,11.76,48,0.67,0.00,0,0.0,-5.37,27.87,0.00,0.92
37242,14.36,13.84,178,2530,74.90,34.00,9.13,19,0.00,9.43,12.16,48,0.67,0.00,0,0.0,-5.22,27.87,0.00,0.94
37317,14.93,13.84,178,2519,74.90,34.00,9.14,19,0.00,9.58,12.16,48,0.67,0.00,0,0.0,-5.08,28.08,0.00,0.94
37392,15.04,13.84,178,2520,74.90,34.00,9.68,19,0.00,9.72,12.16,48,0.70,0.00,0,0.0,-4.93,28.61,0.00,0.94
37467,15.04,13.84,178,2527,74.90,34.00,9.70,19,0.00,9.72,12.55,48,0.69,0.00,0,0.0,-4.79,29.25,0.00,0.94
37542,14.81,13.84,178,2533,74.90,34.00,9.69,19,0.00,9.87,12.55,48,0.70,0.00,0,0.0,-4.79,29.36,0.00,0.96
37618,14.70,13.84,178,2524,74.90,34.00,9.69,19,0.00,9.87,12.55,48,0.70,0.00,0,0.0,-4.64,29.47,0.00,0.94
37693,14.81,13.84,178,2522,74.90,33.50,10.24,19,0.00,10.01,12.55,48,0.71,0.00,0,0.0,-4.64,30.24,0.00,0.94
37768,14.81,13.84,178,2527,74.90,34.00,10.30,19,0.00,10.01,12.55,48,0.70,0.00,0,0.0,-4.64,29.47,0.00,0.94
37844,14.70,13.84,178,2546,74.90,34.00,9.77,19,0.00,10.16,12.55,48,0.71,0.00,0,0.0,-4.50,29.80,0.00,0.94
37920,14.70,13.84,178,2532,74.90,33.50,10.26,19,0.00,10.16,12.55,48,0.71,0.00,0,0.0,-4.50,30.02,0.00,0.94
37994,14.81,13.92,178,2535,74.90,34.00,10.28,19,0.00,10.16,12.55,48,0.70,0.00,0,0.0,-4.50,29.80,0.00,0.94
38071,14.70,13.92,178,2551,74.90,34.00,10.34,19,0.00,10.16,12.55,49,0.70,0.00,0,0.0,-4.50,30.13,0.00,0.94
38146,14.81,13.84,178,2550,74.90,34.00,10.29,19,0.00,10.16,12.55,49,0.70,0.00,0,0.0,-4.50,29.58,0.00,0.94
38221,14.81,13.84,178,2540,74.90,34.00,10.32,19,0.00,10.16,12.16,49,0.70,0.00,0,0.0,-4.50,29.80,0.00,0.94
38296,14.81,13.84,178,2546,74.90,34.00,9.79,19,0.00,10.01,12.16,49,0.69,0.00,0,0.0,-4.64,29.25,0.00,0.94
38371,14.70,13.84,178,2558,74.90,34.00,9.82,19,0.00,10.01,12.16,49,0.69,0.00,0,0.0,-4.64,29.36,0.00,0.94
38447,14.81,13.84,178,2566,74.90,34.00,9.85,19,0.00,10.01,12.16,49,0.69,0.00,0,0.0,-4.64,29.58,0.00,0.94
38522,14.81,13.84,178,2549,74.90,34.00,9.83,19,0.00,10.01,12.16,49,0.68,0.00,0,0.0,-4.64,29.47,0.00,0.94
38598,14.70,13.84,178,2559,74.90,34.00,9.88,19,0.00,10.01,11.76,49,0.67,0.00,0,0.0,-4.79,29.03,0.00,0.92
38673,14.70,13.84,178,2573,74.90,34.00,9.84,19,0.00,9.87,11.76,49,0.68,0.00,0,0.0,-4.79,28.81,0.00,0.92
38749,14.70,13.84,178,2563,74.90,34.00,9.94,19,0.00,9.72,11.76,49,0.67,0.00,0,0.0,-4.93,28.60,0.00,0.92
38824,14.81,13.76,178,2560,74.90,34.00,9.83,19,0.00,9.72,11.76,49,0.67,0.00,0,0.0,-4.93,28.61,0.00,0.92
38900,14.70,13.92,178,2572,74.90,34.50,9.33,19,0.00,9.72,11.76,49,0.66,0.00,0,0.0,-4.93,28.08,0.00,0.92
38974,14.70,13.84,178,2566,74.90,34.00,9.85,19,0.00,9.58,11.37,49,0.66,0.00,0,0.0,-5.08,28.08,0.00,0.92
39051,14.59,13.92,178,2583,74.90,34.50,9.93,19,0.00,9.58,11.37,50,0.67,0.00,0,0.0,-5.08,28.30,0.00,0.92
39126,14.81,13.84,178,2585,74.90,34.50,9.35,19,0.00,9.58,11.37,50,0.65,0.00,0,0.0,-5.08,27.97,0.00,0.92
39200,14.70,13.84,178,2577,74.90,34.50,9.90,19,0.00,9.58,11.37,50,0.65,0.00,0,0.0,-5.08,28.39,0.00,0.92
39276,14.70,13.84,178,2579,74.90,34.50,9.91,19,0.00,9.43,11.37,50,0.65,0.00,0,0.0,-5.22,28.08,0.00,0.92
39352,14.59,13.84,178,2594,74.90,34.50,9.41,19,0.00,9.43,11.37,50,0.65,0.00,0,0.0,-5.22,27.87,0.00,0.92
39427,14.70,13.84,178,2590,74.90,34.50,9.39,19,0.00,9.43,11.37,50,0.64,0.00,0,0.0,-5.22,27.66,0.00,0.90
39502,14.70,13.84,178,2594,74.90,34.50,9.41,19,0.00,9.43,11.37,50,0.64,0.00,0,0.0,-5.22,28.08,0.00,0.90
39578,14.70,13.84,178,2590,74.90,35.00,9.37,19,0.00,9.43,11.37,50,0.63,0.00,0,0.0,-5.37,27.56,0.00,0.90
39653,14.70,13.92,178,2584,74.90,35.00,9.40,19,0.00,9.29,10.98,50,0.63,0.00,0,0.0,-5.37,27.14,0.00,0.90
39729,14.70,13.92,178,2591,74.90,35.00,9.44,19,0.00,9.14,10.98,50,0.62,0.00,0,0.0,-5.51,26.72,0.00,0.90
39804,14.59,13.84,178,2607,74.90,35.00,9.45,19,0.00,9.14,10.59,50,0.61,0.00,0,0.0,-5.51,26.72,0.00,0.88
39880,14.81,13.92,178,2605,74.90,35.00,8.89,19,0.00,9.00,10.20,50,0.59,0.00,0,0.0,-5.66,25.99,0.00,0.88
39955,14.70,13.84,178,2598,74.90,35.50,8.87,19,0.00,8.85,10.20,50,0.59,0.00,0,0.0,-5.95,25.28,0.00,0.88
40029,14.59,13.92,178,2597,74.90,35.50,8.87,19,0.00,8.71,10.20,50,0.57,0.00,0,0.0,-6.09,25.09,0.00,0.86
40105,14.81,13.92,178,2598,74.90,35.50,8.34,19,0.00,8.56,9.80,50,0.56,0.00,0,0.0,-6.24,24.61,0.00,0.86
40180,14.59,13.84,178,2606,74.90,35.50,8.33,19,0.00,8.42,9.80,50,0.56,0.00,0,0.0,-6.24,24.51,0.00,0.86
40256,14.70,13.92,178,2604,74.90,35.50,8.36,19,0.00,8.27,9.80,50,0.55,0.00,0,0.0,-6.38,24.04,0.00,0.86
40332,14.70,13.92,178,2612,74.90,35.50,8.36,19,0.00,8.27,9.41,50,0.54,0.00,0,0.0,-6.38,23.55,0.00,0.86
40407,14.70,13.92,178,2598,74.90,36.00,8.32,18,0.00,8.13,9.41,50,0.54,0.00,0,0.0,-6.53,23.46,0.00,0.84
40482,14.70,13.84,178,2600,74.90,36.00,8.32,18,0.00,7.98,9.02,50,0.52,0.00,0,0.0,-6.67,22.97,0.00,0.84
40557,14.81,13.92,178,2598,74.90,36.00,7.82,18,0.00,7.98,9.02,50,0.51,0.00,0,0.0,-6.82,22.41,0.00,0.82
40633,14.59,13.92,178,2617,74.90,36.00,7.81,18,0.00,7.84,8.63,50,0.50,0.00,0,0.0,-6.96,22.33,0.00,0.82
40710,14.59,13.92,178,2614,74.90,36.00,7.79,18,0.00,7.69,8.63,50,0.50,0.00,0,0.0,-7.11,21.71,0.00,0.82
40785,14.59,13.84,178,2602,74.90,36.00,7.77,18,0.00,7.40,8.63,50,0.49,0.00,0,0.0,-7.25,21.28,0.00,0.82
40859,14.47,13.84,178,2604,74.90,36.50,7.78,18,0.00,7.40,8.24,50,0.48,0.00,0,0.0,-7.25,20.85,0.00,0.82
40935,14.36,13.92,178,2605,74.90,36.50,7.22,18,0.00,7.40,8.24,50,0.47,0.00,0,0.0,-7.25,20.68,0.00,0.82
41010,14.70,13.84,178,2590,74.90,36.50,7.26,18,0.00,7.25,8.24,50,0.47,0.00,0,0.0,-7.40,20.42,0.00,0.82
41087,14.59,13.92,178,2620,74.90,36.50,7.24,18,0.00,7.25,8.24,50,0.47,0.00,0,0.0,-7.55,20.50,0.00,0.82
41162,14.70,13.92,178,2611,74.90,36.50,7.25,18,0.00,7.11,8.24,50,0.47,0.00,0,0.0,-7.55,19.98,0.00,0.82
41237,14.59,13.84,178,2615,74.90,36.50,7.20,18,0.00,7.11,8.24,50,0.46,0.00,0,0.0,-7.55,20.07,0.00,0.80
41312,14.59,13.92,178,2598,74.90,36.50,7.21,18,0.00,7.11,8.24,50,0.47,0.00,0,0.0,-7.55,20.25,0.00,0.80
41388,14.47,13.84,178,2603,74.90,36.50,7.22,18,0.00,7.11,8.24,50,0.47,0.00,0,0.0,-7.55,20.33,0.00,0.80
41463,14.47,13.84,178,2613,74.90,36.50,7.25,18,0.00,6.96,8.24,50,0.46,0.00,0,0.0,-7.69,20.15,0.00,0.80
41539,14.36,13.92,178,2610,74.90,36.50,7.23,18,0.00,6.96,8.24,50,0.46,0.00,0,0.0,-7.69,19.98,0.00,0.80
41613,14.47,13.84,178,2608,74.90,36.50,7.22,18,0.00,6.96,8.24,50,0.45,0.00,0,0.0,-7.69,20.07,0.00,0.80
41689,14.59,13.92,178,2605,74.90,36.50,7.20,18,0.00,6.96,8.24,50,0.45,0.00,0,0.0,-7.69,19.90,0.00,0.80
41766,14.47,13.84,178,2598,74.90,36.50,7.21,18,0.00,6.82,8.24,50,0.46,0.00,0,0.0,-7.84,19.49,0.00,0.80
41840,14.24,13.92,178,2600,74.90,36.50,7.21,18,0.00,6.82,8.24,50,0.45,0.00,0,0.0,-7.84,19.90,0.00,0.80
41915,14.36,13.84,178,2615,74.90,36.50,7.25,18,0.00,6.96,7.84,50,0.46,0.00,0,0.0,-7.69,19.73,0.00,0.80
41991,14.24,13.84,178,2613,74.90,36.50,7.25,18,0.00,6.82,8.24,50,0.46,0.00,0,0.0,-7.84,19.90,0.00,0.80
42066,14.70,13.84,178,2605,74.90,36.50,7.22,18,0.00,6.82,7.84,50,0.46,0.00,0,0.0,-7.84,19.58,0.00,0.80
42142,14.59,13.84,178,2603,74.90,36.50,7.19,18,0.00,6.82,7.84,50,0.46,0.00,0,0.0,-7.84,19.73,0.00,0.80
42217,14.36,13.92,178,2593,74.90,36.50,7.22,18,0.00,6.82,8.24,50,0.45,0.00,0,0.0,-7.84,19.34,0.00,0.80
42293,14.36,13.76,178,2601,74.90,36.50,7.21,18,0.00,6.82,7.84,50,0.45,0.00,0,0.0,-7.84,19.82,0.00,0.80
42367,14.59,13.92,178,2612,74.90,36.50,7.24,18,0.00,6.82,7.84,50,0.45,0.00,0,0.0,-7.84,19.73,0.00,0.80
42443,14.70,13.84,178,2618,74.90,36.50,7.26,18,0.00,6.82,7.84,50,0.46,0.00,0,0.0,-7.84,19.82,0.00,0.80
42519,14.59,13.92,178,2594,74.90,36.50,7.21,18,0.00,6.82,8.24,50,0.46,0.00,0,0.0,-7.84,19.81,0.00,0.80
42593,14.81,13.92,178,2600,74.90,36.50,7.21,18,0.00,6.82,7.84,50,0.46,0.00,0,0.0,-7.84,19.81,0.00,0.80
42670,14.47,13.84,178,2600,74.90,36.50,7.20,18,0.00,6.82,7.84,50,0.45,0.00,0,0.0,-7.84,19.58,0.00,0.80
42745,14.59,13.84,178,2595,74.90,36.50,7.24,18,0.00,6.82,8.24,50,0.45,0.00,0,0.0,-7.84,19.73,0.00,0.80
42819,14.70,13.84,178,2600,74.90,36.50,7.21,18,0.00,6.82,7.84,50,0.46,0.00,0,0.0,-7.84,19.73,0.00,0.80
42896,14.47,13.84,178,2604,74.90,36.50,7.22,18,0.00,6.82,7.84,50,0.46,0.00,0,0.0,-7.84,19.65,0.00,0.80
42970,14.47,13.92,178,2597,74.90,36.50,7.20,18,0.00,6.82,7.84,50,0.46,0.00,0,0.0,-7.84,19.81,0.00,0.80
43045,14.59,13.92,178,2594,74.90,36.50,7.19,18,0.00,6.82,8.24,50,0.46,0.00,0,0.0,-7.84,19.81,0.00,0.80
43122,14.70,13.92,178,2591,74.90,36.50,7.23,18,0.00,6.82,8.24,50,0.46,0.00,0,0.0,-7.84,19.82,0.00,0.80
43197,14.70,13.92,178,2606,74.90,36.50,7.23,18,0.00,6.82,8.24,50,0.45,0.00,0,0.0,-7.69,19.73,0.00,0.80
43271,14.70,13.92,178,2606,74.90,36.50,7.22,18,0.00,6.82,8.24,50,0.46,0.00,0,0.0,-7.84,19.90,0.00,0.80
43347,14.70,13.92,178,2590,74.90,36.50,7.18,18,0.00,6.96,8.24,50,0.46,0.00,0,0.0,-7.69,19.82,0.00,0.80
43423,14.70,13.92,178,2592,74.90,36.50,7.19,18,0.00,6.96,8.24,50,0.47,0.00,0,0.0,-7.69,19.98,0.00,0.80
43498,14.70,13.92,178,2590,74.90,36.50,7.18,18,0.00,6.96,8.24,50,0.46,0.00,0,0.0,-7.69,19.81,0.00,0.80
43573,14.59,14.00,178,2600,74.90,36.50,7.20,18,0.00,6.96,8.24,50,0.46,0.00,0,0.0,-7.69,19.73,0.00,0.80
43649,14.70,13.92,178,2597,74.90,36.50,7.20,18,0.00,6.96,8.24,50,0.46,0.00,0,0.0,-7.69,19.73,0.00,0.80
43724,14.70,13.92,178,2598,74.90,36.50,7.18,18,0.00,6.96,8.24,50,0.46,0.00,0,0.0,-7.69,19.82,0.00,0.80
43800,14.81,13.92,178,2585,74.90,36.50,7.17,18,0.00,6.96,8.24,50,0.47,0.00,0,0.0,-7.69,19.90,0.00,0.80
43874,14.70,13.92,178,2582,74.90,36.50,7.16,18,0.00,6.96,8.24,50,0.46,0.00,0,0.0,-7.69,19.98,0.00,0.82
43950,14.70,13.84,178,2597,74.90,36.50,7.20,18,0.00,6.96,8.24,50,0.47,0.00,0,0.0,-7.55,20.15,0.00,0.82
44025,14.70,13.92,178,2593,74.90,36.50,7.20,18,0.00,7.11,8.24,50,0.47,0.00,0,0.0,-7.55,20.32,0.00,0.82
44101,14.70,13.92,178,2595,74.90,36.50,7.15,18,0.00,7.11,8.24,50,0.47,0.00,0,0.0,-7.55,20.07,0.00,0.82
44177,14.70,13.84,178,2579,74.90,36.00,7.17,18,0.00,7.11,8.24,50,0.48,0.00,0,0.0,-7.55,20.68,0.00,0.82
44252,14.47,13.92,178,2585,74.90,36.50,7.16,18,0.00,7.11,8.24,50,0.48,0.00,0,0.0,-7.55,20.67,0.00,0.82
44326,14.59,13.84,178,2589,74.90,36.50,7.18,18,0.00,7.11,8.24,50,0.48,0.00,0,0.0,-7.55,20.50,0.00,0.82
44402,14.70,13.84,178,2587,74.90,36.00,7.17,18,0.00,7.11,8.24,50,0.48,0.00,0,0.0,-7.55,20.76,0.00,0.82
44477,14.70,13.84,178,2569,74.90,36.00,7.13,18,0.00,7.11,8.24,50,0.48,0.00,0,0.0,-7.40,20.94,0.00,0.82
44553,14.47,13.92,178,2581,74.90,36.00,7.68,18,0.00,7.25,8.24,50,0.49,0.00,0,0.0,-7.40,20.85,0.00,0.82
44628,14.70,13.92,178,2573,74.90,36.00,7.17,18,0.00,7.25,8.63,50,0.49,0.00,0,0.0,-7.40,21.03,0.00,0.82
44704,14.59,13.92,178,2584,74.90,36.00,7.74,18,0.00,7.25,8.63,50,0.49,0.00,0,0.0,-7.40,21.20,0.00,0.82
44779,14.70,13.92,178,2590,74.90,36.00,7.73,18,0.00,7.25,8.63,50,0.49,0.00,0,0.0,-7.40,21.28,0.00,0.82
44855,14.59,13.92,178,2574,74.90,36.00,7.69,18,0.00,7.25,8.63,50,0.49,0.00,0,0.0,-7.40,21.28,0.00,0.82
44930,14.70,13.92,178,2571,74.90,36.00,7.68,18,0.00,7.40,8.63,50,0.51,0.00,0,0.0,-7.25,21.54,0.00,0.82
45005,14.59,13.92,178,2574,74.90,36.00,7.73,18,0.00,7.40,9.02,50,0.52,0.00,0,0.0,-7.11,21.71,0.00,0.84
45081,14.70,13.92,178,2589,74.90,36.00,7.71,18,0.00,7.55,9.41,50,0.52,0.00,0,0.0,-6.96,22.06,0.00,0.84
45156,14.59,13.84,178,2582,74.90,36.00,7.69,18,0.00,7.69,9.41,50,0.53,0.00,0,0.0,-6.96,22.78,0.00,0.86
45232,14.70,13.84,178,2574,74.90,35.50,8.24,18,0.00,7.84,9.80,50,0.54,0.00,0,0.0,-6.82,23.36,0.00,0.86
45306,14.59,13.92,178,2572,74.90,35.50,8.23,18,0.00,7.98,9.80,50,0.55,0.00,0,0.0,-6.67,23.65,0.00,0.86
45383,14.70,13.84,178,2584,74.90,35.50,8.27,18,0.00,7.98,10.20,50,0.56,0.00,0,0.0,-6.67,23.65,0.00,0.86
45457,14.59,13.84,178,2581,74.90,35.50,8.26,18,0.00,8.13,10.20,50,0.57,0.00,0,0.0,-6.53,24.23,0.00,0.86
45534,14.81,13.84,178,2589,74.90,35.50,8.22,18,0.00,8.13,10.20,50,0.57,0.00,0,0.0,-6.38,24.51,0.00,0.88
45608,15.04,13.84,178,2568,74.90,35.50,8.24,18,0.00,8.27,10.20,50,0.58,0.00,0,0.0,-6.38,24.42,0.00,0.88
45684,14.93,13.92,178,2574,74.90,35.50,8.23,18,0.00,8.27,10.20,50,0.57,0.00,0,0.0,-6.24,24.61,0.00,0.88
45760,14.93,13.76,178,2572,74.90,35.50,8.26,18,0.00,8.42,10.20,50,0.57,0.00,0,0.0,-6.24,24.80,0.00,0.88
45834,14.81,13.92,178,2590,74.90,35.50,8.29,18,0.00,8.42,10.20,50,0.58,0.00,0,0.0,-6.24,24.80,0.00,0.88
45911,15.04,13.76,178,2568,74.90,35.50,8.77,18,0.00,8.42,10.20,50,0.59,0.00,0,0.0,-6.24,25.09,0.00,0.88
45986,14.93,13.84,178,2578,74.90,35.50,8.80,18,0.00,8.42,10.20,50,0.59,0.00,0,0.0,-6.09,25.47,0.00,0.88
46062,14.81,13.84,178,2575,74.90,35.50,8.81,18,0.00,8.56,10.20,50,0.58,0.00,0,0.0,-6.09,24.99,0.00,0.88
46137,14.70,13.84,178,2582,74.90,35.50,8.83,18,0.00,8.56,10.20,50,0.59,0.00,0,0.0,-6.09,25.09,0.00,0.88
46212,14.81,13.92,178,2586,74.90,35.50,8.83,18,0.00,8.56,10.20,50,0.59,0.00,0,0.0,-6.09,25.38,0.00,0.88
46287,14.81,13.92,178,2582,74.90,35.50,8.81,18,0.00,8.56,10.20,50,0.59,0.00,0,0.0,-6.09,25.48,0.00,0.88
46363,14.81,13.92,178,2580,74.90,35.50,8.81,18,0.00,8.56,10.20,50,0.59,0.00,0,0.0,-6.09,25.09,0.00,0.88
46438,14.70,13.92,178,2579,74.90,35.50,8.80,18,0.00,8.56,10.20,50,0.59,0.00,0,0.0,-6.09,25.19,0.00,0.88
46514,14.70,13.84,178,2590,74.90,35.50,8.85,18,0.00,8.56,10.20,50,0.59,0.00,0,0.0,-6.09,25.19,0.00,0.88
46588,14.70,13.92,178,2593,74.90,35.50,8.81,18,0.00,8.56,10.20,50,0.59,0.00,0,0.0,-6.09,25.38,0.00,0.88
46664,14.81,13.92,178,2580,74.90,35.50,8.81,18,0.00,8.56,10.20,50,0.60,0.00,0,0.0,-6.09,25.48,0.00,0.88
46739,14.81,13.92,178,2581,74.90,35.50,8.80,18,0.00,8.56,10.20,50,0.58,0.00,0,0.0,-6.09,25.09,0.00,0.88
46816,14.70,13.92,178,2592,74.90,35.50,8.85,18,0.00,8.56,10.20,50,0.59,0.00,0,0.0,-6.09,25.47,0.00,0.88
46891,14.59,13.92,178,2593,74.90,35.50,8.85,18,0.00,8.56,10.20,50,0.58,0.00,0,0.0,-6.09,25.48,0.00,0.88
46967,14.70,13.92,178,2590,74.90,35.50,8.84,18,0.00,8.56,10.20,50,0.58,0.00,0,0.0,-6.09,25.38,0.00,0.88
47043,14.70,13.84,178,2582,74.90,35.50,8.82,18,0.00,8.56,10.20,50,0.58,0.00,0,0.0,-6.09,25.00,0.00,0.88
47118,14.70,13.84,178,2584,74.90,35.50,8.81,18,0.00,8.56,10.20,50,0.58,0.00,0,0.0,-6.09,25.09,0.00,0.88
47194,14.59,13.92,178,2582,74.90,35.50,8.84,18,0.00,8.56,10.20,50,0.58,0.00,0,0.0,-6.09,24.90,0.00,0.88
47268,14.70,13.84,178,2594,74.90,35.50,8.85,18,0.00,8.42,10.20,50,0.57,0.00,0,0.0,-6.24,24.51,0.00,0.86
47344,14.59,13.92,178,2597,74.90,35.50,8.31,18,0.00,8.42,10.20,50,0.56,0.00,0,0.0,-6.24,24.51,0.00,0.86
47419,14.59,13.92,178,2583,74.90,35.50,8.27,18,0.00,8.42,10.20,50,0.57,0.00,0,0.0,-6.38,24.51,0.00,0.86
47495,14.70,13.92,178,2583,74.90,35.50,8.27,18,0.00,8.27,10.20,50,0.56,0.00,0,0.0,-6.38,24.32,0.00,0.86
47570,14.59,13.92,178,2588,74.90,35.50,8.30,18,0.00,8.27,10.20,50,0.57,0.00,0,0.0,-6.38,24.51,0.00,0.86
47645,14.70,13.84,178,2592,74.90,35.50,8.31,18,0.00,8.27,9.80,50,0.56,0.00,0,0.0,-6.38,24.13,0.00,0.86
47720,14.59,13.92,178,2598,74.90,35.50,8.30,18,0.00,8.27,10.20,50,0.55,0.00,0,0.0,-6.38,23.74,0.00,0.86
47796,14.81,13.84,178,2589,74.90,35.50,8.28,18,0.00,8.27,10.20,50,0.56,0.00,0,0.0,-6.38,24.23,0.00,0.86
47871,14.70,13.92,178,2590,74.90,35.50,8.29,18,0.00,8.27,9.80,50,0.56,0.00,0,0.0,-6.38,24.04,0.00,0.86
47946,14.81,13.84,178,2582,74.90,35.50,8.26,18,0.00,8.27,9.80,50,0.56,0.00,0,0.0,-6.38,24.13,0.00,0.86
48022,14.59,13.84,178,2601,74.90,35.50,8.32,18,0.00,8.27,9.80,50,0.56,0.00,0,0.0,-6.38,24.22,0.00,0.86
48098,14.70,13.92,178,2600,74.90,35.50,8.31,18,0.00,8.27,9.80,50,0.56,0.00,0,0.0,-6.38,24.32,0.00,0.86
48173,14.70,13.84,178,2598,74.90,35.50,8.27,18,0.00,8.27,9.80,50,0.56,0.00,0,0.0,-6.38,24.32,0.00,0.86
48248,14.59,13.84,178,2585,74.90,35.50,8.28,18,0.00,8.27,9.80,50,0.56,0.00,0,0.0,-6.38,23.94,0.00,0.86
48323,14.59,13.92,178,2586,74.90,35.50,8.28,18,0.00,8.27,9.80,50,0.54,0.00,0,0.0,-6.38,23.94,0.00,0.86
48398,14.70,13.92,178,2603,74.90,35.50,8.33,18,0.00,8.27,9.80,50,0.55,0.00,0,0.0,-6.38,23.94,0.00,0.86
48474,14.70,13.92,178,2595,74.90,35.50,8.30,18,0.00,8.27,9.80,50,0.55,0.00,0,0.0,-6.53,23.94,0.00,0.86
48549,14.93,13.92,178,2607,74.90,35.50,8.27,18,0.00,8.13,9.80,50,0.55,0.00,0,0.0,-6.53,23.74,0.00,0.86
48624,14.81,13.92,178,2584,74.90,35.50,8.31,18,0.00,8.13,9.80,50,0.56,0.00,0,0.0,-6.53,23.65,0.00,0.86
48700,14.59,13.76,178,2596,74.90,35.50,8.27,18,0.00,8.13,9.80,50,0.55,0.00,0,0.0,-6.53,23.85,0.00,0.86
48775,14.59,13.84,178,2597,74.90,35.50,8.31,18,0.00,8.13,9.80,50,0.55,0.00,0,0.0,-6.53,23.85,0.00,0.86
48851,14.70,13.84,178,2600,74.90,35.50,8.32,18,0.00,8.13,9.80,50,0.55,0.00,0,0.0,-6.53,23.65,0.00,0.86
48926,14.59,13.92,178,2598,74.90,35.50,8.31,18,0.00,8.13,9.80,50,0.54,0.00,0,0.0,-6.53,23.74,0.00,0.86
49002,14.59,13.84,178,2585,74.90,35.50,8.29,18,0.00,8.13,9.80,50,0.55,0.00,0,0.0,-6.53,23.65,0.00,0.86
49078,14.70,13.84,178,2590,74.90,35.50,8.27,18,0.00,8.13,9.80,50,0.56,0.00,0,0.0,-6.53,24.04,0.00,0.86
49152,14.70,13.92,178,2583,74.90,35.50,8.34,18,0.00,8.13,9.80,50,0.54,0.00,0,0.0,-6.53,23.93,0.00,0.86
49229,14.70,13.84,178,2608,74.90,35.50,8.29,18,0.00,8.27,9.80,50,0.55,0.00,0,0.0,-6.38,23.74,0.00,0.86
49304,14.59,13.92,178,2598,74.90,35.50,8.31,18,0.00,8.13,9.80,50,0.56,0.00,0,0.0,-6.53,24.13,0.00,0.86
49379,14.70,13.84,178,2584,74.90,35.50,8.27,18,0.00,8.13,9.80,50,0.55,0.00,0,0.0,-6.53,23.74,0.00,0.86
49454,14.59,13.92,178,2590,74.90,35.50,8.29,18,0.00,8.27,9.80,50,0.56,0.00,0,0.0,-6.38,23.94,0.00,0.86
49529,14.70,13.84,178,2586,74.90,35.50,8.32,18,0.00,8.27,9.80,50,0.56,0.00,0,0.0,-6.38,24.04,0.00,0.86
49605,14.70,13.92,178,2600,74.90,35.50,8.36,18,0.00,8.27,10.20,50,0.56,0.00,0,0.0,-6.38,24.32,0.00,0.86
49680,14.70,13.84,178,2613,74.90,35.50,8.32,18,0.00,8.27,10.20,50,0.58,0.00,0,0.0,-6.38,24.61,0.00,0.88
49756,14.47,13.84,178,2601,74.90,35.50,8.87,18,0.00,8.42,10.20,50,0.58,0.00,0,0.0,-6.24,24.99,0.00,0.88
49831,14.70,13.84,178,2592,74.90,35.50,8.85,18,0.00,8.42,10.59,50,0.59,0.00,0,0.0,-6.24,25.47,0.00,0.88
49906,14.47,13.92,178,2598,74.90,35.50,8.87,18,0.00,8.56,10.59,50,0.60,0.00,0,0.0,-6.09,25.67,0.00,0.90
49982,14.59,13.84,178,2610,74.90,35.50,8.91,18,0.00,8.71,10.98,50,0.60,0.00,0,0.0,-5.95,25.98,0.00,0.90
50057,14.47,13.92,178,2597,74.90,35.00,9.45,18,0.00,8.71,10.98,50,0.61,0.00,0,0.0,-5.80,25.99,0.00,0.90
50134,14.70,13.84,178,2605,74.90,35.00,9.39,18,0.00,8.85,10.98,50,0.62,0.00,0,0.0,-5.80,26.93,0.00,0.90
50209,14.81,13.92,178,2590,74.90,35.00,9.43,18,0.00,9.00,10.98,50,0.63,0.00,0,0.0,-5.66,27.35,0.00,0.90
50284,14.70,13.92,178,2598,74.90,35.00,9.42,18,0.00,9.00,10.98,50,0.62,0.00,0,0.0,-5.66,27.04,0.00,0.90
50360,14.36,13.92,178,2600,74.90,35.00,8.87,18,0.00,9.00,11.37,50,0.63,0.00,0,0.0,-5.66,26.82,0.00,0.90
50434,14.70,13.92,178,2615,74.90,35.00,9.48,18,0.00,9.14,11.37,50,0.63,0.00,0,0.0,-5.51,27.35,0.00,0.90
50510,14.70,13.92,178,2607,74.90,35.00,9.44,18,0.00,9.14,11.37,50,0.63,0.00,0,0.0,-5.51,27.25,0.00,0.92
50586,14.59,13.92,178,2602,74.90,34.50,9.42,18,0.00,9.14,11.37,50,0.64,0.00,0,0.0,-5.51,27.45,0.00,0.92
50661,14.81,13.92,178,2598,74.90,34.50,9.98,18,0.00,9.14,11.37,50,0.65,0.00,0,0.0,-5.37,28.60,0.00,0.92
50735,14.70,13.92,178,2600,74.90,34.50,9.46,18,0.00,9.43,11.76,50,0.67,0.00,0,0.0,-5.22,28.50,0.00,0.94
50812,14.59,13.92,178,2608,74.90,34.00,10.01,18,0.00,9.58,12.94,50,0.70,0.00,0,0.0,-5.08,29.47,0.00,0.96
50886,14.70,13.92,178,2623,74.90,33.50,10.63,18,0.00,9.87,14.12,50,0.76,0.00,0,0.0,-4.79,31.46,0.00,1.02
50962,14.47,13.92,178,2618,74.90,32.50,11.73,18,0.00,10.45,14.90,50,0.81,0.00,0,0.0,-3.77,34.53,0.00,1.04
51037,14.47,13.84,178,2611,74.90,30.50,12.27,18,0.00,10.88,15.69,50,0.85,0.00,0,0.0,-3.19,35.75,0.00,1.06
51114,14.13,13.84,178,2615,74.90,29.50,12.82,18,0.00,11.46,16.47,50,0.89,0.00,0,0.0,-2.90,36.98,0.00,1.08
51188,14.24,13.92,178,2613,74.90,29.50,13.42,18,0.00,11.75,16.86,50,0.91,0.00,0,0.0,-2.47,39.84,0.00,1.08
51264,14.36,13.84,178,2638,74.90,29.00,12.94,18,0.00,12.48,17.25,50,0.93,0.00,0,0.0,-2.18,40.39,0.00,1.10
51339,14.24,13.92,178,2637,74.90,28.50,13.50,18,0.00,12.77,17.65,50,0.96,0.00,0,0.0,-1.89,41.35,0.00,1.12
51414,14.47,13.92,178,2642,74.90,27.00,14.09,18,0.00,13.06,18.04,50,0.98,0.00,0,0.0,-1.60,42.72,0.00,1.14
51490,14.36,13.84,178,2651,74.90,26.00,14.06,18,0.00,13.20,18.43,50,1.00,0.00,0,0.0,-1.16,43.54,0.00,1.14
51565,14.24,13.84,178,2636,74.90,25.00,14.67,18,0.00,13.49,18.82,50,1.02,0.00,0,0.0,-1.02,43.96,0.00,1.16
51641,14.36,13.84,178,2644,74.90,24.00,14.70,18,0.00,13.64,18.82,50,1.03,0.00,0,0.0,-0.73,45.68,0.00,1.16
51715,14.36,13.84,178,2650,74.90,23.00,15.29,18,0.00,13.93,19.22,50,1.05,0.00,0,6.8,-0.58,46.92,0.00,1.16
51791,14.47,13.84,178,2658,74.90,23.50,15.31,18,0.00,14.36,19.22,51,1.08,0.00,0,16.5,-0.29,46.75,0.00,1.16
51866,14.36,13.84,178,2674,74.90,22.50,15.40,18,0.00,14.36,19.22,51,1.08,0.00,0,25.3,-0.29,48.14,0.00,1.16
51942,14.36,13.84,178,2676,74.90,21.50,15.99,18,0.00,14.51,19.61,51,1.11,0.00,0,33.1,0.00,48.90,0.00,1.16
52018,14.24,13.84,178,2687,74.90,20.50,16.00,18,0.00,14.65,19.61,51,1.12,0.00,0,35.7,0.15,49.64,0.00,1.18
52092,14.36,13.76,178,2678,100.00,20.50,16.17,18,0.00,14.80,19.61,51,1.12,0.00,0,36.5,0.29,50.10,0.00,1.18
52168,14.36,13.76,178,2707,100.00,19.50,16.68,18,0.00,14.95,19.61,51,1.14,0.00,0,37.3,0.44,51.28,0.00,1.18
52244,14.36,13.76,178,2696,100.00,19.50,16.14,18,0.00,15.09,19.61,52,1.15,0.00,0,38.0,0.44,51.51,0.00,1.16
52319,14.13,13.68,178,2704,100.00,19.00,16.15,18,0.00,15.24,19.22,52,1.16,0.00,0,38.5,0.58,52.02,0.00,1.16
52394,14.13,13.76,178,2700,100.00,19.00,16.13,18,0.00,15.24,19.22,52,1.15,0.00,0,38.9,0.58,52.03,0.00,1.16
52470,14.24,13.76,178,2706,100.00,19.00,16.17,18,0.00,15.24,19.22,52,1.15,0.00,0,39.3,0.73,52.17,0.00,1.16
52544,14.24,13.76,178,2712,100.00,19.00,16.24,18,0.00,15.38,18.82,52,1.16,0.00,0,39.3,0.73,51.98,0.00,1.14
52620,14.36,13.84,178,2719,100.00,19.00,16.25,18,0.00,15.38,18.43,52,1.15,0.00,0,39.1,0.58,52.36,0.00,1.14
52695,14.47,13.76,178,2720,100.00,19.50,16.36,18,0.00,15.24,18.43,52,1.15,0.00,0,38.8,0.58,52.59,0.00,1.14
52771,14.47,13.84,178,2723,100.00,19.50,16.27,18,0.00,15.24,18.43,52,1.15,0.00,0,39.1,0.58,52.09,0.00,1.14
52846,14.47,13.76,178,2733,100.00,19.00,16.91,18,0.00,15.24,18.43,52,1.16,0.00,0,39.2,0.58,52.83,0.00,1.14
52921,14.47,13.84,178,2755,100.00,19.50,16.46,18,0.00,15.24,18.43,52,1.16,0.00,0,39.2,0.58,52.69,0.00,1.14
52997,14.36,13.76,178,2737,100.00,20.00,16.49,18,0.00,15.24,18.43,52,1.14,0.00,0,39.1,0.58,52.39,0.00,1.14
53072,14.47,13.76,178,2761,100.00,19.00,16.46,18,0.00,15.24,18.43,52,1.16,0.00,0,39.1,0.58,52.46,0.00,1.14
53147,14.47,13.76,178,2756,100.00,20.00,16.47,18,0.00,15.24,18.43,52,1.15,0.00,0,38.9,0.58,52.62,0.00,1.14
53223,14.47,13.76,178,2757,100.00,20.00,16.56,18,0.00,15.24,18.04,52,1.14,0.00,0,38.8,0.58,52.92,0.00,1.12
53298,14.47,13.76,178,2770,100.00,20.00,16.55,18,0.00,15.24,18.04,52,1.13,0.00,0,38.6,0.58,52.57,0.00,1.12
53374,14.59,13.76,178,2784,100.00,20.00,16.63,18,0.00,15.24,18.04,52,1.14,0.00,0,38.1,0.58,52.95,0.00,1.12
53450,14.59,13.76,178,2783,100.00,20.00,16.62,18,0.00,15.09,18.04,52,1.13,0.00,0,37.6,0.44,52.73,0.00,1.12
53525,14.47,13.84,178,2800,100.00,21.00,16.17,18,0.00,15.09,17.65,52,1.12,0.00,0,37.6,0.44,52.54,0.00,1.12
53600,14.59,13.84,178,2807,100.00,21.00,16.25,18,0.00,15.09,17.65,53,1.12,0.00,0,37.2,0.29,52.30,0.00,1.12
53675,14.59,13.84,178,2821,100.00,21.00,16.19,18,0.00,14.95,17.65,53,1.12,0.00,0,36.6,0.29,52.36,0.00,1.12
53750,14.59,13.84,178,2811,100.00,21.50,16.26,18,0.00,14.95,17.65,53,1.10,0.00,0,36.1,0.29,51.78,0.00,1.10
53826,14.59,13.84,178,2820,100.00,22.00,16.25,18,0.00,14.80,17.65,53,1.09,0.00,0,35.4,0.15,51.43,0.00,1.10
53901,14.59,13.76,178,2836,100.00,22.00,16.34,18,0.00,14.65,17.25,53,1.08,0.00,0,35.1,0.00,51.59,0.00,1.10
53977,14.36,13.84,178,2832,100.00,22.50,16.31,18,0.00,14.65,17.25,53,1.08,0.00,0,32.1,0.00,51.43,0.00,1.10
54052,14.24,13.84,178,2829,100.00,22.50,16.33,18,0.00,14.65,17.25,53,1.08,0.00,0,28.2,0.00,50.79,0.00,1.10
54127,14.47,13.84,178,2834,100.00,23.50,15.72,17,0.00,14.65,17.25,54,1.06,0.00,0,26.2,-0.15,50.16,0.00,1.10
54202,14.59,13.76,178,2834,100.00,23.00,15.77,17,0.00,14.51,17.25,54,1.06,0.00,0,24.3,-0.15,50.76,0.00,1.10
54278,14.47,13.84,178,2862,100.00,24.00,15.88,18,0.00,14.51,16.86,54,1.06,0.00,0,22.4,-0.15,49.92,0.00,1.10
54353,14.59,13.84,178,2867,100.00,23.50,15.90,18,0.00,14.36,16.86,54,1.05,0.00,0,19.4,-0.29,50.09,0.00,1.10
54429,14.70,13.84,178,2869,100.00,24.50,15.91,18,0.00,14.36,16.86,54,1.04,0.00,0,14.6,-0.29,49.68,0.00,1.10
54505,14.59,13.76,178,2877,74.90,25.00,15.28,17,0.00,14.36,16.86,54,1.02,0.00,0,11.7,-0.44,49.53,0.00,1.08
54580,14.70,13.92,178,2864,74.90,25.50,15.33,17,0.00,14.22,16.86,55,1.02,0.00,0,7.8,-0.44,48.89,0.00,1.08
54655,14.70,14.00,178,2874,74.90,26.00,15.36,17,0.00,14.22,16.47,55,1.00,0.00,0,1.0,-0.58,48.21,0.00,1.08
54731,14.81,13.84,178,2880,74.90,26.00,15.44,17,0.00,13.93,16.47,55,0.99,0.00,0,0.0,-0.73,47.64,0.00,1.08
54806,14.93,13.84,178,2896,74.90,26.00,15.45,17,0.00,13.93,16.47,55,0.98,0.00,0,0.0,-0.73,47.34,0.00,1.06
54881,14.93,13.84,178,2901,74.90,27.00,14.85,17,0.00,13.78,16.08,55,0.97,0.00,0,0.0,-0.87,46.58,0.00,1.06
54957,14.93,13.84,178,2893,74.90,27.50,14.81,17,0.00,13.64,15.69,55,0.95,0.00,0,0.0,-1.31,45.68,0.00,1.04
55031,14.81,13.92,178,2894,74.90,30.00,13.61,17,0.00,13.35,12.94,56,0.88,0.00,0,0.0,-2.18,45.08,0.00,0.96
55106,14.81,13.92,178,2900,74.90,32.50,12.43,17,0.00,12.48,11.37,56,0.81,0.00,0,0.0,-3.19,38.74,0.00,0.90
55182,14.13,13.92,178,2912,74.90,34.00,11.20,17,0.00,11.46,10.20,56,0.71,0.00,0,0.0,-4.06,31.35,0.00,0.86
55257,13.78,13.92,178,2916,74.90,35.50,9.95,17,0.00,9.72,8.63,56,0.61,0.00,0,0.0,-4.93,26.82,0.00,0.82
55333,14.13,14.00,178,2906,74.90,36.00,8.68,17,0.00,8.71,8.24,56,0.54,0.00,0,0.0,-5.95,24.04,0.00,0.80
55409,14.24,13.84,178,2908,74.90,36.50,8.06,17,0.00,8.13,7.84,56,0.45,0.00,0,0.0,-6.82,24.04,0.00,0.80
55484,14.36,13.84,178,2910,74.90,37.00,8.07,17,0.00,7.84,7.84,56,0.45,0.00,0,0.0,-7.11,22.61,0.00,0.80
55560,14.81,13.92,178,2927,74.90,37.50,6.84,17,0.00,7.55,7.84,56,0.43,0.00,0,0.0,-7.25,21.45,0.00,0.80
55635,15.39,13.84,178,2917,74.90,37.50,7.48,17,0.00,7.40,7.84,56,0.43,0.00,0,0.0,-7.40,20.68,0.00,0.80
55710,15.39,13.92,178,2922,74.90,37.50,7.45,17,0.00,7.11,7.45,56,0.41,0.00,0,0.0,-7.55,20.59,0.00,0.80
55785,15.39,13.84,178,2901,74.90,37.50,7.43,17,0.00,6.96,7.45,56,0.41,0.00,0,0.0,-7.69,20.42,0.00,0.78
55861,15.16,13.92,178,2918,74.90,37.50,6.85,17,0.00,6.82,7.45,56,0.40,0.00,0,0.0,-7.84,19.65,0.00,0.78
55937,15.16,13.84,178,2914,74.90,37.50,6.84,17,0.00,6.67,7.45,56,0.40,0.00,0,0.0,-7.98,19.81,0.00,0.78
56012,15.04,13.92,178,2912,74.90,38.00,6.80,17,0.00,6.67,7.45,56,0.40,0.00,0,0.0,-8.13,19.34,0.00,0.78
56088,14.93,14.00,178,2896,74.90,37.50,6.80,17,0.00,6.53,7.06,56,0.40,0.00,0,0.0,-8.13,19.27,0.00,0.78
56162,14.70,13.92,178,2899,74.90,37.00,6.78,17,0.00,6.53,7.06,56,0.39,0.00,0,0.0,-8.27,18.58,0.00,0.78
56237,14.81,13.92,178,2890,74.90,37.00,6.83,17,0.00,6.24,6.67,56,0.38,0.00,0,0.0,-8.42,18.27,0.00,0.76
56313,14.81,13.92,178,2904,74.90,37.00,6.82,17,0.00,6.24,6.67,56,0.37,0.00,0,0.0,-8.42,18.12,0.00,0.76
56389,14.93,13.92,178,2912,74.90,37.00,6.83,17,0.00,6.09,6.67,56,0.36,0.00,0,0.0,-8.56,18.28,0.00,0.76
56464,14.93,14.00,178,2896,74.90,36.50,6.18,17,0.00,6.09,6.67,56,0.36,0.00,0,0.0,-8.71,17.59,0.00,0.76
56539,14.81,13.92,178,2896,74.90,36.50,6.17,17,0.00,5.95,6.27,56,0.36,0.00,0,0.0,-8.71,17.36,0.00,0.76
56614,14.81,14.08,178,2892,74.90,36.50,6.19,17,0.00,5.95,6.67,56,0.36,0.00,0,0.0,-8.71,17.52,0.00,0.76
56689,14.81,13.92,178,2904,74.90,36.50,6.19,17,0.00,5.95,6.67,56,0.36,0.00,0,0.0,-8.71,17.22,0.00,0.76
56765,14.70,13.92,178,2908,74.90,36.50,6.20,17,0.00,5.95,6.27,56,0.36,0.00,0,0.0,-8.71,17.36,0.00,0.76
56840,14.81,13.92,178,2884,74.90,36.50,6.15,17,0.00,5.80,6.67,56,0.36,0.00,0,0.0,-8.85,17.29,0.00,0.76
56916,14.81,13.92,178,2890,74.90,36.50,6.17,17,0.00,5.80,6.27,56,0.35,0.00,0,0.0,-8.85,17.66,0.00,0.76
56991,14.81,14.00,178,2883,74.90,36.50,6.15,17,0.00,5.80,6.27,56,0.36,0.00,0,0.0,-8.85,17.44,0.00,0.76
57066,14.59,14.00,178,2899,74.90,36.50,6.19,17,0.00,5.80,6.67,56,0.36,0.00,0,0.0,-8.85,17.51,0.00,0.76
57142,14.59,13.92,178,2904,74.90,36.50,6.18,17,0.00,5.80,6.27,56,0.36,0.00,0,0.0,-8.85,17.21,0.00,0.76
57217,14.59,13.92,178,2898,74.90,36.50,6.13,17,0.00,5.80,6.27,56,0.36,0.00,0,0.0,-8.85,17.29,0.00,0.76
57293,14.81,13.92,178,2870,74.90,36.50,6.12,17,0.00,5.80,6.27,56,0.35,0.00,0,0.0,-8.85,17.00,0.00,0.74
57370,14.70,13.92,178,2889,74.90,36.50,6.16,17,0.00,5.80,6.27,56,0.35,0.00,0,0.0,-8.85,17.14,0.00,0.74
57444,14.70,13.92,178,2880,74.90,36.50,6.14,17,0.00,5.66,6.27,56,0.35,0.00,0,0.0,-9.00,16.86,0.00,0.74
57519,14.81,14.00,178,2901,74.90,36.50,6.16,17,0.00,5.66,6.27,56,0.35,0.00,0,0.0,-9.00,16.86,0.00,0.74
57595,14.93,13.92,178,2888,74.90,36.50,6.16,17,0.00,5.66,6.27,56,0.35,0.00,0,0.0,-9.00,16.93,0.00,0.74
57670,14.93,13.92,178,2886,74.90,36.00,6.13,17,0.00,5.66,6.27,56,0.35,0.00,0,0.0,-9.00,16.66,0.00,0.74
57745,14.81,14.00,178,2872,74.90,36.00,6.12,17,0.00,5.66,6.27,56,0.35,0.00,0,0.0,-9.00,16.73,0.00,0.74
57820,14.70,13.92,178,2877,74.90,36.50,6.14,17,0.00,5.66,6.27,56,0.35,0.00,0,0.0,-9.00,16.86,0.00,0.74
57896,14.81,14.00,178,2888,74.90,36.00,6.16,17,0.00,5.66,6.27,56,0.35,0.00,0,0.0,-9.00,16.80,0.00,0.74
57971,14.81,13.92,178,2881,74.90,36.00,6.15,17,0.00,5.66,6.27,56,0.35,0.00,0,0.0,-9.00,16.79,0.00,0.74
58047,14.81,13.92,178,2883,74.90,36.50,6.14,17,0.00,5.66,6.27,56,0.35,0.00,0,0.0,-9.00,16.73,0.00,0.74
58123,14.81,14.00,178,2877,74.90,36.00,6.12,17,0.00,5.66,6.27,56,0.35,0.00,0,0.0,-9.00,16.86,0.00,0.74
58199,14.81,13.92,178,2868,74.90,36.00,6.11,17,0.00,5.66,6.27,56,0.35,0.00,0,0.0,-9.00,16.93,0.00,0.74
58274,14.70,14.00,178,2861,74.90,36.50,6.10,17,0.00,5.66,6.27,56,0.35,0.00,0,0.0,-9.00,17.00,0.00,0.74
58350,14.81,14.00,178,2874,74.90,36.50,6.13,17,0.00,5.66,6.27,56,0.36,0.00,0,0.0,-9.00,16.93,0.00,0.74
58424,14.70,13.92,178,2874,74.90,36.00,6.13,17,0.00,5.66,6.27,56,0.35,0.00,0,0.0,-9.00,16.79,0.00,0.74
58500,14.59,14.08,178,2871,74.90,36.00,6.13,17,0.00,5.66,5.88,56,0.35,0.00,0,0.0,-9.00,16.73,0.00,0.74
58575,14.59,13.92,178,2871,74.90,36.00,6.10,17,0.00,5.66,6.27,56,0.35,0.00,0,0.0,-9.00,16.79,0.00,0.74
58650,14.81,14.00,178,2858,74.90,36.50,6.08,17,0.00,5.66,6.27,56,0.36,0.00,0,0.0,-9.00,17.00,0.00,0.74
58727,14.81,13.92,178,2850,74.90,36.50,6.09,17,0.00,5.66,6.27,56,0.36,0.00,0,0.0,-9.00,16.86,0.00,0.74
58802,14.70,13.92,178,2850,74.90,36.00,6.08,17,0.00,5.66,6.27,56,0.35,0.00,0,0.0,-9.00,16.73,0.00,0.74
58877,14.70,13.92,178,2869,74.90,36.00,6.12,17,0.00,5.66,6.27,56,0.35,0.00,0,0.0,-9.00,16.80,0.00,0.74
58952,14.70,14.00,178,2864,74.90,36.50,6.11,17,0.00,5.66,6.27,56,0.36,0.00,0,0.0,-9.00,16.93,0.00,0.74
59027,14.81,13.92,178,2867,74.90,36.00,6.10,17,0.00,5.66,6.27,56,0.35,0.00,0,0.0,-9.00,16.93,0.00,0.74
59104,14.70,13.84,178,2860,74.90,36.00,6.06,17,0.00,5.66,6.27,56,0.35,0.00,0,0.0,-9.00,16.79,0.00,0.74
59179,14.81,13.92,178,2843,74.90,36.00,6.08,17,0.00,5.66,6.27,56,0.35,0.00,0,0.0,-9.00,16.73,0.00,0.74
59254,14.81,13.92,178,2840,74.90,36.00,6.06,17,0.00,5.66,6.27,55,0.36,0.00,0,0.0,-9.00,16.79,0.00,0.74
59330,14.81,13.84,178,2838,74.90,36.50,6.06,17,0.00,5.66,6.27,55,0.36,0.00,0,0.0,-9.00,16.86,0.00,0.74
59406,14.70,13.84,178,2836,74.90,36.50,6.05,17,0.00,5.66,6.27,55,0.35,0.00,0,0.0,-9.00,16.93,0.00,0.74
59480,14.59,13.92,178,2857,74.90,36.50,6.09,17,0.00,5.66,6.27,55,0.35,0.00,0,0.0,-9.00,16.93,0.00,0.74
59556,14.59,13.92,178,2855,74.90,36.00,6.09,17,0.00,5.66,5.88,55,0.35,0.00,0,0.0,-9.00,16.73,0.00,0.74
59632,14.59,13.92,178,2856,74.90,36.00,6.05,17,0.00,5.66,6.27,55,0.36,0.00,0,0.0,-9.00,16.66,0.00,0.74
59707,14.81,13.92,178,2838,74.90,36.50,6.07,17,0.00,5.66,5.88,55,0.35,0.00,0,0.0,-9.00,16.93,0.00,0.74
59783,14.81,13.92,178,2829,74.90,36.00,6.04,17,0.00,5.66,5.88,55,0.35,0.00,0,0.0,-9.00,16.73,0.00,0.74
59859,14.70,13.92,178,2833,74.90,36.00,6.04,17,0.00,5.66,5.88,55,0.35,0.00,0,0.0,-9.00,16.66,0.00,0.74
59933,14.70,13.92,178,2830,74.90,36.00,6.04,17,0.00,5.66,5.88,55,0.35,0.00,0,0.0,-9.14,16.52,0.00,0.74
60009,14.70,14.00,178,2835,74.90,36.00,6.03,17,0.00,5.51,5.88,55,0.35,0.00,0,0.0,-9.14,16.38,0.00,0.74
60084,14.70,14.00,178,2828,74.90,36.00,6.06,17,0.00,5.51,5.88,55,0.34,0.00,0,0.0,-9.14,16.38,0.00,0.74
60160,14.70,14.00,178,2838,74.90,35.50,6.05,17,0.00,5.51,5.88,55,0.34,0.00,0,0.0,-9.14,16.24,0.00,0.74
60235,14.70,13.92,178,2838,74.90,35.50,6.06,17,0.00,5.51,5.88,55,0.34,0.00,0,0.0,-9.14,16.11,0.00,0.72
60310,14.70,14.00,178,2838,74.90,35.50,6.05,17,0.00,5.37,5.49,55,0.33,0.00,0,0.0,-9.29,15.83,0.00,0.72
60386,14.70,13.92,178,2836,74.90,35.50,6.05,17,0.00,5.37,5.49,55,0.33,0.00,0,0.0,-9.29,15.83,0.00,0.72
60460,14.70,14.00,178,2813,74.90,35.50,5.40,17,0.00,5.37,5.49,55,0.33,0.00,0,0.0,-9.29,15.50,0.00,0.72
60536,14.70,13.92,178,2824,74.90,35.50,5.40,17,0.00,5.37,5.49,55,0.33,0.00,0,0.0,-9.29,15.42,0.00,0.72
60611,14.70,13.92,178,2815,74.90,35.50,5.41,17,0.00,5.37,5.49,55,0.32,0.00,0,0.0,-9.29,15.28,0.00,0.72
60688,14.81,14.08,178,2820,74.90,35.50,5.40,17,0.00,5.37,5.10,55,0.33,0.00,0,0.0,-9.29,15.28,0.00,0.72
60763,14.81,13.84,178,2816,74.90,35.50,6.01,17,0.00,5.37,5.10,55,0.33,0.00,0,0.0,-9.29,15.42,0.00,0.72
60837,14.70,13.92,178,2821,74.90,35.50,5.42,17,0.00,5.22,5.10,55,0.33,0.00,0,0.0,-9.43,15.14,0.00,0.72
60912,14.70,13.92,178,2825,74.90,35.50,5.42,17,0.00,5.37,5.10,55,0.33,0.00,0,0.0,-9.43,15.22,0.00,0.72
60987,14.70,14.00,178,2824,74.90,35.00,5.42,17,0.00,5.22,5.10,55,0.32,0.00,0,0.0,-9.43,15.36,0.00,0.72
